UniProt	KEGG name
#!{Type}	Categorical
Q60888;B9EJ08;Q7TRA8;Q8VEP7	Olfactory transduction
Q8VBW9	Olfactory transduction
Q60885;Q8VGC0	Olfactory transduction
P68510;P11576;P70198;Q3TGZ9	Cell cycle;Oocyte meiosis;Neurotrophin signaling pathway
P68254;P35216;Q3TW69;Q3UJN5;Q5SP76;Q5U423;Q66JR6	Cell cycle;Oocyte meiosis;Neurotrophin signaling pathway
Q9CQV8;O70455;Q3TY33;Q3UAN6	Cell cycle;Oocyte meiosis;Neurotrophin signaling pathway
P61982;O70457;P35214;Q3UFD6;Q4FK44;Q9UDP2;Q9UN99	Cell cycle;Oocyte meiosis;Neurotrophin signaling pathway
Q60996;O35708;Q6TQF7;Q99KW8;Q99N67;Q99N68	mRNA surveillance pathway;Meiosis - yeast;Oocyte meiosis;Wnt signaling pathway
P63101;P35215;P70197;P97286;Q3TSF1;Q5EBQ1	Cell cycle;Oocyte meiosis;Neurotrophin signaling pathway
Q925E7;Q6ZPN5	mRNA surveillance pathway;Cell cycle - yeast;Tight junction;Chagas disease (American trypanosomiasis);Hepatitis C
Q7TNP2;E9QNJ1	mRNA surveillance pathway;Cell cycle - yeast;Meiosis - yeast;Oocyte meiosis;Wnt signaling pathway;TGF-beta signaling pathway;Tight junction;Long-term depression;Chagas disease (American trypanosomiasis);Hepatitis C
P62259;P29360;P42655;Q63631	Cell cycle;Oocyte meiosis;Neurotrophin signaling pathway
Q6PD03;Q8R1U7	mRNA surveillance pathway;Meiosis - yeast;Oocyte meiosis;Wnt signaling pathway
Q8BG02	mRNA surveillance pathway;Cell cycle - yeast;Tight junction;Chagas disease (American trypanosomiasis);Hepatitis C
Q6PD28;Q3V3S8;Q8R342	mRNA surveillance pathway;Meiosis - yeast;Oocyte meiosis;Wnt signaling pathway
O70456;Q3TEZ1	Cell cycle;p53 signaling pathway;Aldosterone-regulated sodium reabsorption
Q6ZWR4;Q3UF60;Q8K413;Q9D3B7;Q9D6I1	mRNA surveillance pathway;Cell cycle - yeast;Tight junction;Chagas disease (American trypanosomiasis);Hepatitis C
Q6P1F6	mRNA surveillance pathway;Cell cycle - yeast;Tight junction;Chagas disease (American trypanosomiasis);Hepatitis C
Q61767	Steroid hormone biosynthesis
Q76MZ3	mRNA surveillance pathway;Cell cycle - yeast;Meiosis - yeast;Oocyte meiosis;Wnt signaling pathway;TGF-beta signaling pathway;Tight junction;Long-term depression;Chagas disease (American trypanosomiasis);Hepatitis C
Q61151;Q3V1I5;Q571M6;Q8C2M2	mRNA surveillance pathway;Meiosis - yeast;Oocyte meiosis;Wnt signaling pathway
Q61694;Q91X27	Steroid hormone biosynthesis
O35469;Q3UQN7	Steroid hormone biosynthesis
P24815;Q7TQ00	Steroid hormone biosynthesis
Q78JT3;Q52L88	Tryptophan metabolism
Q9EQC1;A2RTR5	Primary bile acid biosynthesis
Q99L13;Q8BJY2	Valine, leucine and isoleucine degradation
P26149;B1ARN7;Q8R0J6	Steroid hormone biosynthesis
Q04841;A2AVE7;Q64182	Base excision repair
P10852;G3UWA6;Q54AH5	Protein digestion and absorption
Q6W049;E9PVA1	Olfactory transduction
Q60876;Q3TDS8;Q9CZ40	RNA transport;ErbB signaling pathway;mTOR signaling pathway;Insulin signaling pathway;Acute myeloid leukemia
P32304;Q14A50	Calcium signaling pathway;Neuroactive ligand-receptor interaction
Q02284	Neuroactive ligand-receptor interaction
P28334	Neuroactive ligand-receptor interaction
Q64264;Q60956;Q61617;Q8BGS4	Neuroactive ligand-receptor interaction
P97288;O89003;O89004;Q3URB5;Q9R2A4	Calcium signaling pathway;Neuroactive ligand-receptor interaction
Q02152;Q8JZK5;Q9QWS2	Calcium signaling pathway;Neuroactive ligand-receptor interaction;Gap junction
P30966;Q3URB0	Calcium signaling pathway;Neuroactive ligand-receptor interaction
Q61503;Q3U3S1	Purine metabolism;Pyrimidine metabolism;Nicotinate and nicotinamide metabolism
A3KFX0;B2RVQ9	Purine metabolism;Pyrimidine metabolism;Nicotinate and nicotinamide metabolism
Q91YE9;E9QNH2;Q91Y48	Purine metabolism;Pyrimidine metabolism;Nicotinate and nicotinamide metabolism
Q61224;Q3ZB48;Q61615;Q8BUW7	Neuroactive ligand-receptor interaction
P35363	Calcium signaling pathway;Neuroactive ligand-receptor interaction;Gap junction
P34968;B1ATN5;Q5WRU6	Calcium signaling pathway;Neuroactive ligand-receptor interaction;Gap junction
Q9D020;Q8CI05;Q9D0D9	Purine metabolism;Pyrimidine metabolism;Nicotinate and nicotinamide metabolism
Q3V1L4;Q6P223;Q8BZ43;Q9D8G6	Purine metabolism;Pyrimidine metabolism;Nicotinate and nicotinamide metabolism
Q9DCD0;Q3UD80	Pentose phosphate pathway;Glutathione metabolism
Q9CQ60;Q3TA62	Pentose phosphate pathway
P07758;Q3UJ47;Q80YB8;Q8JZV6;Q91XB8	Complement and coagulation cascades
P22599;Q61283;Q80ZH5;Q8VC20	Complement and coagulation cascades
Q00896;P81105;Q91V74;Q91WH5;Q91XC1	Complement and coagulation cascades
Q00897	Complement and coagulation cascades
Q00898;Q3UJ83;Q545P1	Complement and coagulation cascades
Q6GQT1;E9QMQ7;Q811S0	Complement and coagulation cascades
Q67BJ4	Glycosphingolipid biosynthesis - globo series
Q61247	Complement and coagulation cascades
Q60612;Q8BGU7;Q9WUF9	Neuroactive ligand-receptor interaction
Q60613;Q2NLC1	Calcium signaling pathway;Neuroactive ligand-receptor interaction;Vascular smooth muscle contraction
Q9D2R0;A1IG47;Q3TCL8;Q3UD39	Butanoate metabolism
P58742;Q544M6	RNA transport
Q9WVM8	Lysine biosynthesis;Lysine degradation;Tryptophan metabolism
Q60614;Q8BXI2	Calcium signaling pathway;Neuroactive ligand-receptor interaction;Vascular smooth muscle contraction
P12023;P97487;P97942;Q99K32	Alzheimer's disease
Q8BGM7;Q0VG42;Q80WK8;Q8CJ41	Insulin signaling pathway;Adipocytokine signaling pathway;Hypertrophic cardiomyopathy (HCM)
Q9R078;Q91YN6	Insulin signaling pathway;Adipocytokine signaling pathway;Hypertrophic cardiomyopathy (HCM)
Q5EG47	Regulation of autophagy;mTOR signaling pathway;Insulin signaling pathway;Adipocytokine signaling pathway;Hypertrophic cardiomyopathy (HCM)
Q6PAM0	Insulin signaling pathway;Adipocytokine signaling pathway;Hypertrophic cardiomyopathy (HCM)
O54950;Q5PRE8	Insulin signaling pathway;Adipocytokine signaling pathway;Hypertrophic cardiomyopathy (HCM)
Q99K67;Q9Z1I9	Lysine biosynthesis;Lysine degradation
P05201;Q3UJH8	Alanine, aspartate and glutamate metabolism;Cysteine and methionine metabolism;Arginine and proline metabolism;Tyrosine metabolism;Phenylalanine metabolism;Phenylalanine, tyrosine and tryptophan biosynthesis
Q8BRK8;B1ASQ8;Q3UYM4	Regulation of autophagy;mTOR signaling pathway;Insulin signaling pathway;Adipocytokine signaling pathway;Hypertrophic cardiomyopathy (HCM)
Q91WG5;E9QK80;Q6V7V5	Insulin signaling pathway;Adipocytokine signaling pathway;Hypertrophic cardiomyopathy (HCM)
P05202;O09188;Q3TIP6;Q3UD91;Q5HZH5	Alanine, aspartate and glutamate metabolism;Cysteine and methionine metabolism;Arginine and proline metabolism;Tyrosine metabolism;Phenylalanine metabolism;Phenylalanine, tyrosine and tryptophan biosynthesis;Fat digestion and absorption
P70170;O08902;O08920;P70171	ABC transporters
Q8K442;A2AB96;Q6PAV3;Q8C0A9;Q8R0R4	ABC transporters
Q8R420;Q3U3L4	ABC transporters
Q9JI39;Q542P7;Q9D0C7	ABC transporters
Q8K440;A2AM55;Q69ZY4;Q8BRQ1;Q9JL38	ABC transporters
Q8K449;A2A6R5;Q8C114	ABC transporters
B5X0E4;W5QLL5	ABC transporters
P55096	ABC transporters;Peroxisome
Q91WA9;Q8K4E1;Q8VBS9	ABC transporters
O89016;E9QKU3	ABC transporters;Peroxisome
E9Q876	ABC transporters
Q9QY30;A2AUN4;Q9QZE8	ABC transporters;Bile secretion
Q64343	ABC transporters
Q99PE8;Q540E8	ABC transporters;Fat digestion and absorption;Bile secretion
Q9DC29;Q3U7N5;Q3UAZ6	ABC transporters
P41233;B1AWZ8	ABC transporters;Fat digestion and absorption
Q5SSE9;Q80T20;Q8BHZ2;Q8CB91	ABC transporters
P48410;Q9QY41;Q9QZ32	ABC transporters;Peroxisome
O35600	ABC transporters
Q9DBM0;Q8R543	ABC transporters;Fat digestion and absorption;Bile secretion
Q8K448;Q3TE17;Q3UUB4;Q6P1Y0;Q6ZPG4;Q810C7;Q8BM46;Q8BXG7	ABC transporters
Q61285;A0A0R4J0U5;Q8BQ63;Q8C4B6	ABC transporters;Peroxisome
Q7TMS5;Q9R004;Q9Z1T0	ABC transporters;Bile secretion
Q61102;A2AC46;Q3U7S8	ABC transporters
Q8K441;A2A6R3;Q8BGH0;Q8BPT1	ABC transporters
Q99P81;Q8BKI5	ABC transporters
P51908;Q99L67	Atrazine degradation
Q9JJ59;Q8CHA1;Q9D212;Q9JIN1	ABC transporters;Lysosome
Q91V24;Q9JL36	ABC transporters
Q9WV35	Atrazine degradation
Q69ZX8;Q52KR1;Q6PAI7	Axon guidance
Q8K4G5;Q80U86;Q8BIR9;Q8K4G3;Q8K4G4	Axon guidance
P00520;P97896;Q61252;Q61253;Q61254;Q61255;Q61256;Q61257;Q61258;Q61259;Q61260;Q61261;Q6PCM5;Q8C1X4	ErbB signaling pathway;Cell cycle;Axon guidance;Neurotrophin signaling pathway;Pathogenic Escherichia coli infection;Shigellosis;Pathways in cancer;Chronic myeloid leukemia;Viral myocarditis
Q8BL65;B2RUF8;Q6H8P8;Q80WK6;Q8BUT1;Q8BXI7	Axon guidance
P62484;Q6PHU3	Regulation of actin cytoskeleton
Q8K2H4;Q3U441;Q571H6	Endocytosis
Q2XU92	Fatty acid metabolism;PPAR signaling pathway;Peroxisome;Adipocytokine signaling pathway
P45952;Q64235	Fatty acid metabolism;Valine, leucine and isoleucine degradation;beta-Alanine metabolism;Propanoate metabolism;PPAR signaling pathway
Q6ZQK5;Q3UHL4;Q811F3;Q9CTS8	Endocytosis
Q9D7B6;Q8BK36;Q8BKQ8;Q8CFY9;Q9D2L8	Valine, leucine and isoleucine degradation
Q8JZN5;Q3ULL9;Q8BK76;Q8C0B5	Geraniol degradation;Naphthalene degradation
Q07417;Q91W85	Fatty acid metabolism;Valine, leucine and isoleucine degradation;Butanoate metabolism
Q99J27;Q9WTN1	Glycosphingolipid biosynthesis - ganglio series
Q5SWU9;A2A6H4;Q5SWU6;Q5SWU7;Q5SWU8;Q6JIZ1;Q6PHL9;Q705X8;Q705X9;Q91VC8;Q925C4;Q925C5	Fatty acid biosynthesis;Pyruvate metabolism;Propanoate metabolism;Insulin signaling pathway
P51174;B2KGC6;O35302;Q8QZR6;Q9CU29;Q9DB83	Fatty acid metabolism;PPAR signaling pathway
P31786	PPAR signaling pathway
P50544;O35289;O55133	Fatty acid metabolism
E9Q4Z2;Q6JIZ0	Fatty acid biosynthesis;Pyruvate metabolism;Propanoate metabolism;Insulin signaling pathway
Q9DBL1	Fatty acid metabolism;Valine, leucine and isoleucine degradation
Q8R4G9;Q8BV44	Neuroactive ligand-receptor interaction
Q8R4X1;A1L3S2	Sphingolipid metabolism
Q8R0I0;Q99N70;Q99N71	Renin-angiotensin system;Protein digestion and absorption
Q8VD53;Q6PB92;Q8BUG3	Sphingolipid metabolism
O70174;Q8BHE9;Q8VI10;Q9ET51	Neuroactive ligand-receptor interaction
P21836	Glycerophospholipid metabolism
P49582	Calcium signaling pathway;Neuroactive ligand-receptor interaction
Q9D099;Q542R2;Q9D0X4;Q9D3J4	Sphingolipid metabolism
Q91X60	Neuroactive ligand-receptor interaction
P20782	Neuroactive ligand-receptor interaction
Q9ERK7;Q8BGP7	Neuroactive ligand-receptor interaction
Q2MKA5;Q6PW45	Neuroactive ligand-receptor interaction
P09690;Q5F292	Neuroactive ligand-receptor interaction
Q8BMN3;Q8R5H3;Q9CYK8	Neuroactive ligand-receptor interaction
Q9R0W9;Q3UEY4;Q8K0A7	Neuroactive ligand-receptor interaction
P09470;P22967;Q6GTS2	Renin-angiotensin system;Chagas disease (American trypanosomiasis);Hypertrophic cardiomyopathy (HCM)
P02716;Q61267	Neuroactive ligand-receptor interaction
Q8R493;Q8VI06	Neuroactive ligand-receptor interaction
P04756	Neuroactive ligand-receptor interaction
Q9JIX8;B8JJ87;Q9CSN7;Q9CSR9;Q9CSX7;Q9R046;Q9R047	RNA transport;mRNA surveillance pathway;Spliceosome
Q9QUI6;O35970;Q91VB6;Q920X0;Q920X1;Q920X2;Q920X3	Malaria
Q9ERZ4;E9Q9P0	Calcium signaling pathway;Neuroactive ligand-receptor interaction;Regulation of actin cytoskeleton
Q920H4;A2AHU3;Q0VBI9	Calcium signaling pathway;Neuroactive ligand-receptor interaction;Regulation of actin cytoskeleton
Q91V92	Citrate cycle (TCA cycle);Carbon fixation pathways in prokaryotes
P56485;Q91WI0	Cytokine-cytokine receptor interaction
Q9ERZ3;Q64055	Calcium signaling pathway;Neuroactive ligand-receptor interaction;Regulation of actin cytoskeleton;Salivary secretion;Gastric acid secretion;Pancreatic secretion
Q8R519;B9EI97;Q3UNW3	Tryptophan metabolism
P12657;Q52KQ0;Q8BJN3	Calcium signaling pathway;Neuroactive ligand-receptor interaction;Regulation of actin cytoskeleton
P32211;Q64056	Neuroactive ligand-receptor interaction;Regulation of actin cytoskeleton
Q9QYR9;Q3T9C9	Biosynthesis of unsaturated fatty acids
Q9QYR7;Q6Q2Z7	Biosynthesis of unsaturated fatty acids
Q9DBK0;Q544M5;Q8R108	Pyruvate metabolism
Q9R0H0;A2A850;O35616;Q3TDG0;Q8BYC3	Fatty acid metabolism;alpha-Linolenic acid metabolism;Biosynthesis of unsaturated fatty acids;PPAR signaling pathway;Peroxisome
Q8BWN8;Q8BJQ1;Q8BL20;Q9QYR8	Biosynthesis of unsaturated fatty acids
P28271;Q3TQ15;Q99K54	Citrate cycle (TCA cycle);Glyoxylate and dicarboxylate metabolism;Carbon fixation pathways in prokaryotes
Q6Q2Z6;E9QKJ5	Biosynthesis of unsaturated fatty acids
P13516;Q922I6	Biosynthesis of unsaturated fatty acids;PPAR signaling pathway
Q99KI0;Q3UDK9;Q3ULG9;Q3UNH7;Q505P4	Citrate cycle (TCA cycle);Glyoxylate and dicarboxylate metabolism;Carbon fixation pathways in prokaryotes
P58137;Q8VHM4	Peroxisome
Q9CR21;Q9D726;Q9D7V5	Oxidative phosphorylation;Alzheimer's disease;Parkinson's disease;Huntington's disease
Q9QXD1;Q8VCB0	Primary bile acid biosynthesis;PPAR signaling pathway;Peroxisome
Q9EPL9;Q7TPP6;Q80UQ0	Fatty acid metabolism;alpha-Linolenic acid metabolism;Biosynthesis of unsaturated fatty acids;PPAR signaling pathway;Peroxisome
O55137;Q549A9	Biosynthesis of unsaturated fatty acids
Q99NB1;Q8K0M6	Glycolysis / Gluconeogenesis;Pyruvate metabolism;Propanoate metabolism;Methane metabolism;Carbon fixation pathways in prokaryotes
Q9QXG4;Q8BK97	Glycolysis / Gluconeogenesis;Pyruvate metabolism;Propanoate metabolism;Methane metabolism;Carbon fixation pathways in prokaryotes
Q91VA0;Q3UED4	Butanoate metabolism
Q8K0L3;Q3TNC6;Q3US47;Q8R1L3;Q96LX4	Butanoate metabolism
P41216;Q6GTG6;Q9DBK5	Fatty acid metabolism;PPAR signaling pathway;Peroxisome;Adipocytokine signaling pathway
Q3UNX5;Q8BRY2;Q91WI1;Q9Z2F3;Q9Z2X0	Butanoate metabolism
Q9CZW4;Q8K1J7	Fatty acid metabolism;PPAR signaling pathway;Peroxisome;Adipocytokine signaling pathway
Q80W40	Butanoate metabolism
Q8BGA8;Q8BJS0;Q8BM02;Q8BWQ8;Q8BWS7	Butanoate metabolism
Q9QUJ7;Q5D071;Q9JHT4;Q9R0H3	Fatty acid metabolism;PPAR signaling pathway;Peroxisome;Adipocytokine signaling pathway
P62737;P03996;P04108	Vascular smooth muscle contraction
Q14DH7;Q8BZX0	Propanoate metabolism
P63268;P12718	Vascular smooth muscle contraction
P68033;P04270	Cardiac muscle contraction;Hypertrophic cardiomyopathy (HCM);Dilated cardiomyopathy
Q8JZR0	Fatty acid metabolism;PPAR signaling pathway;Peroxisome;Adipocytokine signaling pathway
Q7TPR4	Focal adhesion;Adherens junction;Tight junction;Leukocyte transendothelial migration;Regulation of actin cytoskeleton;Amoebiasis;Systemic lupus erythematosus;Arrhythmogenic right ventricular cardiomyopathy (ARVC)
P63260;P02571;P14104;P99022	Phagosome;Focal adhesion;Adherens junction;Tight junction;Leukocyte transendothelial migration;Phototransduction - fly;Regulation of actin cytoskeleton;Bacterial invasion of epithelial cells;Vibrio cholerae infection;Pathogenic Escherichia coli infection;Shigellosis;Hypertrophic cardiomyopathy (HCM);Arrhythmogenic right ventricular cardiomyopathy (ARVC);Dilated cardiomyopathy;Viral myocarditis
Q91WC3;Q80ZF1	Fatty acid metabolism;PPAR signaling pathway;Peroxisome;Adipocytokine signaling pathway
P60710;P02570;P70514;P99021;Q11211;Q3TI89;Q3TVP6;Q64316;Q6ZWM3	Phagosome;Focal adhesion;Adherens junction;Tight junction;Leukocyte transendothelial migration;Phototransduction - fly;Regulation of actin cytoskeleton;Bacterial invasion of epithelial cells;Vibrio cholerae infection;Pathogenic Escherichia coli infection;Shigellosis;Hypertrophic cardiomyopathy (HCM);Arrhythmogenic right ventricular cardiomyopathy (ARVC);Dilated cardiomyopathy;Viral myocarditis
Q9JI91;G3UW84	Focal adhesion;Adherens junction;Tight junction;Leukocyte transendothelial migration;Regulation of actin cytoskeleton;Amoebiasis;Systemic lupus erythematosus;Arrhythmogenic right ventricular cardiomyopathy (ARVC)
Q64326	Neuroactive ligand-receptor interaction
O88990;Q14DS8	Focal adhesion;Adherens junction;Tight junction;Leukocyte transendothelial migration;Regulation of actin cytoskeleton;Amoebiasis;Systemic lupus erythematosus;Arrhythmogenic right ventricular cardiomyopathy (ARVC)
P57780	Focal adhesion;Adherens junction;Tight junction;Leukocyte transendothelial migration;Regulation of actin cytoskeleton;Amoebiasis;Systemic lupus erythematosus;Arrhythmogenic right ventricular cardiomyopathy (ARVC)
P37172;Q3UDH5;Q91VF1	Cytokine-cytokine receptor interaction;TGF-beta signaling pathway
Q61271	Cytokine-cytokine receptor interaction
Q8R3P0;Q5SV07;Q9D876;Q9DCE2;Q9JIN8	Alanine, aspartate and glutamate metabolism;Histidine metabolism
P56376;Q0VG40;Q545K8;Q6P8S7	Pyruvate metabolism;Aminobenzoate degradation
Q91XE4;Q3UP59;Q9DD17	Alanine, aspartate and glutamate metabolism;Histidine metabolism
P56375;Q5SPV7;Q8BQX2	Pyruvate metabolism;Aminobenzoate degradation
Q99JW2;Q9CR15	Arginine and proline metabolism
Q01338;Q3URE6	Neuroactive ligand-receptor interaction
Q01337	Neuroactive ligand-receptor interaction
P97718;O54913;Q8BV77	Calcium signaling pathway;Neuroactive ligand-receptor interaction;Vascular smooth muscle contraction;Salivary secretion
O35598;B8JJJ0	Alzheimer's disease;Epithelial cell signaling in Helicobacter pylori infection
P30545;F8VQ23	Neuroactive ligand-receptor interaction
Q8C0I1	Ether lipid metabolism;Peroxisome
Q9Z0F8;O88726;Q505A7;Q9R1U4;Q9Z0K3	Notch signaling pathway;Alzheimer's disease;Epithelial cell signaling in Helicobacter pylori infection
Q91WF3	Purine metabolism;Calcium signaling pathway;Chemokine signaling pathway;Oocyte meiosis;Vascular smooth muscle contraction;Gap junction;Taste transduction;GnRH signaling pathway;Progesterone-mediated oocyte maturation;Melanogenesis;Salivary secretion;Gastric acid secretion;Pancreatic secretion;Bile secretion;Dilated cardiomyopathy
P51830;Q61279	Purine metabolism;Calcium signaling pathway;Chemokine signaling pathway;Oocyte meiosis;Vascular smooth muscle contraction;Gap junction;GnRH signaling pathway;Progesterone-mediated oocyte maturation;Melanogenesis;Endocrine and other factor-regulated calcium reabsorption;Vasopressin-regulated water reabsorption;Salivary secretion;Gastric acid secretion;Pancreatic secretion;Bile secretion;Vibrio cholerae infection;Dilated cardiomyopathy
P03958	Purine metabolism;Primary immunodeficiency
Q8C0T9;B2RRJ9;Q3V0F8	Purine metabolism
O88444;Q5SS89	Purine metabolism;Calcium signaling pathway;Chemokine signaling pathway;Oocyte meiosis;Vascular smooth muscle contraction;Gap junction;Long-term potentiation;GnRH signaling pathway;Progesterone-mediated oocyte maturation;Melanogenesis;Salivary secretion;Gastric acid secretion;Pancreatic secretion;Bile secretion;Chagas disease (American trypanosomiasis);Amoebiasis;Dilated cardiomyopathy
P84309;Q3TU67;Q3UH09;Q5BL06	Purine metabolism;Chemokine signaling pathway;Oocyte meiosis;Vascular smooth muscle contraction;Gap junction;GnRH signaling pathway;Progesterone-mediated oocyte maturation;Melanogenesis;Salivary secretion;Gastric acid secretion;Pancreatic secretion;Bile secretion;Dilated cardiomyopathy
Q8VHH7;B8JK57	Purine metabolism;Calcium signaling pathway;Chemokine signaling pathway;Oocyte meiosis;Vascular smooth muscle contraction;Gap junction;Olfactory transduction;GnRH signaling pathway;Progesterone-mediated oocyte maturation;Melanogenesis;Vasopressin-regulated water reabsorption;Salivary secretion;Gastric acid secretion;Pancreatic secretion;Bile secretion;Vibrio cholerae infection;Dilated cardiomyopathy
P51829;Q3U3P2	Purine metabolism;Calcium signaling pathway;Chemokine signaling pathway;Oocyte meiosis;Vascular smooth muscle contraction;Gap junction;GnRH signaling pathway;Progesterone-mediated oocyte maturation;Melanogenesis;Salivary secretion;Gastric acid secretion;Pancreatic secretion;Bile secretion;Dilated cardiomyopathy
P97490;G3X8V9	Purine metabolism;Calcium signaling pathway;Chemokine signaling pathway;Oocyte meiosis;Vascular smooth muscle contraction;Gap junction;Long-term potentiation;Taste transduction;GnRH signaling pathway;Progesterone-mediated oocyte maturation;Melanogenesis;Salivary secretion;Gastric acid secretion;Pancreatic secretion;Bile secretion;Dilated cardiomyopathy
P00329	Glycolysis / Gluconeogenesis;Fatty acid metabolism;Tyrosine metabolism;Retinol metabolism;Metabolism of xenobiotics by cytochrome P450;Drug metabolism - cytochrome P450
Q64437	Glycolysis / Gluconeogenesis;Fatty acid metabolism;Tyrosine metabolism;Retinol metabolism;Metabolism of xenobiotics by cytochrome P450;Drug metabolism - cytochrome P450
Q9QYY9;Q3V0P5	Glycolysis / Gluconeogenesis;Fatty acid metabolism;Tyrosine metabolism;Retinol metabolism;Metabolism of xenobiotics by cytochrome P450;Drug metabolism - cytochrome P450
Q8VC66;Q8BG59;Q8C7X0;Q8K2F7	Adherens junction
P28474;Q3TW83;Q8C662	Glycolysis / Gluconeogenesis;Fatty acid metabolism;Tyrosine metabolism;Chloroalkane and chloroalkene degradation;Naphthalene degradation;Methane metabolism;Retinol metabolism;Metabolism of xenobiotics by cytochrome P450;Drug metabolism - cytochrome P450
P18762;Q8BH38	Calcium signaling pathway;Neuroactive ligand-receptor interaction;Endocytosis;Salivary secretion
P55264;Q6JAM3;Q91VJ3	Purine metabolism
Q99KS6;Q5SUD1;Q9D7K9	Purine metabolism;Glycerophospholipid metabolism
P97297;P97453;Q6GTK2	Vascular smooth muscle contraction
P34971;B2RVY4	Calcium signaling pathway;Neuroactive ligand-receptor interaction;Endocytosis;Gap junction;Salivary secretion;Dilated cardiomyopathy
Q8VDL4;Q8C7Y9;Q9D0H2	Glycolysis / Gluconeogenesis
Q60994;Q62400;Q6GTX4;Q9DC68	PPAR signaling pathway;Adipocytokine signaling pathway;Type II diabetes mellitus
P25962;A2RS74;Q9QZ98	Calcium signaling pathway;Neuroactive ligand-receptor interaction;Endocytosis;Salivary secretion
P51881;Q61311	Calcium signaling pathway;Parkinson's disease;Huntington's disease
Q9CQF6;Q5U5W8;Q9CU40;Q9D827	Pantothenate and CoA biosynthesis
Q6PDY2;Q3U2E1	Taurine and hypotaurine metabolism
P48962;Q62164	Calcium signaling pathway;Parkinson's disease;Huntington's disease
Q3V132;Q80W28	Calcium signaling pathway;Parkinson's disease;Huntington's disease
Q3UMC0;A2ACU2;A3KG23;A3KG24;Q9CXZ7;Q9Z2K7	Ribosome biogenesis in eukaryotes
Q9QZQ1	Adherens junction;Tight junction;Leukocyte transendothelial migration
Q3UGP8;Q3TLS4	N-Glycan biosynthesis
Q8BXK8;Q3UHA0;Q6ZPX9;Q8BZG0	Endocytosis
Q3UHD9;Q5DU45	Endocytosis
Q9ESW4;Q9D087	Glycerolipid metabolism
Q9CYR6;B2RS40;Q543F9	Amino sugar and nucleotide sugar metabolism
Q3UHD1;Q3UH36;Q8CGM0	p53 signaling pathway
O35423;Q8R128	Alanine, aspartate and glutamate metabolism;Glycine, serine and threonine metabolism;Methane metabolism;Peroxisome
P56473;O35967	Neuroactive ligand-receptor interaction;Adipocytokine signaling pathway
Q3UEG6;B9EIZ8	Alanine, aspartate and glutamate metabolism;Glycine, serine and threonine metabolism
P35374	Neuroactive ligand-receptor interaction;Renin-angiotensin system
P29754	Calcium signaling pathway;Neuroactive ligand-receptor interaction;Vascular smooth muscle contraction;Renin-angiotensin system
P29755	Calcium signaling pathway;Neuroactive ligand-receptor interaction;Vascular smooth muscle contraction;Renin-angiotensin system
Q9Z0X1;Q1L6K5	Apoptosis
Q9WVE0	Intestinal immune network for IgA production;Primary immunodeficiency
Q91VJ1	Cytosolic DNA-sensing pathway
Q9JII6;Q9CQI5;Q9CQT8;Q9CT53;Q9D012;Q9D016;Q9D0I7;Q9D0P3	Glycolysis / Gluconeogenesis;Glycerolipid metabolism;Caprolactam degradation
Q9Z0E3;Q9JLW0;Q9JLW1;Q9JLW2;Q9JLW3;Q9JLW4;Q9JLW5;Q9JLW6;Q9JLW7;Q9JLW8;Q9JLW9;Q9JLX0	Ubiquitin mediated proteolysis;Primary immunodeficiency
Q8VCX1	Primary bile acid biosynthesis;Steroid hormone biosynthesis
Q8K023;Q99N44	Steroid hormone biosynthesis
Q9JHW9;Q9EQP7;Q9JI72	Glycolysis / Gluconeogenesis;Histidine metabolism;Tyrosine metabolism;Phenylalanine metabolism;beta-Alanine metabolism;Metabolism of xenobiotics by cytochrome P450;Drug metabolism - cytochrome P450
E9Q3E1;Q497U8	Glycolysis / Gluconeogenesis;Histidine metabolism;Tyrosine metabolism;Phenylalanine metabolism;beta-Alanine metabolism;Metabolism of xenobiotics by cytochrome P450;Drug metabolism - cytochrome P450
O35945;Q80ZX7	Retinol metabolism
Q60823	MAPK signaling pathway;ErbB signaling pathway;Chemokine signaling pathway;mTOR signaling pathway;Apoptosis;VEGF signaling pathway;Osteoclast differentiation;Focal adhesion;Tight junction;Toll-like receptor signaling pathway;Jak-STAT signaling pathway;T cell receptor signaling pathway;B cell receptor signaling pathway;Fc epsilon RI signaling pathway;Fc gamma R-mediated phagocytosis;Neurotrophin signaling pathway;Insulin signaling pathway;Progesterone-mediated oocyte maturation;Adipocytokine signaling pathway;Carbohydrate digestion and absorption;Chagas disease (American trypanosomiasis);Toxoplasmosis;ko05152;Hepatitis C;Measles;Pathways in cancer;Colorectal cancer;Renal cell carcinoma;Pancreatic cancer;Endometrial cancer;Glioma;Prostate cancer;Melanoma;Chronic myeloid leukemia;Acute myeloid leukemia;Small cell lung cancer;Non-small cell lung cancer
Q9JLJ2;Q3U367	Glycolysis / Gluconeogenesis;Ascorbate and aldarate metabolism;Fatty acid metabolism;Valine, leucine and isoleucine degradation;Lysine degradation;Arginine and proline metabolism;Histidine metabolism;Tryptophan metabolism;beta-Alanine metabolism;Glycerolipid metabolism;Pyruvate metabolism;Propanoate metabolism
Q9CZS1;Q3UAH5	Glycolysis / Gluconeogenesis;Pentose and glucuronate interconversions;Ascorbate and aldarate metabolism;Fatty acid metabolism;Valine, leucine and isoleucine degradation;Lysine degradation;Arginine and proline metabolism;Histidine metabolism;Tryptophan metabolism;beta-Alanine metabolism;Glycerolipid metabolism;Pyruvate metabolism;Chloroalkane and chloroalkene degradation;Propanoate metabolism;Limonene and pinene degradation
P24549;Q7TQJ0;Q811J0	Glycolysis / Gluconeogenesis;Pentose and glucuronate interconversions;Ascorbate and aldarate metabolism;Fatty acid metabolism;Valine, leucine and isoleucine degradation;Lysine degradation;Arginine and proline metabolism;Histidine metabolism;Tryptophan metabolism;beta-Alanine metabolism;Glycerolipid metabolism;Pyruvate metabolism;Chloroalkane and chloroalkene degradation;Propanoate metabolism;Limonene and pinene degradation
P47739;B1ATI7;Q9R203	Glycolysis / Gluconeogenesis;Histidine metabolism;Tyrosine metabolism;Phenylalanine metabolism;beta-Alanine metabolism;Metabolism of xenobiotics by cytochrome P450;Drug metabolism - cytochrome P450
Q9DBF1;Q3TFC7;Q3TVH7;Q3UKT6	Glycolysis / Gluconeogenesis;Ascorbate and aldarate metabolism;Fatty acid metabolism;Glycine, serine and threonine metabolism;Valine, leucine and isoleucine degradation;Lysine biosynthesis;Lysine degradation;Arginine and proline metabolism;Histidine metabolism;Tryptophan metabolism;beta-Alanine metabolism;Glycerolipid metabolism;Pyruvate metabolism;Propanoate metabolism
Q8R0Y6	One carbon pool by folate
P31750;Q62274;Q6GSA6	MAPK signaling pathway;ErbB signaling pathway;Chemokine signaling pathway;mTOR signaling pathway;Apoptosis;VEGF signaling pathway;Osteoclast differentiation;Focal adhesion;Tight junction;Toll-like receptor signaling pathway;Jak-STAT signaling pathway;T cell receptor signaling pathway;B cell receptor signaling pathway;Fc epsilon RI signaling pathway;Fc gamma R-mediated phagocytosis;Neurotrophin signaling pathway;Insulin signaling pathway;Progesterone-mediated oocyte maturation;Adipocytokine signaling pathway;Carbohydrate digestion and absorption;Chagas disease (American trypanosomiasis);Toxoplasmosis;ko05152;Hepatitis C;Measles;Pathways in cancer;Colorectal cancer;Renal cell carcinoma;Pancreatic cancer;Endometrial cancer;Glioma;Prostate cancer;Melanoma;Chronic myeloid leukemia;Acute myeloid leukemia;Small cell lung cancer;Non-small cell lung cancer
Q8CHT0;B1AXW8;Q7TND0;Q8BXM3;Q8R0N1;Q8R1S2	Alanine, aspartate and glutamate metabolism;Arginine and proline metabolism
Q9WUA6	MAPK signaling pathway;ErbB signaling pathway;Chemokine signaling pathway;mTOR signaling pathway;Apoptosis;VEGF signaling pathway;Osteoclast differentiation;Focal adhesion;Tight junction;Toll-like receptor signaling pathway;Jak-STAT signaling pathway;T cell receptor signaling pathway;B cell receptor signaling pathway;Fc epsilon RI signaling pathway;Fc gamma R-mediated phagocytosis;Neurotrophin signaling pathway;Insulin signaling pathway;Progesterone-mediated oocyte maturation;Adipocytokine signaling pathway;Carbohydrate digestion and absorption;Chagas disease (American trypanosomiasis);Toxoplasmosis;ko05152;Hepatitis C;Measles;Pathways in cancer;Colorectal cancer;Renal cell carcinoma;Pancreatic cancer;Endometrial cancer;Glioma;Prostate cancer;Melanoma;Chronic myeloid leukemia;Acute myeloid leukemia;Small cell lung cancer;Non-small cell lung cancer
P47740;Q99L64	Glycolysis / Gluconeogenesis;Pentose and glucuronate interconversions;Ascorbate and aldarate metabolism;Fatty acid metabolism;Valine, leucine and isoleucine degradation;Lysine degradation;Arginine and proline metabolism;Histidine metabolism;Tryptophan metabolism;beta-Alanine metabolism;Glycerolipid metabolism;Pyruvate metabolism;Chloroalkane and chloroalkene degradation;Propanoate metabolism;Limonene and pinene degradation
Q8BGT5;Q8BVY7;Q8K1J3	Alanine, aspartate and glutamate metabolism;Carbon fixation in photosynthetic organisms
Q8QZR5	Alanine, aspartate and glutamate metabolism;Carbon fixation in photosynthetic organisms
Q8K009;E9QLV8	One carbon pool by folate
Q62148;Q6DI79	Retinol metabolism
Q80VQ0;Q63ZW3;Q8VHW0;Q9CW05	Glycolysis / Gluconeogenesis;Histidine metabolism;Tyrosine metabolism;Phenylalanine metabolism;beta-Alanine metabolism;Metabolism of xenobiotics by cytochrome P450;Drug metabolism - cytochrome P450
P21300	Pentose and glucuronate interconversions;Fructose and mannose metabolism;Galactose metabolism;Glycerolipid metabolism;Pyruvate metabolism
P47738	Glycolysis / Gluconeogenesis;Pentose and glucuronate interconversions;Ascorbate and aldarate metabolism;Fatty acid metabolism;Valine, leucine and isoleucine degradation;Lysine degradation;Arginine and proline metabolism;Histidine metabolism;Tryptophan metabolism;beta-Alanine metabolism;Glycerolipid metabolism;Pyruvate metabolism;Chloroalkane and chloroalkene degradation;Propanoate metabolism;Limonene and pinene degradation
P45377;Q99JN4	Pentose and glucuronate interconversions;Fructose and mannose metabolism;Galactose metabolism;Glycerolipid metabolism;Pyruvate metabolism
P05063;Q64011;Q8CA91;Q99K96;Q9DBA4;Q9JK32	Glycolysis / Gluconeogenesis;Pentose phosphate pathway;Fructose and mannose metabolism;Carbon fixation in photosynthetic organisms
P05064	Glycolysis / Gluconeogenesis;Pentose phosphate pathway;Fructose and mannose metabolism;Carbon fixation in photosynthetic organisms
P45376;O70130;Q99KC9	Pentose and glucuronate interconversions;Fructose and mannose metabolism;Galactose metabolism;Glycerolipid metabolism;Pyruvate metabolism
Q91Y97;Q8K034;Q91W73	Glycolysis / Gluconeogenesis;Pentose phosphate pathway;Fructose and mannose metabolism;Carbon fixation in photosynthetic organisms
Q8VDB2;Q3UQK8	N-Glycan biosynthesis;Various types of N-glycan biosynthesis
Q3TZM9;Q6P7W8;Q8BL38	N-Glycan biosynthesis;Various types of N-glycan biosynthesis
Q9D081;Q8CEP2	N-Glycan biosynthesis;Various types of N-glycan biosynthesis
Q921Q3;Q3UKT8	N-Glycan biosynthesis;Various types of N-glycan biosynthesis
Q3TAE8;Q3TZF4	N-Glycan biosynthesis
Q6P8H8;E9Q3H5;Q3TKP5	N-Glycan biosynthesis
Q9D8C3;A3KGC8;A3KGD0;A3KGD1;Q8BUA4;Q9D5Z6	N-Glycan biosynthesis;Various types of N-glycan biosynthesis
Q9DB25	N-Glycan biosynthesis
Q9DBE8;Q7TN30;Q9CWI6;Q9JJA8	N-Glycan biosynthesis;Various types of N-glycan biosynthesis
Q8K2A8;E9QKP9	N-Glycan biosynthesis;Various types of N-glycan biosynthesis
Q8VDI9;Q8BT44;Q8C378;Q8C7G0	N-Glycan biosynthesis;Various types of N-glycan biosynthesis
Q9JHX6;E9QL21	Purine metabolism
O35936;B1ASX5	Arachidonic acid metabolism
Q9JJW6;Q8C869	RNA transport;mRNA surveillance pathway;Spliceosome
Q920R0;G5E868;Q8JZR1;Q9CXJ3	Amyotrophic lateral sclerosis (ALS)
P00688;Q4VBW6;Q61295;Q61296;Q64301	Starch and sucrose metabolism;Carbohydrate digestion and absorption
O09174;Q543Q9;Q9DCW6	Primary bile acid biosynthesis;Peroxisome
Q8K592;Q0VDQ4	Cytokine-cytokine receptor interaction;TGF-beta signaling pathway
Q9R049;Q8K008;Q99LH5	Protein processing in endoplasmic reticulum
Q9D4H4;B9EKN5;Q571F1	Tight junction
Q3V1D3;F8VPY9	Purine metabolism
Q7TQF7;Q8R1C4	Fc gamma R-mediated phagocytosis
Q9DBT5;A2AE27;A2AE28;Q91YI2	Purine metabolism
O08739;O88692;Q8CFR4	Purine metabolism
P16406	Renin-angiotensin system
P97449;Q91YH8;Q99K63	Glutathione metabolism;Renin-angiotensin system;Hematopoietic cell lineage
Q9CPY7;Q3TFS5;Q4FJV1;Q4FK15;Q99P44;Q9CWN8	Arginine and proline metabolism;Glutathione metabolism
P00687;Q921Y7	Starch and sucrose metabolism;Carbohydrate digestion and absorption
P40753	Vascular smooth muscle contraction
Q61839	Vascular smooth muscle contraction
O08538;Q6NWV7	Rheumatoid arthritis
Q8BZQ7;Q3TCK5;Q8R2Q1	Cell cycle;Cell cycle - yeast;Meiosis - yeast;Oocyte meiosis;Ubiquitin mediated proteolysis;Progesterone-mediated oocyte maturation
P05125;Q5FW59	Vascular smooth muscle contraction
Q9Z1P8;Q78ZJ9;Q9JHX7;Q9JLX7	PPAR signaling pathway
P19091	Oocyte meiosis;Pathways in cancer;Prostate cancer
Q8CIG8;Q3TNN1;Q9QZS9	RNA transport;Cell cycle - yeast
P18293	Purine metabolism;Vascular smooth muscle contraction
Q6VVW5;B1AWI8;Q6VVW3;Q6VVW4;Q8CGA9	Purine metabolism;Vascular smooth muscle contraction
P32261	Complement and coagulation cascades
Q812C9;A2A4J0;Q80WP3	Glycine, serine and threonine metabolism;Tyrosine metabolism;Phenylalanine metabolism;beta-Alanine metabolism;Isoquinoline alkaloid biosynthesis;Tropane, piperidine and pyridine alkaloid biosynthesis
Q64133;B1AX52;Q8K0Z8	Glycine, serine and threonine metabolism;Arginine and proline metabolism;Histidine metabolism;Tyrosine metabolism;Phenylalanine metabolism;Tryptophan metabolism;Isoquinoline alkaloid biosynthesis;Drug metabolism - cytochrome P450
O70423;A2A4I7;Q66JM4;Q9R055	Glycine, serine and threonine metabolism;Tyrosine metabolism;Phenylalanine metabolism;beta-Alanine metabolism;Isoquinoline alkaloid biosynthesis;Tropane, piperidine and pyridine alkaloid biosynthesis
O35643;Q3TXG4;Q922E2	Lysosome
Q5SGK3;B9EKC6	Valine, leucine and isoleucine degradation;Tyrosine metabolism;Tryptophan metabolism;Vitamin B6 metabolism;Nicotinate and nicotinamide metabolism;Drug metabolism - cytochrome P450
Q8BW75;Q14CG9;Q8C0B2	Glycine, serine and threonine metabolism;Arginine and proline metabolism;Histidine metabolism;Tyrosine metabolism;Phenylalanine metabolism;Tryptophan metabolism;Isoquinoline alkaloid biosynthesis;Drug metabolism - cytochrome P450
P35585	Lysosome
Q9DB50;B1B0F4;Q543R7	Lysosome
Q7TN05	Lysosome
P17427;Q8C2J5;Q921V0	Endocytosis;Endocrine and other factor-regulated calcium reabsorption;Huntington's disease
P22892	Lysosome
Q9WVP1;Q99LA4;Q9CWP7	Lysosome
O88512;Q2YDV3	Lysosome
O54754;Q9WU85;Q9Z2Z5	Valine, leucine and isoleucine degradation;Tyrosine metabolism;Tryptophan metabolism;Vitamin B6 metabolism;Nicotinate and nicotinamide metabolism;Drug metabolism - cytochrome P450
Q9JME5;B2RTK2;Q3UYP8;Q6QR53;Q8R1E5	Lysosome
P61967;P82267;Q00382;Q9BTN4;Q9UDW9	Lysosome
Q8R2R9;Q3UYJ3;Q923G7	Lysosome
P17426	Endocytosis;Endocrine and other factor-regulated calcium reabsorption;Huntington's disease
Q9WV76;B0V3P2	Lysosome
P62743;P70626;P97626;Q00380	Endocytosis;Endocrine and other factor-regulated calcium reabsorption;Huntington's disease
Q9DCR2;O88670	Lysosome
P84091;P20172;P53679	Endocytosis;Endocrine and other factor-regulated calcium reabsorption;Huntington's disease
Q80V94;A2ASB4	Lysosome
O54774	Lysosome
Q8BSZ2;O09077;O09149;Q3UDG7;Q8CAY1;Q99589	Lysosome
Q9DBG3;Q80XJ4	Endocytosis;Endocrine and other factor-regulated calcium reabsorption;Huntington's disease
Q9JKC7	Lysosome
O88879;A2RRK8	p53 signaling pathway;Apoptosis;Alzheimer's disease;Parkinson's disease;Amyotrophic lateral sclerosis (ALS);Huntington's disease;ko05152;Small cell lung cancer
Q9Z1T1;E9QQ08;Q91YR4	Lysosome
P56380;Q9D2U6;Q9D6V2	Purine metabolism;Pyrimidine metabolism
Q9JKC8;Q5BKQ6	Lysosome
Q9WVL1	Lysosome
Q8R034	Cell cycle;Oocyte meiosis;Ubiquitin mediated proteolysis;Progesterone-mediated oocyte maturation
Q9QXJ1;E9QNW5;O08642;Q3TPU0;Q8BNF4;Q8BSR9	Alzheimer's disease
Q8K2H6;Q9CW24	Cell cycle;Cell cycle - yeast;Meiosis - yeast;Oocyte meiosis;Ubiquitin mediated proteolysis;Progesterone-mediated oocyte maturation
P53995;A2ATQ4;Q8BP33;Q8C772	Cell cycle;Cell cycle - yeast;Meiosis - yeast;Oocyte meiosis;Ubiquitin mediated proteolysis;Progesterone-mediated oocyte maturation
Q8BTZ4;Q3TGA7;Q80UJ6;Q80W43;Q8BWW7;Q8C0F7;Q9CRX0;Q9CSL1;Q9JJB8	Cell cycle;Cell cycle - yeast;Meiosis - yeast;Oocyte meiosis;Ubiquitin mediated proteolysis;Progesterone-mediated oocyte maturation
Q9CPX9;Q3UWH1;Q9CTG0	Cell cycle;Cell cycle - yeast;Meiosis - yeast;Oocyte meiosis;Ubiquitin mediated proteolysis;Progesterone-mediated oocyte maturation
Q9R0R4	Neuroactive ligand-receptor interaction
Q68G58;Q8BJP7;Q8BTR7;Q8BUZ2;Q8BYE9;Q8R018;Q8R328;Q9CS12	Base excision repair
Q9WVM3;Q3UBM7;Q8BSR2;Q91W13	Cell cycle;Cell cycle - yeast;Meiosis - yeast;Oocyte meiosis;Ubiquitin mediated proteolysis;Progesterone-mediated oocyte maturation
Q9DCZ9;Q3U2R3	Notch signaling pathway;Alzheimer's disease
Q91W96;Q99LR5;Q9CZZ0	Cell cycle;Cell cycle - yeast;Meiosis - yeast;Oocyte meiosis;Ubiquitin mediated proteolysis;Progesterone-mediated oocyte maturation
Q8BVF7;Q8R1T3;Q91VL5	Notch signaling pathway;Alzheimer's disease
P28352	Base excision repair
Q8C7N7;Q3U3B5;Q8CEC9	Notch signaling pathway;Alzheimer's disease
Q9WV08;Q3TZS9	Neuroactive ligand-receptor interaction
Q8C7G5;Q91X90;Q99P64	PPAR signaling pathway
Q00623;O08855;O09042;Q8BPD5	PPAR signaling pathway;Fat digestion and absorption;Vitamin digestion and absorption;African trypanosomiasis
P09813;Q3UKX6;Q61317	PPAR signaling pathway
P06728;Q91XF8	Fat digestion and absorption;Vitamin digestion and absorption
P33622;Q8VC58;Q9CPP9	PPAR signaling pathway
E9Q414;Q3UH74;Q497D8;Q61314;Q61318;Q8CGG8	Fat digestion and absorption;Vitamin digestion and absorption
P08226	Alzheimer's disease
Q9JM54	p53 signaling pathway
P08030;Q564P4;Q61319;Q6PK77;Q9DCY3	Purine metabolism
Q9WTY4;Q545H1	Salivary secretion
O54794;Q8C630	PPAR signaling pathway
Q8R2N1;Q3TU75;Q9JJN8;Q9WTJ3	Vasopressin-regulated water reabsorption
Q02013;Q542P1;Q91VY8	Proximal tubule bicarbonate reclamation;Bile secretion
P56402;Q8VCG5;Q9R232	Vasopressin-regulated water reabsorption
P56404;Q91XC2	Bile secretion
P55088;P97818;Q4FJP1;Q61131;Q61132;Q8VHE4;Q8VHE5;Q9EQI3	Vasopressin-regulated water reabsorption;Bile secretion
Q9JJJ3	Bile secretion
Q8CFQ3;P97871;Q3U9N1;Q3ULE8;Q80TX8	Spliceosome
P04627;B1AUN9;Q99J44;Q9CTT5;Q9D6R6;Q9DBU7	ErbB signaling pathway;Vascular smooth muscle contraction;Natural killer cell mediated cytotoxicity;Long-term potentiation;Long-term depression;Regulation of actin cytoskeleton;Insulin signaling pathway;Progesterone-mediated oocyte maturation;Hepatitis C;Pathways in cancer;Colorectal cancer;Renal cell carcinoma;Pancreatic cancer;Endometrial cancer;Glioma;Prostate cancer;Melanoma;Bladder cancer;Chronic myeloid leukemia;Acute myeloid leukemia;Non-small cell lung cancer
Q4LDD4;B2RUJ3;Q3UDD2;Q3US99;Q58ET6;Q6PEQ9;Q6ZQ48	Endocytosis
Q8R5G7;E9QMK7;Q5DTN4;Q6NVF1;Q8R5G6	Endocytosis
Q99MK8;Q99LL8	Chemokine signaling pathway;Endocytosis;Phototransduction - fly
Q9R0Q6;Q3UL75	Fc gamma R-mediated phagocytosis;Regulation of actin cytoskeleton;Bacterial invasion of epithelial cells;Pathogenic Escherichia coli infection;Shigellosis
Q9WV32;Q9CRC4	Fc gamma R-mediated phagocytosis;Regulation of actin cytoskeleton;Bacterial invasion of epithelial cells;Pathogenic Escherichia coli infection;Shigellosis
P31955	ErbB signaling pathway
P84078;P10947;P32889;Q3THZ2;Q3U849;Q3UDG1;Q3UF76	Vibrio cholerae infection
P62331;P26438	Endocytosis;Fc gamma R-mediated phagocytosis
Q9EPJ9;A8WIR9;A8WIS1;Q3TI52;Q8BMM6;Q8BMQ7	Endocytosis
Q99K28;Q9D758;Q9JIH1	Endocytosis
Q9D8S3;Q544V6;Q8BW06;Q99KN8	Endocytosis
O08691	Arginine and proline metabolism;Amoebiasis
Q61176;Q3TB74;Q3UEL0;Q4FK78;Q80VI4	Arginine and proline metabolism;Amoebiasis
Q7TNR9;Q80TJ6	Regulation of actin cytoskeleton
Q8C142;Q3TW86;Q6NWV6;Q8VDQ0	Endocytosis
Q61210;O89074;Q3T9Q7;Q80YE8;Q80YE9;Q91VL3	Vascular smooth muscle contraction;Regulation of actin cytoskeleton;ko05152
Q8K4I3;Q8C9V4	Regulation of actin cytoskeleton;Pancreatic cancer
Q9ES28;O08757;Q3UTS5;Q6XPA5;Q6ZQI5;Q8C750;Q91ZZ6;Q9ES27	Regulation of actin cytoskeleton
Q60875;E9QNW9;O09115;Q3TBI4;Q3TJ16;Q8CHE1;Q923E0;Q9ESG7	Pathogenic Escherichia coli infection
Q91YI0;Q3UFA2	Alanine, aspartate and glutamate metabolism;Arginine and proline metabolism
Q61324;Q7TQG2;Q8CHG9	Pathways in cancer;Renal cell carcinoma
P53762;Q60661;Q921F3	Pathways in cancer;Renal cell carcinoma
Q9D898	Fc gamma R-mediated phagocytosis;Regulation of actin cytoskeleton;Bacterial invasion of epithelial cells;Pathogenic Escherichia coli infection;Shigellosis
Q9CVB6;Q3U870	Fc gamma R-mediated phagocytosis;Regulation of actin cytoskeleton;Bacterial invasion of epithelial cells;Pathogenic Escherichia coli infection;Shigellosis
P59999;O15509;Q3UWV4	Fc gamma R-mediated phagocytosis;Regulation of actin cytoskeleton;Bacterial invasion of epithelial cells;Pathogenic Escherichia coli infection;Shigellosis
Q9CPW4;Q3U9T3;Q9D8E7	Fc gamma R-mediated phagocytosis;Regulation of actin cytoskeleton;Bacterial invasion of epithelial cells;Pathogenic Escherichia coli infection;Shigellosis
Q9JM76;Q3TAT0	Fc gamma R-mediated phagocytosis;Regulation of actin cytoskeleton;Bacterial invasion of epithelial cells;Pathogenic Escherichia coli infection;Shigellosis
P50429;Q32KJ1;Q3TYV7;Q3U4Q6;Q8C404	Glycosaminoglycan degradation;Lysosome
Q8BWG8;Q3UH95;Q8BTJ5	MAPK signaling pathway;Chemokine signaling pathway;Endocytosis;Phototransduction
Q3TYD4;B1AT67;B1AT68;Q5XFU5;Q69ZT6;Q8CHS3;Q8VBZ5;Q9D3B4	Lysosome
P50428;Q9DC66	Sphingolipid metabolism;Lysosome
P50294	Caffeine metabolism;Nitrotoluene degradation;Drug metabolism - other enzymes
Q91YI4;Q3TCM2;Q5F2D8;Q5F2E0	MAPK signaling pathway;Chemokine signaling pathway;Endocytosis;Phototransduction
P50295	Caffeine metabolism;Nitrotoluene degradation;Drug metabolism - other enzymes
Q9QWY8;O08612;Q505F0;Q80TG8;Q80UV6;Q99LV8;Q9Z2B6	Endocytosis;Fc gamma R-mediated phagocytosis
P50296	Caffeine metabolism;Nitrotoluene degradation;Drug metabolism - other enzymes
Q7SIG6;Q501K1;Q66JN2	Endocytosis;Fc gamma R-mediated phagocytosis
Q9WV54	Sphingolipid metabolism;Lysosome
Q5U464	Endocytosis;Fc gamma R-mediated phagocytosis
Q9JHE3;Q3UWP9;Q8BNP0;Q8BQN7;Q8R236	Sphingolipid metabolism
Q9EPB4;Q9D2W9	NOD-like receptor signaling pathway;Cytosolic DNA-sensing pathway
Q99MY8;E9QNM2;Q3U598;Q80VY5;Q8BM69;Q8BTX0;Q8BZY6	Lysine degradation;Tight junction
Q03288;A2ALT3;Q80ST0	Melanogenesis
Q925H0;Q5SUU2;Q61203	Taste transduction
D3KU66;D3KU65	Tryptophan metabolism
Q04519;Q3UL52	Sphingolipid metabolism;Lysosome
Q61024;Q3TJA1;Q8BPC8	Alanine, aspartate and glutamate metabolism;Nitrogen metabolism
Q64191	Other glycan degradation;Lysosome
P16460	Alanine, aspartate and glutamate metabolism;Arginine and proline metabolism
Q6PIE5;Q80UZ8	Cardiac muscle contraction;Aldosterone-regulated sodium reabsorption;Endocrine and other factor-regulated calcium reabsorption;Proximal tubule bicarbonate reclamation;Salivary secretion;Gastric acid secretion;Pancreatic secretion;Carbohydrate digestion and absorption;Protein digestion and absorption;Bile secretion;Mineral absorption
P14094	Cardiac muscle contraction;Aldosterone-regulated sodium reabsorption;Endocrine and other factor-regulated calcium reabsorption;Proximal tubule bicarbonate reclamation;Salivary secretion;Gastric acid secretion;Pancreatic secretion;Carbohydrate digestion and absorption;Protein digestion and absorption;Bile secretion;Mineral absorption
P97370	Cardiac muscle contraction;Aldosterone-regulated sodium reabsorption;Endocrine and other factor-regulated calcium reabsorption;Proximal tubule bicarbonate reclamation;Salivary secretion;Gastric acid secretion;Pancreatic secretion;Carbohydrate digestion and absorption;Protein digestion and absorption;Bile secretion;Mineral absorption
Q8VDN2;Q91Z09	Cardiac muscle contraction;Aldosterone-regulated sodium reabsorption;Endocrine and other factor-regulated calcium reabsorption;Proximal tubule bicarbonate reclamation;Salivary secretion;Gastric acid secretion;Pancreatic secretion;Carbohydrate digestion and absorption;Protein digestion and absorption;Bile secretion;Mineral absorption
Q6PIC6	Cardiac muscle contraction;Aldosterone-regulated sodium reabsorption;Endocrine and other factor-regulated calcium reabsorption;Proximal tubule bicarbonate reclamation;Salivary secretion;Gastric acid secretion;Pancreatic secretion;Carbohydrate digestion and absorption;Protein digestion and absorption;Bile secretion;Mineral absorption
Q99ME6;Q543D0;Q99ME5	Cardiac muscle contraction;Aldosterone-regulated sodium reabsorption;Endocrine and other factor-regulated calcium reabsorption;Proximal tubule bicarbonate reclamation;Salivary secretion;Gastric acid secretion;Pancreatic secretion;Carbohydrate digestion and absorption;Protein digestion and absorption;Bile secretion;Mineral absorption
P14231	Cardiac muscle contraction;Aldosterone-regulated sodium reabsorption;Endocrine and other factor-regulated calcium reabsorption;Proximal tubule bicarbonate reclamation;Salivary secretion;Gastric acid secretion;Pancreatic secretion;Carbohydrate digestion and absorption;Protein digestion and absorption;Bile secretion;Mineral absorption
Q9Z1W8;Q32MR8;Q8VHY2	Oxidative phosphorylation
Q9WV27;E9QKL5;Q9R173;Q9WV28	Cardiac muscle contraction;Aldosterone-regulated sodium reabsorption;Endocrine and other factor-regulated calcium reabsorption;Proximal tubule bicarbonate reclamation;Salivary secretion;Gastric acid secretion;Pancreatic secretion;Carbohydrate digestion and absorption;Protein digestion and absorption;Bile secretion;Mineral absorption
P56384	Oxidative phosphorylation;Alzheimer's disease;Parkinson's disease;Huntington's disease
Q9CQQ7	Oxidative phosphorylation;Alzheimer's disease;Parkinson's disease;Huntington's disease
Q9R0K7;O88863	Calcium signaling pathway;Salivary secretion;Pancreatic secretion
Q8R429	Calcium signaling pathway;Pancreatic secretion;Alzheimer's disease
Q9CR84;Q3TIE9	Oxidative phosphorylation;Alzheimer's disease;Parkinson's disease;Huntington's disease
O55143;Q9R2A9;Q9WUT5	Calcium signaling pathway;Pancreatic secretion;Alzheimer's disease
P56383;Q3KQM0;Q9CQ23	Oxidative phosphorylation;Alzheimer's disease;Parkinson's disease;Huntington's disease
Q6Q477;Q32ME1	Calcium signaling pathway;Salivary secretion;Pancreatic secretion
Q64518;O70625;Q64517;Q8VD16	Calcium signaling pathway;Pancreatic secretion;Alzheimer's disease
G5E829	Calcium signaling pathway;Salivary secretion;Pancreatic secretion
Q06507;Q5U4B2;Q61906	MAPK signaling pathway;Protein processing in endoplasmic reticulum;Long-term potentiation;Neurotrophin signaling pathway;GnRH signaling pathway;Prostate cancer
P16951;Q64089;Q64090;Q64091	MAPK signaling pathway
F6VAN0;B2RU98;Q8BZ84	Protein processing in endoplasmic reticulum;Alzheimer's disease
Q9CQY1;Q3TKE5;Q9D7Y5	Regulation of autophagy;RIG-I-like receptor signaling pathway
Q9CPX6;Q3TXJ9	Regulation of autophagy
Q8BGE6;Q6ZQ22;Q8R098	Regulation of autophagy
Q811C2;B1ASJ9;Q6PD25	Regulation of autophagy
Q8C9S8;Q811B8	Regulation of autophagy
Q8BGV9;Q8C4N9;Q8K0Q2	Regulation of autophagy
Q99J83	Regulation of autophagy;RIG-I-like receptor signaling pathway;Shigellosis
Q9D906;Q3TCD9;Q8K4Q5	Regulation of autophagy
Q62388;E9QNY7	Cell cycle;p53 signaling pathway;Apoptosis
Q04646;Q923I2;Q923I3;Q923I4	Cardiac muscle contraction;Aldosterone-regulated sodium reabsorption;Endocrine and other factor-regulated calcium reabsorption;Proximal tubule bicarbonate reclamation;Salivary secretion;Pancreatic secretion;Carbohydrate digestion and absorption;Protein digestion and absorption;Bile secretion;Mineral absorption
O08997;Q5NCU2	Mineral absorption
Q64436;E9QNX7;Q9CV46	Oxidative phosphorylation;Collecting duct acid secretion;Gastric acid secretion
Q06185;P70342	Oxidative phosphorylation
P56382	Oxidative phosphorylation;Alzheimer's disease;Parkinson's disease;Huntington's disease
P97450	Oxidative phosphorylation;Alzheimer's disease;Parkinson's disease;Huntington's disease
P50992;Q9D6S3;Q9D6T2;Q9D6Y2	Oxidative phosphorylation;Collecting duct acid secretion;Gastric acid secretion
Q9DCX2;B1ASE1;Q542H1;Q7M0I0;Q91YK9	Oxidative phosphorylation;Alzheimer's disease;Parkinson's disease;Huntington's disease
Q9CPQ8;O70590;Q5M9M8	Oxidative phosphorylation
P00848	Oxidative phosphorylation;Alzheimer's disease;Parkinson's disease;Huntington's disease
P03930	Oxidative phosphorylation;Alzheimer's disease;Parkinson's disease;Huntington's disease
Q03265;Q3TFN0;Q3THN8;Q3TPR0;Q3TPV3;Q3TZU3;Q3UIR7;Q543Y6	Oxidative phosphorylation;Alzheimer's disease;Parkinson's disease;Huntington's disease
P56480;Q0QEP4;Q3TFD7;Q3TIP9;Q3TK44;Q3TWD5;Q3TX28;Q3U6U4;Q3U774;Q3UB69;Q3UF69;Q8CI65;Q8VEJ5;Q9CTI7;Q9CWX7	Oxidative phosphorylation;Alzheimer's disease;Parkinson's disease;Huntington's disease
Q9D3D9	Oxidative phosphorylation;Alzheimer's disease;Parkinson's disease;Huntington's disease
Q91VR2	Oxidative phosphorylation;Alzheimer's disease;Parkinson's disease;Huntington's disease
P56135;Q3THX9;Q9JMF4	Oxidative phosphorylation
Q9DB20	Oxidative phosphorylation;Alzheimer's disease;Parkinson's disease;Huntington's disease
Q8QZR1;Q3UER7;Q8BTI1	Ubiquinone and other terpenoid-quinone biosynthesis;Cysteine and methionine metabolism;Tyrosine metabolism;Phenylalanine metabolism;Phenylalanine, tyrosine and tryptophan biosynthesis;Novobiocin biosynthesis;Isoquinoline alkaloid biosynthesis;Tropane, piperidine and pyridine alkaloid biosynthesis
Q9JLZ3;Q80YD7;Q8QZS0;Q9CY78;Q9D155	Valine, leucine and isoleucine degradation
Q9CVD2	Protein processing in endoplasmic reticulum
P97477;O35624;Q8C3H8;Q91YU4	Oocyte meiosis
Q80TZ3;B1B0B9;Q6P2K9;Q8C7L9	Endocytosis
P27038	Cytokine-cytokine receptor interaction;TGF-beta signaling pathway
P27040;Q3KQI1	Cytokine-cytokine receptor interaction;TGF-beta signaling pathway
Q9QYP6;Q3TIN1;Q3V3R2;Q9CUI5	RIG-I-like receptor signaling pathway
Q6E1M8;Q8BM49	Retinol metabolism;Vitamin digestion and absorption
O35625	Wnt signaling pathway;Pathways in cancer;Colorectal cancer;Endometrial cancer;Basal cell carcinoma
Q8BVM4;A2A823	Arginine and proline metabolism
O88566;Q6PFZ9;Q9QXJ6	Wnt signaling pathway;Pathways in cancer;Colorectal cancer;Endometrial cancer;Basal cell carcinoma
Q64373;O35844;Q60657;Q60658;Q61338	Apoptosis;Jak-STAT signaling pathway;Amyotrophic lateral sclerosis (ALS);Toxoplasmosis;Pathways in cancer;Pancreatic cancer;Chronic myeloid leukemia;Small cell lung cancer
Q8BHT6;E9QMK8;Q0PCR7;Q149S5	Other types of O-glycan biosynthesis
P59270	Glycosaminoglycan biosynthesis - chondroitin sulfate;Glycosaminoglycan biosynthesis - heparan sulfate
Q9Z0F0;Q91VC1;Q920U8;Q920U9	Glycosphingolipid biosynthesis - ganglio series
P13808;Q9ES09;Q9ES10;Q9ES11;Q9ES12;Q9ES13	Salivary secretion;Gastric acid secretion;Pancreatic secretion;Bile secretion
Q9Z222;Q91V18	Glycosaminoglycan biosynthesis - keratan sulfate;Glycosphingolipid biosynthesis - lacto and neolacto series
O54904;Q91V52	Glycosphingolipid biosynthesis - lacto and neolacto series
P58158	Glycosaminoglycan biosynthesis - chondroitin sulfate;Glycosaminoglycan biosynthesis - heparan sulfate
Q9JI67	Glycosphingolipid biosynthesis - lacto and neolacto series;Glycosphingolipid biosynthesis - globo series
Q5JCS9;Q8R0U2;Q9D7Z2	Glycosphingolipid biosynthesis - lacto and neolacto series
Q920V1;O54906;Q91V72;Q920V0;Q9CTE5	Glycosphingolipid biosynthesis - globo series
Q1RLK6;E9QPF4;Q923H4	Glycosphingolipid biosynthesis - lacto and neolacto series
O54905;Q8BH19;Q8CBX4;Q91V19;Q91V58;Q91VE9;Q920V3;Q920V4	Glycosphingolipid biosynthesis - lacto and neolacto series
Q91Z92;Q8CC93	Glycosaminoglycan biosynthesis - chondroitin sulfate;Glycosaminoglycan biosynthesis - heparan sulfate
Q8BWP8;Q3TY43;Q8BJH9;Q99LW7	Glycosaminoglycan biosynthesis - keratan sulfate;Glycosphingolipid biosynthesis - lacto and neolacto series
P04919	Collecting duct acid secretion
Q8BGY6;Q810C6;Q923K7	Glycosphingolipid biosynthesis - lacto and neolacto series
Q9JJ04;Q8BR54;Q9QY12	Glycosaminoglycan biosynthesis - keratan sulfate;Glycosphingolipid biosynthesis - lacto and neolacto series
Q6L8S8	Various types of N-glycan biosynthesis
P01887;Q91XJ8	Antigen processing and presentation
Q09200	Glycosphingolipid biosynthesis - ganglio series
Q766D5;Q8CHV2	Various types of N-glycan biosynthesis
Q3USF0	Mucin type O-Glycan biosynthesis
Q9JMK0;A2A5T7	Mucin type O-Glycan biosynthesis
Q8K0J2;Q3U3L9;Q3V283;Q6PA02;Q8BJS5;Q8K437	Glycosaminoglycan biosynthesis - keratan sulfate
Q91X34;A2AKK7;O08833;Q8C1I3	Primary bile acid biosynthesis;Taurine and hypotaurine metabolism;Biosynthesis of unsaturated fatty acids;Peroxisome;Bile secretion
Q9CW73;Q6PIG8;Q8BXN8;Q8R531	Glycosaminoglycan biosynthesis - chondroitin sulfate;Glycosaminoglycan biosynthesis - heparan sulfate
Q9JL18;Q3TNS7;Q8C5E9;Q8C793;Q9R1P7	Alzheimer's disease
Q9WVK5	Sphingolipid metabolism
P15535	Galactose metabolism;N-Glycan biosynthesis;Various types of N-glycan biosynthesis;Other types of O-glycan biosynthesis;Glycosaminoglycan biosynthesis - keratan sulfate;Glycosphingolipid biosynthesis - lacto and neolacto series
Q91V12;A2A8K9;A2A8L0;A2A8L2;Q3U8C6;Q59HQ2	Biosynthesis of unsaturated fatty acids
Q8R087;Q7TNU3	Glycosaminoglycan biosynthesis - chondroitin sulfate;Glycosaminoglycan biosynthesis - heparan sulfate
Q9Z2Y2;Q3TMP2	Galactose metabolism;N-Glycan biosynthesis;Various types of N-glycan biosynthesis;Other types of O-glycan biosynthesis;Glycosaminoglycan biosynthesis - keratan sulfate;Glycosphingolipid biosynthesis - lacto and neolacto series
Q91YY2;Q9QY13	N-Glycan biosynthesis;Various types of N-glycan biosynthesis;Other types of O-glycan biosynthesis;Glycosaminoglycan biosynthesis - keratan sulfate;Glycosphingolipid biosynthesis - lacto and neolacto series
Q60739;Q561N1;Q6IS45;Q9D7K6	Protein processing in endoplasmic reticulum
Q91YN9;Q3UMR7	Protein processing in endoplasmic reticulum
P56818;Q544D0	Alzheimer's disease
Q61337	ErbB signaling pathway;Apoptosis;VEGF signaling pathway;Focal adhesion;Neurotrophin signaling pathway;Insulin signaling pathway;Alzheimer's disease;Amyotrophic lateral sclerosis (ALS);Toxoplasmosis;ko05152;Hepatitis C;Pathways in cancer;Colorectal cancer;Pancreatic cancer;Endometrial cancer;Prostate cancer;Melanoma;Chronic myeloid leukemia;Acute myeloid leukemia;Non-small cell lung cancer
Q8BKX1;Q91V97;Q923V9;Q923W0	Adherens junction;Regulation of actin cytoskeleton
O08734;E9QM21;Q8C264	Protein processing in endoplasmic reticulum
Q61335;A2ALM8;Q9D0E9;Q9D8G7	Protein processing in endoplasmic reticulum
Q9QXA6	Protein digestion and absorption
Q07813	p53 signaling pathway;Protein processing in endoplasmic reticulum;Apoptosis;Neurotrophin signaling pathway;Amyotrophic lateral sclerosis (ALS);Huntington's disease;Prion diseases;ko05152;Pathways in cancer;Colorectal cancer
Q99ML1	p53 signaling pathway;Huntington's disease;Measles
Q9EQ32;Q2KHL6;Q3TBW6;Q3TC39;Q3U5J3;Q8BN25;Q8C2Y4	B cell receptor signaling pathway
Q9JJS6;Q6K1L5;Q8C6N5;Q9ERN9	Retinol metabolism
Q61140;Q60869;Q6PFF9	Chemokine signaling pathway;Focal adhesion;Leukocyte transendothelial migration;Regulation of actin cytoskeleton;Bacterial invasion of epithelial cells
P24288;Q7TMT2	Valine, leucine and isoleucine degradation;Valine, leucine and isoleucine biosynthesis;Pantothenate and CoA biosynthesis
O35855;Q8VD03	Valine, leucine and isoleucine degradation;Valine, leucine and isoleucine biosynthesis;Pantothenate and CoA biosynthesis
Q9Z0H7;Q3UBN4	T cell receptor signaling pathway;B cell receptor signaling pathway;ko05152
Q6PAJ1;E9PZL3;Q61339;Q6ZPE5;Q99LW5	Pathways in cancer;Chronic myeloid leukemia
P10417;P10418;Q4VBF6	Protein processing in endoplasmic reticulum;Apoptosis;Focal adhesion;Neurotrophin signaling pathway;Amyotrophic lateral sclerosis (ALS);Toxoplasmosis;ko05152;Pathways in cancer;Colorectal cancer;Prostate cancer;Small cell lung cancer
P21237;A2AII2;Q8CCH9	MAPK signaling pathway;Neurotrophin signaling pathway;Huntington's disease
Q80XN0;Q3UJS9;Q3UL45;Q8BK53;Q8R0C8	Synthesis and degradation of ketone bodies;Butanoate metabolism
O35153;Q9D0E4	SNARE interactions in vesicular transport
O35623	SNARE interactions in vesicular transport
O88597;Q99J03	Regulation of autophagy
Q8BGM5;Q6H1U9;Q8VCM0	Salivary secretion
Q9WTZ9;A3KGA0;A3KGA1;Q9CWN9;Q9D0S2;Q9D1N5	Neurotrophin signaling pathway
P23780	Galactose metabolism;Other glycan degradation;Glycosaminoglycan degradation;Sphingolipid metabolism;Glycosphingolipid biosynthesis - ganglio series;Lysosome
P38649;A2AL98;Q8BZH3;Q8BZQ6;Q9EQW2;Q9EQW3	Glycosphingolipid biosynthesis - lacto and neolacto series
P12265;Q61601;Q64473;Q64474;Q6IR10	Pentose and glucuronate interconversions;Starch and sucrose metabolism;Glycosaminoglycan degradation;Porphyrin and chlorophyll metabolism;Flavone and flavonol biosynthesis;Drug metabolism - other enzymes;Lysosome
Q9QYC3;Q9QYE4	Maturity onset diabetes of the young
O35490;Q3UEM1;Q3UL72;Q561N0	Glycine, serine and threonine metabolism;Cysteine and methionine metabolism
O35185;P97289	Circadian rhythm - mammal
Q99PV5	Circadian rhythm - mammal
P70444;Q99M39	p53 signaling pathway;Apoptosis;Natural killer cell mediated cytotoxicity;Alzheimer's disease;Amyotrophic lateral sclerosis (ALS);ko05152;Pathways in cancer;Viral myocarditis
Q9CY64;Q3T9C6;Q80WR6;Q9DD21	Porphyrin and chlorophyll metabolism
Q9JIB6;O09121;O09122;P81704;Q8CH68	NOD-like receptor signaling pathway
Q9JIB3	NOD-like receptor signaling pathway
Q62210;A6H6S7;O08864	Ubiquitin mediated proteolysis;Apoptosis;Focal adhesion;NOD-like receptor signaling pathway;Toxoplasmosis;Pathways in cancer;Small cell lung cancer
P20029;O35642;Q3UFF2;Q61630	Protein export;Protein processing in endoplasmic reticulum;Prion diseases
O08863;E9QLX3	Ubiquitin mediated proteolysis;Apoptosis;Focal adhesion;NOD-like receptor signaling pathway;Toxoplasmosis;Pathways in cancer;Small cell lung cancer
Q61125;Q9Z1F4	Calcium signaling pathway;Neuroactive ligand-receptor interaction;Complement and coagulation cascades;Regulation of actin cytoskeleton
P32299;B9EHE3	Calcium signaling pathway;Neuroactive ligand-receptor interaction;Complement and coagulation cascades;Regulation of actin cytoskeleton;Endocrine and other factor-regulated calcium reabsorption;Chagas disease (American trypanosomiasis)
Q9QWK5;A2RT89;Q9JIB5;Q9R017	NOD-like receptor signaling pathway
Q9QUK4;A9C470;O09124;Q9R030	NOD-like receptor signaling pathway
Q9R016;O09121;O09122;P81703;Q8CGT2;Q9R029	NOD-like receptor signaling pathway
O70201;Q923F7;Q9WU53;Q9WU54	Pathways in cancer;Colorectal cancer
O88738;E9PYU6;Q69ZM5;Q8BNX0;Q8BR72;Q8BRV7;Q8C737	Ubiquitin mediated proteolysis
P21275	Cytokine-cytokine receptor interaction;Hedgehog signaling pathway;TGF-beta signaling pathway;Pathways in cancer;Basal cell carcinoma
O88700;O88198	Homologous recombination
Q923D2	Riboflavin metabolism;Porphyrin and chlorophyll metabolism
Q9WTL8;O88295;Q921S4;Q9R0U2;Q9WTL9	Circadian rhythm - mammal;Circadian rhythm - fly
P21274;Q497W8	Cytokine-cytokine receptor interaction;Hedgehog signaling pathway;TGF-beta signaling pathway;Pathways in cancer;Basal cell carcinoma
P49003;Q8CCE0	Cytokine-cytokine receptor interaction;Hedgehog signaling pathway;TGF-beta signaling pathway
Q9QUN3;O88504	Osteoclast differentiation;B cell receptor signaling pathway;Primary immunodeficiency
P36898;Q3TRF2	Cytokine-cytokine receptor interaction;TGF-beta signaling pathway
P20722;B2RRV6	Cytokine-cytokine receptor interaction;Hedgehog signaling pathway;TGF-beta signaling pathway
O35607	Cytokine-cytokine receptor interaction;TGF-beta signaling pathway
P23359;Q91XF7	Cytokine-cytokine receptor interaction;Hedgehog signaling pathway;TGF-beta signaling pathway
P34821	Cytokine-cytokine receptor interaction;Hedgehog signaling pathway;TGF-beta signaling pathway
P55105;Q8BNM2	Cytokine-cytokine receptor interaction;Hedgehog signaling pathway;TGF-beta signaling pathway
P36895	Cytokine-cytokine receptor interaction;TGF-beta signaling pathway
Q924Y0	Lysine degradation
Q9Z0S1;Q3U8Z5;Q91XB9;Q9D7Y0	Sulfur metabolism
Q920N2	Biotin metabolism
P28028;E9QNG9;F6SZ47;Q3USE9	MAPK signaling pathway;ErbB signaling pathway;Chemokine signaling pathway;mTOR signaling pathway;Vascular smooth muscle contraction;Focal adhesion;Natural killer cell mediated cytotoxicity;Long-term potentiation;Neurotrophin signaling pathway;Long-term depression;Regulation of actin cytoskeleton;Insulin signaling pathway;Progesterone-mediated oocyte maturation;Hepatitis C;Pathways in cancer;Colorectal cancer;Renal cell carcinoma;Pancreatic cancer;Endometrial cancer;Glioma;Prostate cancer;Thyroid cancer;Melanoma;Bladder cancer;Chronic myeloid leukemia;Acute myeloid leukemia;Non-small cell lung cancer
Q91VR8;Q3TLB8	Regulation of actin cytoskeleton
P48754;A2A4Q4;Q60957;Q60983	Ubiquitin mediated proteolysis
O54798;O88790;Q544G9	Neuroactive ligand-receptor interaction
P97929;F8VPU5;O35922;P97383	Homologous recombination;Pathways in cancer;Pancreatic cancer
Q64277;Q8BRY3	Nicotinate and nicotinamide metabolism;Calcium signaling pathway;Salivary secretion;Pancreatic secretion
Q05928	ErbB signaling pathway
P62325;P31607	RNA degradation
Q8CIF4;Q3UXQ4;Q9DAV0	Biotin metabolism;Vitamin digestion and absorption
Q04211	RNA degradation
P50615;Q62328	RNA degradation
O70552;Q925T9	RNA degradation
P35991;Q61365	Osteoclast differentiation;B cell receptor signaling pathway;Fc epsilon RI signaling pathway;Primary immunodeficiency
Q9WVA3;P97397;Q6ZWM5	Cell cycle;Cell cycle - yeast
Q9Z1S0;A2ARS1	Cell cycle
Q9CY21;Q3U915	Histidine metabolism;Tyrosine metabolism;Polycyclic aromatic hydrocarbon degradation
O08901;O09007	Cell cycle;Cell cycle - yeast;Meiosis - yeast;Oocyte meiosis;Progesterone-mediated oocyte maturation
Q8VC97;Q8R1K8	Pyrimidine metabolism;beta-Alanine metabolism;Pantothenate and CoA biosynthesis;Drug metabolism - other enzymes
P15539;Q14AB5;Q64661	Steroid hormone biosynthesis
P14106;Q3U793	Complement and coagulation cascades;Prion diseases;Chagas disease (American trypanosomiasis);Staphylococcus aureus infection;Systemic lupus erythematosus
Q9JJ06;Q6P218;Q8R0Z7	Mucin type O-Glycan biosynthesis
Q02105;Q6DI63	Complement and coagulation cascades;Prion diseases;Chagas disease (American trypanosomiasis);Staphylococcus aureus infection;Systemic lupus erythematosus
O35473;Q5SWJ6;Q61368	RNA degradation
P98086;Q9DCM6	Complement and coagulation cascades;Prion diseases;Chagas disease (American trypanosomiasis);Staphylococcus aureus infection;Systemic lupus erythematosus
Q9JMG2	Mucin type O-Glycan biosynthesis
Q3V3R1;Q3TVQ0;Q3V402;Q80V98;Q8CAL0;Q8K2N5	One carbon pool by folate
Q91ZX1;Q3TAT9;Q91ZW5	Phagosome;ko05152;Measles
P79621;O46787;O78036;O78109;Q31115;Q9TPP1	Antigen processing and presentation;Toxoplasmosis;ko05152;Primary immunodeficiency
Q8CJ91;Q8BGZ0;Q8BHK7;Q8CJ86;Q8CJ87;Q8CJ88;Q8CJ89;Q8CJ90;Q8CJ92;Q8CJ93;Q8CJ94;Q91ZW4;Q91ZX0;Q9D8V4	Phagosome;ko05152;Measles
O09047;O35951	Neuroactive ligand-receptor interaction;Complement and coagulation cascades;Staphylococcus aureus infection
Q8CG16;Q99KI6;Q9ET60	Phagosome;Complement and coagulation cascades;Staphylococcus aureus infection;Systemic lupus erythematosus
Q91ZW9;Q0VB37	Phagosome;ko05152;Measles
Q91ZW8;Q8VIK4	Phagosome;ko05152;Measles
Q91ZW7	Phagosome;ko05152;Measles
Q922D8;Q8R013	One carbon pool by folate
P08607;Q91X48	Complement and coagulation cascades
P30993;Q3TZ86	Neuroactive ligand-receptor interaction;Complement and coagulation cascades;Staphylococcus aureus infection
Q9CZB0;Q544Q9;Q99JP2;Q9DCU7	Citrate cycle (TCA cycle);Oxidative phosphorylation;Alzheimer's disease;Parkinson's disease;Huntington's disease
Q8BW93;B2RQI1;Q3TVM8	Neuroactive ligand-receptor interaction
Q5RJF7	MAPK signaling pathway;Cardiac muscle contraction;Hypertrophic cardiomyopathy (HCM);Arrhythmogenic right ventricular cardiomyopathy (ARVC);Dilated cardiomyopathy
Q9QX15;B7ZN73;O88860;Q3UQR1;Q8C324;Q8CCM1	Olfactory transduction;Pancreatic secretion
O08532;O08533;O08534;O08535;O08536	MAPK signaling pathway;Cardiac muscle contraction;Hypertrophic cardiomyopathy (HCM);Arrhythmogenic right ventricular cardiomyopathy (ARVC);Dilated cardiomyopathy
Q99246;Q7TSD2;Q8R2I9;Q8R2J0	MAPK signaling pathway;Calcium signaling pathway;Cardiac muscle contraction;Vascular smooth muscle contraction;GnRH signaling pathway;Type II diabetes mellitus;Carbohydrate digestion and absorption;Alzheimer's disease;Hypertrophic cardiomyopathy (HCM);Arrhythmogenic right ventricular cardiomyopathy (ARVC);Dilated cardiomyopathy
Q6PHS9;B2RY16;Q3TPT9;Q3TSS6;Q6REE3;Q8C8R8;Q8CHE9;Q920H5;Q920H6;Q9EQG2;Q9R142	MAPK signaling pathway;Cardiac muscle contraction;Hypertrophic cardiomyopathy (HCM);Arrhythmogenic right ventricular cardiomyopathy (ARVC);Dilated cardiomyopathy
Q8R0S4;Q3UHK2;Q8BRN6;Q8CAJ9	MAPK signaling pathway;Cardiac muscle contraction;Hypertrophic cardiomyopathy (HCM);Arrhythmogenic right ventricular cardiomyopathy (ARVC);Dilated cardiomyopathy
Q06138;Q8VDZ8	mTOR signaling pathway
Q02789;E9Q7B5;E9QPX8;F8VQE0;Q3UPG8;Q99240	MAPK signaling pathway;Calcium signaling pathway;Cardiac muscle contraction;Vascular smooth muscle contraction;GnRH signaling pathway;Alzheimer's disease;Hypertrophic cardiomyopathy (HCM);Arrhythmogenic right ventricular cardiomyopathy (ARVC);Dilated cardiomyopathy
Q9Z1L5	MAPK signaling pathway;Cardiac muscle contraction;Hypertrophic cardiomyopathy (HCM);Arrhythmogenic right ventricular cardiomyopathy (ARVC);Dilated cardiomyopathy
P97445;Q2TPN3	MAPK signaling pathway;Calcium signaling pathway;Long-term depression;Taste transduction;Type II diabetes mellitus
P47934;Q3TCG3;Q3V1Y3;Q923A6	Peroxisome
P33146;B2RXU1;Q9QYZ7	Cell adhesion molecules (CAMs)
Q8R3Z5;A2A544;O88517;Q7TPF2;Q8R3Z6;Q9EPT9	MAPK signaling pathway;Cardiac muscle contraction;Hypertrophic cardiomyopathy (HCM);Arrhythmogenic right ventricular cardiomyopathy (ARVC);Dilated cardiomyopathy
O55017;Q60609	MAPK signaling pathway;Calcium signaling pathway;Taste transduction;Type II diabetes mellitus
Q8CC27;A2ASJ8;Q8C5J5;Q9CTQ6	MAPK signaling pathway;Cardiac muscle contraction;Hypertrophic cardiomyopathy (HCM);Arrhythmogenic right ventricular cardiomyopathy (ARVC);Dilated cardiomyopathy
P39038	Cell adhesion molecules (CAMs)
P09803;Q61377	Cell adhesion molecules (CAMs);Adherens junction;Bacterial invasion of epithelial cells;Pathogenic Escherichia coli infection;Pathways in cancer;Endometrial cancer;Thyroid cancer;Melanoma;Bladder cancer
P15116;Q64260;Q6GU11	Cell adhesion molecules (CAMs);Arrhythmogenic right ventricular cardiomyopathy (ARVC)
P54285;G5E821	MAPK signaling pathway;Cardiac muscle contraction;Hypertrophic cardiomyopathy (HCM);Arrhythmogenic right ventricular cardiomyopathy (ARVC);Dilated cardiomyopathy
P55284;O35542	Cell adhesion molecules (CAMs);Leukocyte transendothelial migration
Q01815;Q04476;Q61242;Q99242	MAPK signaling pathway;Calcium signaling pathway;Cardiac muscle contraction;Vascular smooth muscle contraction;Long-term potentiation;GnRH signaling pathway;Type II diabetes mellitus;Alzheimer's disease;Hypertrophic cardiomyopathy (HCM);Arrhythmogenic right ventricular cardiomyopathy (ARVC);Dilated cardiomyopathy
Q8R5M8;Q6F3J3;Q7TNL1;Q80VG4;Q8K3T6;Q8R4L1;Q9QYL5;Q9QYL6;Q9Z2H8	Cell adhesion molecules (CAMs)
P10287;Q61465;Q8BSL6	Cell adhesion molecules (CAMs)
Q99N28;Q8BSQ8;Q8K1H8	Cell adhesion molecules (CAMs)
P23589	Nitrogen metabolism
Q8CI85;Q8BKG6	Nitrogen metabolism
P13634;Q3TS19;Q9DC84	Nitrogen metabolism
Q9QZA0;Q8C3J9;Q8K014	Nitrogen metabolism
Q9D6N1;Q3UBM2	Nitrogen metabolism
Q9WVT6	Nitrogen metabolism
P18761;B1ARR5;O88625	Nitrogen metabolism
Q99N23	Nitrogen metabolism
Q9ERQ8;Q811X4	Nitrogen metabolism
P28651;Q8CF58;Q91XF6	Nitrogen metabolism
Q8VHB5;Q8K1G1;Q8VDE4	Nitrogen metabolism
P00920;Q6LDQ7;Q7TPE1;Q9DCT3;Q9DCY9	Nitrogen metabolism
P16015;Q9ERN8	Nitrogen metabolism
P12658;Q545N6	Endocrine and other factor-regulated calcium reabsorption
Q60755;F6X7J4;Q3UUL9;Q8CAB0	Neuroactive ligand-receptor interaction;Osteoclast differentiation
Q64444	Nitrogen metabolism
Q9D6P8;Q99K52	Calcium signaling pathway;Phosphatidylinositol signaling system;Oocyte meiosis;Vascular smooth muscle contraction;Plant-pathogen interaction;Long-term potentiation;Neurotrophin signaling pathway;Olfactory transduction;Phototransduction;Phototransduction - fly;Insulin signaling pathway;GnRH signaling pathway;Melanogenesis;Salivary secretion;Gastric acid secretion;Alzheimer's disease;ko05152;Glioma
P0DP28;P02593;P62204;P70667;P99014;Q3TEH7;Q3THK5;Q3U6Z5;Q3U7C7;Q498A3;Q61379;Q61380;Q8BNC9;Q91VQ9;Q9D6G4	Calcium signaling pathway;Phosphatidylinositol signaling system;Oocyte meiosis;Vascular smooth muscle contraction;Plant-pathogen interaction;Long-term potentiation;Neurotrophin signaling pathway;Olfactory transduction;Phototransduction;Phototransduction - fly;Insulin signaling pathway;GnRH signaling pathway;Melanogenesis;Salivary secretion;Gastric acid secretion;Alzheimer's disease;ko05152;Glioma
P0DP26;P02593;P62204;P70667;P99014;Q3TEH7;Q3THK5;Q3U6Z5;Q3U7C7;Q498A3;Q61379;Q61380;Q8BNC9;Q91VQ9;Q9D6G4	Calcium signaling pathway;Phosphatidylinositol signaling system;Oocyte meiosis;Vascular smooth muscle contraction;Plant-pathogen interaction;Long-term potentiation;Neurotrophin signaling pathway;Olfactory transduction;Phototransduction;Phototransduction - fly;Insulin signaling pathway;GnRH signaling pathway;Melanogenesis;Salivary secretion;Gastric acid secretion;Alzheimer's disease;ko05152;Glioma
Q9R1W5;Q9QXH8;Q9WUP2	Neuroactive ligand-receptor interaction;Vascular smooth muscle contraction
Q9JM83;Q9CR31;Q9D1E9	Calcium signaling pathway;Phosphatidylinositol signaling system;Oocyte meiosis;Vascular smooth muscle contraction;Plant-pathogen interaction;Long-term potentiation;Neurotrophin signaling pathway;Olfactory transduction;Phototransduction;Phototransduction - fly;Insulin signaling pathway;GnRH signaling pathway;Melanogenesis;Salivary secretion;Gastric acid secretion;Alzheimer's disease;ko05152;Glioma
P14211;Q3TVD2	Protein processing in endoplasmic reticulum;Phagosome;Antigen processing and presentation;Chagas disease (American trypanosomiasis)
P51437;Q0VB78	Salivary secretion;ko05152
P0DP27;P02593;P62204;P70667;P99014;Q3TEH7;Q3THK5;Q3U6Z5;Q3U7C7;Q498A3;Q61379;Q61380;Q8BNC9;Q91VQ9;Q9D6G4	Calcium signaling pathway;Phosphatidylinositol signaling system;Oocyte meiosis;Vascular smooth muscle contraction;Plant-pathogen interaction;Long-term potentiation;Neurotrophin signaling pathway;Olfactory transduction;Phototransduction;Phototransduction - fly;Insulin signaling pathway;GnRH signaling pathway;Melanogenesis;Salivary secretion;Gastric acid secretion;Alzheimer's disease;ko05152;Glioma
P35564	Protein processing in endoplasmic reticulum;Phagosome;Antigen processing and presentation
O08529;O35518;O54843	Protein processing in endoplasmic reticulum;Apoptosis;Focal adhesion;Alzheimer's disease
Q63810;Q3V067;Q5F225	MAPK signaling pathway;Calcium signaling pathway;Oocyte meiosis;Apoptosis;Wnt signaling pathway;Axon guidance;VEGF signaling pathway;Natural killer cell mediated cytotoxicity;T cell receptor signaling pathway;B cell receptor signaling pathway;Long-term potentiation;Alzheimer's disease;Amyotrophic lateral sclerosis (ALS);ko05152
O35350;O88666	Protein processing in endoplasmic reticulum;Apoptosis;Alzheimer's disease
Q63811	MAPK signaling pathway;Calcium signaling pathway;Oocyte meiosis;Apoptosis;Wnt signaling pathway;Axon guidance;VEGF signaling pathway;Natural killer cell mediated cytotoxicity;T cell receptor signaling pathway;B cell receptor signaling pathway;Long-term potentiation;Alzheimer's disease;Amyotrophic lateral sclerosis (ALS);ko05152
Q8VCF1;B1AQJ8;Q8C3R8;Q8C4T6;Q9D3F2;Q9D9R1	Purine metabolism;Pyrimidine metabolism
Q8CIS0;Q4VA14;Q6KAS3;Q8BYV0	T cell receptor signaling pathway;B cell receptor signaling pathway
A2AIV8	NOD-like receptor signaling pathway;ko05152
Q8K3W3;A3KFP7;Q3UT99;Q8K219;Q99NF0	RNA transport;mRNA surveillance pathway
P29452	NOD-like receptor signaling pathway;Cytosolic DNA-sensing pathway;Amyotrophic lateral sclerosis (ALS)
O08736;Q3TT82	Protein processing in endoplasmic reticulum;Apoptosis;Alzheimer's disease;Amyotrophic lateral sclerosis (ALS);Prion diseases
P70677;O08668;Q8CHV5;Q9QWI4	MAPK signaling pathway;p53 signaling pathway;Apoptosis;Natural killer cell mediated cytotoxicity;Alzheimer's disease;Parkinson's disease;Amyotrophic lateral sclerosis (ALS);Huntington's disease;Epithelial cell signaling in Helicobacter pylori infection;Toxoplasmosis;Amoebiasis;ko05152;Pathways in cancer;Colorectal cancer;Viral myocarditis
P97864;O08669	Apoptosis;Alzheimer's disease
O08738	Apoptosis
O89110;O35669	p53 signaling pathway;Apoptosis;Toll-like receptor signaling pathway;NOD-like receptor signaling pathway;RIG-I-like receptor signaling pathway;Alzheimer's disease;Huntington's disease;Chagas disease (American trypanosomiasis);Toxoplasmosis;ko05152;Pathways in cancer;Viral myocarditis
P49935;Q3UCD6	Lysosome
P24270;Q3TXQ6	Tryptophan metabolism;Methane metabolism;Peroxisome;Amyotrophic lateral sclerosis (ALS)
P70269;O35647;Q3UKT5;Q4FK00	Lysosome
Q8C3Q9	p53 signaling pathway;Apoptosis;VEGF signaling pathway;Alzheimer's disease;Parkinson's disease;Amyotrophic lateral sclerosis (ALS);Huntington's disease;Toxoplasmosis;ko05152;Pathways in cancer;Colorectal cancer;Pancreatic cancer;Endometrial cancer;Prostate cancer;Small cell lung cancer;Non-small cell lung cancer;Viral myocarditis
P18242	Lysosome;ko05152
P55097;O88718	Lysosome;Osteoclast differentiation;Toll-like receptor signaling pathway;Rheumatoid arthritis
Q8BM88;Q3TM69;Q80V35;Q8BKX0	Lysosome
P10605;Q3UDW7	Lysosome;Antigen processing and presentation
Q9R013;Q9WUT4	Lysosome
P97821;O08853	Lysosome
Q9JL96;Q91Z75;Q91ZF3;Q9CQB9	Lysosome
Q9WUU7	Lysosome
P49817;Q8C1X7;Q8CBP4;Q9QYH3;Q9QYH4	Endocytosis;Focal adhesion;Bacterial invasion of epithelial cells;Viral myocarditis
P28293	Neuroactive ligand-receptor interaction;Lysosome;Renin-angiotensin system;Amoebiasis;Systemic lupus erythematosus
P56203	Lysosome
O70370;E9QK18;O54973	Lysosome;Phagosome;Antigen processing and presentation;ko05152
Q9R014;Q564D9;Q91XK6;Q9WV51	Lysosome
P06797;Q91UZ0	Lysosome;Phagosome;Antigen processing and presentation;Rheumatoid arthritis
Q9WVC3;Q3TYR4	Endocytosis;Focal adhesion;Bacterial invasion of epithelial cells
P51637	Endocytosis;Focal adhesion;Bacterial invasion of epithelial cells
Q9DB16;Q8BG52;Q91WB8;Q91YL0	mTOR signaling pathway
P22682;Q3U527;Q8CEA1	ErbB signaling pathway;Ubiquitin mediated proteolysis;Endocytosis;Jak-STAT signaling pathway;T cell receptor signaling pathway;Insulin signaling pathway;Bacterial invasion of epithelial cells;Pathways in cancer;Chronic myeloid leukemia
Q504N0	Pancreatic secretion;Protein digestion and absorption
P15089	Renin-angiotensin system;Pancreatic secretion;Protein digestion and absorption
Q3TTA7;E9QMY2	ErbB signaling pathway;Ubiquitin mediated proteolysis;Endocytosis;Jak-STAT signaling pathway;T cell receptor signaling pathway;Insulin signaling pathway;Bacterial invasion of epithelial cells;Pathways in cancer;Chronic myeloid leukemia
Q7TPZ8	Pancreatic secretion;Protein digestion and absorption
Q80XL1;Q99PB6;Q9D6L2;Q9D7A9	ErbB signaling pathway;Ubiquitin mediated proteolysis;Endocytosis;Jak-STAT signaling pathway;T cell receptor signaling pathway;Insulin signaling pathway;Bacterial invasion of epithelial cells;Pathways in cancer;Chronic myeloid leukemia
Q00493;Q64439	Type I diabetes mellitus
Q9JHH6;Q5EBI3;Q9QZF0	Complement and coagulation cascades;Pancreatic secretion;Protein digestion and absorption
P48758;Q91X28	Arachidonic acid metabolism
P08074	Arachidonic acid metabolism
Q8K354	Arachidonic acid metabolism
Q91WT9;Q91WU3	Glycine, serine and threonine metabolism;Cysteine and methionine metabolism
Q6GQT0;Q8BZ66	Cell cycle;Cell cycle - yeast;Meiosis - yeast
P84444;O09002;O09006;Q3U1J2;Q91V84	Cytokine-cytokine receptor interaction;Chemokine signaling pathway
Q6PFY9;Q80WC4;Q8BLV5	Cell cycle;Cell cycle - yeast;Meiosis - yeast
P51676;A0JP35	Cytokine-cytokine receptor interaction;Chemokine signaling pathway
Q8R344;Q9CZH5	Spliceosome
Q9JJV4	MAPK signaling pathway;Cardiac muscle contraction;Hypertrophic cardiomyopathy (HCM);Arrhythmogenic right ventricular cardiomyopathy (ARVC);Dilated cardiomyopathy
Q8VHW4	MAPK signaling pathway;Cardiac muscle contraction;Hypertrophic cardiomyopathy (HCM);Arrhythmogenic right ventricular cardiomyopathy (ARVC);Dilated cardiomyopathy
P53702;Q6P5G5	Porphyrin and chlorophyll metabolism
D3YZP9	Pathways in cancer;Thyroid cancer
O70578	MAPK signaling pathway;Cardiac muscle contraction;Hypertrophic cardiomyopathy (HCM);Arrhythmogenic right ventricular cardiomyopathy (ARVC);Dilated cardiomyopathy
Q9WUZ6;Q9R043	Cytokine-cytokine receptor interaction;Chemokine signaling pathway
Q8VHW3	MAPK signaling pathway;Cardiac muscle contraction;Hypertrophic cardiomyopathy (HCM);Arrhythmogenic right ventricular cardiomyopathy (ARVC);Dilated cardiomyopathy
P48298	Cytokine-cytokine receptor interaction;Chemokine signaling pathway
P62956;Q8VBX3;Q8WXS6;Q9BXT1	MAPK signaling pathway;Cardiac muscle contraction;Hypertrophic cardiomyopathy (HCM);Arrhythmogenic right ventricular cardiomyopathy (ARVC);Dilated cardiomyopathy
P09240;Q53WS9;Q9DCL5	Neuroactive ligand-receptor interaction;Pancreatic secretion
Q62401;Q9QYD6	Cytokine-cytokine receptor interaction;Chemokine signaling pathway
O70460	Cytokine-cytokine receptor interaction;Chemokine signaling pathway
O88602	MAPK signaling pathway;Cardiac muscle contraction;Hypertrophic cardiomyopathy (HCM);Arrhythmogenic right ventricular cardiomyopathy (ARVC);Dilated cardiomyopathy
P10148;Q9QYD7	Cytokine-cytokine receptor interaction;Chemokine signaling pathway
Q9JKC0	Cytokine-cytokine receptor interaction;Chemokine signaling pathway
P14097	Cytokine-cytokine receptor interaction;Chemokine signaling pathway;Cytosolic DNA-sensing pathway
P10146;P14098;Q9QUR9;Q9QUS5	Cytokine-cytokine receptor interaction;Chemokine signaling pathway
O08786;Q8VCC7;Q9DBV6	Calcium signaling pathway;Neuroactive ligand-receptor interaction;Pancreatic secretion
O35903;Q9QYY6	Cytokine-cytokine receptor interaction;Chemokine signaling pathway;Intestinal immune network for IgA production
Q03366	Cytokine-cytokine receptor interaction;Chemokine signaling pathway
Q9JJV5;A6H6R5	MAPK signaling pathway;Cardiac muscle contraction;Hypertrophic cardiomyopathy (HCM);Arrhythmogenic right ventricular cardiomyopathy (ARVC);Dilated cardiomyopathy
O89093;Q9Z1X3	Cytokine-cytokine receptor interaction;Chemokine signaling pathway;Rheumatoid arthritis
Q9Z1X0;Q3KNL1;Q9DAU6;Q9DAZ4	Cytokine-cytokine receptor interaction;Chemokine signaling pathway;Intestinal immune network for IgA production
Q9Z121	Cytokine-cytokine receptor interaction;Chemokine signaling pathway
P10855;P14096	Cytokine-cytokine receptor interaction;Chemokine signaling pathway;Chagas disease (American trypanosomiasis);Rheumatoid arthritis
P30882	Cytokine-cytokine receptor interaction;Chemokine signaling pathway;Toll-like receptor signaling pathway;NOD-like receptor signaling pathway;Cytosolic DNA-sensing pathway;Prion diseases;Epithelial cell signaling in Helicobacter pylori infection;Chagas disease (American trypanosomiasis);Rheumatoid arthritis
Q9JIL2	Cytokine-cytokine receptor interaction;Chemokine signaling pathway;Intestinal immune network for IgA production
P51670;Q5QNW2	Cytokine-cytokine receptor interaction;Chemokine signaling pathway
O88430	Cytokine-cytokine receptor interaction;Chemokine signaling pathway
P27784;Q3U3W3;Q5QNW1;Q99M24;Q9D830	Cytokine-cytokine receptor interaction;Chemokine signaling pathway
P24860	Cell cycle;p53 signaling pathway;Progesterone-mediated oocyte maturation
P51943;Q61459;Q8BRG1	Cell cycle;Progesterone-mediated oocyte maturation
Q9Z238;Q9QWU5	Cell cycle;Oocyte meiosis;p53 signaling pathway;Measles;Pathways in cancer;Prostate cancer;Small cell lung cancer
P51945;O54779	p53 signaling pathway
P30276;Q922E9	Cell cycle;p53 signaling pathway;Progesterone-mediated oocyte maturation
P30280	Cell cycle;p53 signaling pathway;Wnt signaling pathway;Focal adhesion;Jak-STAT signaling pathway;Measles
O08918;O35612	p53 signaling pathway
Q61458;Q9CVJ0;Q9JHV7	Basal transcription factors;Nucleotide excision repair;Cell cycle
P30282;Q62391;Q99KP2	Cell cycle;p53 signaling pathway;Wnt signaling pathway;Focal adhesion;Jak-STAT signaling pathway;Measles
P25322	Cell cycle;p53 signaling pathway;Wnt signaling pathway;Focal adhesion;Jak-STAT signaling pathway;Measles;Pathways in cancer;Colorectal cancer;Pancreatic cancer;Endometrial cancer;Glioma;Prostate cancer;Thyroid cancer;Melanoma;Bladder cancer;Chronic myeloid leukemia;Acute myeloid leukemia;Small cell lung cancer;Non-small cell lung cancer;Viral myocarditis
Q61456;Q8C5U1	Cell cycle;Progesterone-mediated oocyte maturation
Q61457;Q05BA1;Q05BA6;Q05BB7	Cell cycle;Oocyte meiosis;p53 signaling pathway;Measles;Pathways in cancer;Prostate cancer;Small cell lung cancer
P51680;Q14A03	Cytokine-cytokine receptor interaction;Chemokine signaling pathway
P51683;Q61172	Cytokine-cytokine receptor interaction;Chemokine signaling pathway
Q9JL21;Q542A4;Q9JIP1;Q9JL20	Cytokine-cytokine receptor interaction;Chemokine signaling pathway;Intestinal immune network for IgA production
O54689	Cytokine-cytokine receptor interaction;Chemokine signaling pathway
P47774;Q8CAS2	Cytokine-cytokine receptor interaction;Chemokine signaling pathway
P51678;Q8K3M7	Cytokine-cytokine receptor interaction;Chemokine signaling pathway
P51675;Q6ZWR7;Q91VP9	Cytokine-cytokine receptor interaction;Chemokine signaling pathway
P56484	Cytokine-cytokine receptor interaction;Chemokine signaling pathway
Q9WUT7;A2RSM5;Q543I4	Cytokine-cytokine receptor interaction;Chemokine signaling pathway;Intestinal immune network for IgA production
P51682;O35313;O35891;P97308;P97405;Q3ZAZ8;Q61867	Cytokine-cytokine receptor interaction;Chemokine signaling pathway;Endocytosis;Toxoplasmosis
Q9WU84;Q9CRJ9	Amyotrophic lateral sclerosis (ALS)
P10810	MAPK signaling pathway;Phagosome;Toll-like receptor signaling pathway;Hematopoietic cell lineage;Regulation of actin cytoskeleton;Pathogenic Escherichia coli infection;Amoebiasis;ko05152
Q61490;O70136;Q8CDA5;Q8R2T0	Cell adhesion molecules (CAMs)
P19437	Hematopoietic cell lineage
Q61470	Hematopoietic cell lineage
Q8VE98	Cell adhesion molecules (CAMs)
Q8K4F0	Cell adhesion molecules (CAMs)
Q63994;A2RT59;Q63997	Hematopoietic cell lineage
P11609;Q91XK9	Hematopoietic cell lineage
P22646	Hematopoietic cell lineage;T cell receptor signaling pathway;Chagas disease (American trypanosomiasis);Measles;Primary immunodeficiency
P56528;Q8BFY8	Nicotinate and nicotinamide metabolism;Calcium signaling pathway;Salivary secretion;Pancreatic secretion
P11610	Hematopoietic cell lineage
Q64314;Q62550;Q62551	Cell adhesion molecules (CAMs);Hematopoietic cell lineage
P35329;Q3UP36;Q9JHL2;Q9JJX9;Q9JJY0;Q9JJY1;Q9R056;Q9R094;Q9WU51	Cell adhesion molecules (CAMs);Hematopoietic cell lineage;B cell receptor signaling pathway
P41272	Cytokine-cytokine receptor interaction
P08920;Q61394	Cell adhesion molecules (CAMs);Hematopoietic cell lineage
P11942	Hematopoietic cell lineage;T cell receptor signaling pathway;Chagas disease (American trypanosomiasis);Measles
P27548	Cytokine-cytokine receptor interaction;Cell adhesion molecules (CAMs);T cell receptor signaling pathway;Intestinal immune network for IgA production;Malaria;Toxoplasmosis;Asthma;Autoimmune thyroid disease;Systemic lupus erythematosus;Allograft rejection;Primary immunodeficiency;Viral myocarditis
P25918;Q542B2	Hematopoietic cell lineage;B cell receptor signaling pathway;Primary immunodeficiency
P04235	Hematopoietic cell lineage;T cell receptor signaling pathway;Chagas disease (American trypanosomiasis);Measles;Primary immunodeficiency
P31041;Q6GSH7	Cell adhesion molecules (CAMs);T cell receptor signaling pathway;Intestinal immune network for IgA production;Type I diabetes mellitus;Measles;Autoimmune thyroid disease;Systemic lupus erythematosus;Rheumatoid arthritis;Allograft rejection;Graft-versus-host disease;Viral myocarditis
P58019;Q920G7	Complement and coagulation cascades;Hematopoietic cell lineage
P06332	Cell adhesion molecules (CAMs);Antigen processing and presentation;Hematopoietic cell lineage;T cell receptor signaling pathway;Primary immunodeficiency
Q07763;O88654;Q3UV86;Q9JIE0	Natural killer cell mediated cytotoxicity
Q61735;Q921Z2	ECM-receptor interaction
P24161;P29020;Q9D3G3	Natural killer cell mediated cytotoxicity;T cell receptor signaling pathway;Chagas disease (American trypanosomiasis)
Q08857	PPAR signaling pathway;Phagosome;ECM-receptor interaction;Hematopoietic cell lineage;Adipocytokine signaling pathway;Fat digestion and absorption;Malaria
Q9JLQ0;E9QL86;O88903;Q8K4Z1;Q8VCI9	Bacterial invasion of epithelial cells
O55237	Cytokine-cytokine receptor interaction
P24807;P26691	Hematopoietic cell lineage
P13379	Hematopoietic cell lineage
P21855;A2AIN6;Q64225	B cell receptor signaling pathway
P40237	p53 signaling pathway
P15379;Q05732;Q61395;Q62060;Q62061;Q62062;Q62063;Q62408;Q62409;Q64296;Q99J14;Q9QYX8	ECM-receptor interaction;Hematopoietic cell lineage;Shigellosis
P10300;Q31127;Q60966;Q61811	Cell adhesion molecules (CAMs);Antigen processing and presentation;Hematopoietic cell lineage;T cell receptor signaling pathway;Primary immunodeficiency
O55186;Q542R7	Complement and coagulation cascades;Hematopoietic cell lineage
P18181;Q545K2	Natural killer cell mediated cytotoxicity
P41731	Lysosome
P61809;Q62938	Alzheimer's disease
P11911;Q6GTY0	B cell receptor signaling pathway;Primary immunodeficiency
Q8VCN6;Q4L299;Q4L2A4;Q8BLN1	Cell adhesion molecules (CAMs);Leukocyte transendothelial migration
P42082	Cell adhesion molecules (CAMs);Toll-like receptor signaling pathway;Intestinal immune network for IgA production;Type I diabetes mellitus;Autoimmune thyroid disease;Systemic lupus erythematosus;Rheumatoid arthritis;Allograft rejection;Graft-versus-host disease;Viral myocarditis
P15530;Q4FJP4	B cell receptor signaling pathway
P31996;O54688;O70321;Q3S4A9;Q5F2A8;Q9DD15	Lysosome
P50283	Hematopoietic cell lineage
P01731	Cell adhesion molecules (CAMs);Antigen processing and presentation;Hematopoietic cell lineage;T cell receptor signaling pathway;Primary immunodeficiency
P40240;Q3U9W0	Hematopoietic cell lineage
Q00609;Q61332	Cell adhesion molecules (CAMs);Toll-like receptor signaling pathway;Intestinal immune network for IgA production;Type I diabetes mellitus;Autoimmune thyroid disease;Systemic lupus erythematosus;Rheumatoid arthritis;Allograft rejection;Graft-versus-host disease;Viral myocarditis
Q8R349;Q9CYX9	Cell cycle;Cell cycle - yeast;Meiosis - yeast;Oocyte meiosis;Ubiquitin mediated proteolysis;Progesterone-mediated oocyte maturation
Q99JP4	Cell cycle;Cell cycle - yeast;Meiosis - yeast;Oocyte meiosis;Ubiquitin mediated proteolysis;Progesterone-mediated oocyte maturation
Q8BGZ4;Q6PD06;Q8C0F1	Cell cycle;Cell cycle - yeast;Meiosis - yeast;Oocyte meiosis;Ubiquitin mediated proteolysis;Progesterone-mediated oocyte maturation
Q61003;Q60679;Q61004;Q8BGK1	Cell adhesion molecules (CAMs)
P35762;Q91V78	B cell receptor signaling pathway;Malaria;Hepatitis C
A2A6Q5;A2A6Q6;B2RXS0	Cell cycle;Cell cycle - yeast;Meiosis - yeast;Oocyte meiosis;Ubiquitin mediated proteolysis;Progesterone-mediated oocyte maturation
Q9Z1X9;O70547;Q9QUK1;Q9R212	Cell cycle;Cell cycle - yeast;Meiosis - yeast
O89033;Q3TMD0;Q8C3S5;Q9CZT0	Cell cycle;Cell cycle - yeast;Meiosis - yeast
Q9JJ66;Q3TGP1;Q8BPG4;Q99LK3	Cell cycle;Cell cycle - yeast;Meiosis - yeast;Oocyte meiosis;Ubiquitin mediated proteolysis
Q6A068;Q8K1J9	Spliceosome
Q9Z0H0;Q9WUV1;Q9Z2Y7	Cell cycle;Cell cycle - yeast;Meiosis - yeast
P60766;A2A9U6;P21181;P25763;Q3THZ7;Q3TJK6;Q545V0;Q6P201;Q8BQ51	MAPK signaling pathway;MAPK signaling pathway - yeast;Chemokine signaling pathway;Endocytosis;Axon guidance;VEGF signaling pathway;Focal adhesion;Adherens junction;Tight junction;T cell receptor signaling pathway;Fc gamma R-mediated phagocytosis;Leukocyte transendothelial migration;Neurotrophin signaling pathway;Regulation of actin cytoskeleton;GnRH signaling pathway;Bacterial invasion of epithelial cells;Epithelial cell signaling in Helicobacter pylori infection;Pathogenic Escherichia coli infection;Shigellosis;Pathways in cancer;Renal cell carcinoma;Pancreatic cancer
P56389;Q9D7V3	Pyrimidine metabolism;Drug metabolism - other enzymes
Q8VDP6	Inositol phosphate metabolism;Glycerophospholipid metabolism;Phosphatidylinositol signaling system
P30285	Cell cycle;p53 signaling pathway;Tight junction;T cell receptor signaling pathway;Measles;Pathways in cancer;Pancreatic cancer;Glioma;Melanoma;Bladder cancer;Chronic myeloid leukemia;Small cell lung cancer;Non-small cell lung cancer
Q03147;Q99KK3	Basal transcription factors;Nucleotide excision repair;Cell cycle
P97377;O55105	Cell cycle;Oocyte meiosis;p53 signaling pathway;Progesterone-mediated oocyte maturation;Measles;Pathways in cancer;Prostate cancer;Small cell lung cancer
P49615	Axon guidance;Alzheimer's disease
Q60773;Q60794;Q91YV3	Cell cycle
P11440;P70337;Q3TI12	Cell cycle;Oocyte meiosis;p53 signaling pathway;Gap junction;Progesterone-mediated oocyte maturation
P46414;Q8BG74	Cell cycle;Measles;Pathways in cancer;Prostate cancer;Chronic myeloid leukemia
Q64261;Q9R1D2;Q9R1D3	Cell cycle;p53 signaling pathway;Measles;Pathways in cancer;Pancreatic cancer;Glioma;Melanoma;Chronic myeloid leukemia;Small cell lung cancer;Non-small cell lung cancer
P39689	ErbB signaling pathway;Cell cycle;p53 signaling pathway;Hepatitis C;Pathways in cancer;Glioma;Prostate cancer;Melanoma;Bladder cancer;Chronic myeloid leukemia
P60334;Q3UED8	Cysteine and methionine metabolism;Taurine and hypotaurine metabolism
P49919;G3UW61	Cell cycle
P51480;A2ANM1;A2ANM2;O89088;P97510;P97937;Q6PEA2;Q78E39;Q78E57;Q792X7;Q9QWH6;Q9QWH7;Q9QWH8	Cell cycle;p53 signaling pathway;Pathways in cancer;Pancreatic cancer;Glioma;Melanoma;Bladder cancer;Chronic myeloid leukemia;Non-small cell lung cancer
P98191;Q8CGZ1	Glycerophospholipid metabolism;Phosphatidylinositol signaling system
P55271	Cell cycle;TGF-beta signaling pathway;Pathways in cancer;Small cell lung cancer
Q60772	Cell cycle
Q99L43;Q3TMD1;Q6NSU1	Glycerophospholipid metabolism;Phosphatidylinositol signaling system
P28033	ko05152
P53566;Q91XB6	Pathways in cancer;Acute myeloid leukemia
P53568	ko05152
Q9CQ52;Q7TNI0;Q9D7T9	Pancreatic secretion;Protein digestion and absorption
O88693;A2AN90	Sphingolipid metabolism
P05208	Pancreatic secretion;Protein digestion and absorption
Q64285	Steroid biosynthesis;Glycerolipid metabolism;Pancreatic secretion;Fat digestion and absorption
O55233;O35213	Wnt signaling pathway
Q8BGS7;Q8VC64	Phosphonate and phosphinate metabolism;Glycerophospholipid metabolism;Ether lipid metabolism
Q8K4Q7;Q52KP2	Sphingolipid metabolism
Q61147;Q6P5C8	Porphyrin and chlorophyll metabolism
Q9R1K9;B1AUQ6;B1AUQ8;Q3UBB4;Q9CWM0	Nucleotide excision repair
P03953;Q61280	Complement and coagulation cascades;Staphylococcus aureus infection
P06909;Q6NZK3	Complement and coagulation cascades;Staphylococcus aureus infection
O35732;D3Z0W6;O35707;O35733	Apoptosis;Chagas disease (American trypanosomiasis)
Q61129;B2RWX8;Q9WU07	Complement and coagulation cascades;Staphylococcus aureus infection
Q8C1F4;Q6PAP6;Q8R5A2;Q9D2M1	Glycosaminoglycan biosynthesis - chondroitin sulfate
Q8VCN5;Q6H324	Glycine, serine and threonine metabolism;Cysteine and methionine metabolism;Selenocompound metabolism;Nitrogen metabolism
Q64676;Q61634;Q91W57	Sphingolipid metabolism
P26361;Q63893;Q63894;Q9JKQ6	ABC transporters;Gastric acid secretion;Pancreatic secretion;Bile secretion;Vibrio cholerae infection
Q8BJQ9;Q3UNQ5;Q3UZX6;Q5FWX8;Q8BWV9;Q8BZU7;Q8C195;Q8R0M6	Glycosaminoglycan biosynthesis - chondroitin sulfate
Q9Z0F5;Q3TUM6;Q8CHQ2	Primary bile acid biosynthesis
Q99LU0;Q3UB77;Q9CXR5	Endocytosis
Q9CQD4;B1ATX3	Endocytosis
Q61362;B0FEU7;D3Z2P2;Q3U291;Q4FJW9;Q8BKL8;Q99J84	Amino sugar and nucleotide sugar metabolism
P63038;P19226;P19227;P97602;Q3KQP2;Q3UIP0;Q8C2C7;Q8VEF4	RNA degradation;Type I diabetes mellitus;ko05152
O55226	Focal adhesion;ECM-receptor interaction
Q8BJ64;Q3TPY4;Q8CHT7	Glycine, serine and threonine metabolism
Q09XV5;Q3TV89;Q5I1Z2;Q6ZPM8	Wnt signaling pathway
Q8CGZ0;Q8K291;Q8VCD2	Spliceosome
Q91XA9;A0T468;B8K282;Q3TVE7;Q99PH2;Q9D803;Q9JLN1	Amino sugar and nucleotide sugar metabolism
Q9WUD1;Q9DCJ0	Ubiquitin mediated proteolysis;Protein processing in endoplasmic reticulum
O35280;O54925;Q8CI40;Q9D0N2	Cell cycle;Cell cycle - yeast;Meiosis - yeast;p53 signaling pathway
Q9D7Q1;Q6QJD2	Amino sugar and nucleotide sugar metabolism
Q9Z265	Cell cycle;Cell cycle - yeast;p53 signaling pathway
O54804;G5E853;Q8BPL3;Q8BPW6;Q9CXP3;Q9QX56	Glycerophospholipid metabolism
P0C0A3	Endocytosis
Q9CQ10;Q9D2Z2;Q9D7A5	Endocytosis
Q8BJF9;Q80UZ4;Q9CT65	Endocytosis
O55229	Glycerophospholipid metabolism
Q921W0;Q3TW57	Endocytosis
Q9D7S9;Q3UI64	Endocytosis
Q9D8B3;A2AVM1;Q3TXM7;Q91VM7;Q922P1	Endocytosis
P61022;Q62877;Q6ZWQ8	MAPK signaling pathway;Calcium signaling pathway;Oocyte meiosis;Apoptosis;Wnt signaling pathway;Axon guidance;VEGF signaling pathway;Natural killer cell mediated cytotoxicity;T cell receptor signaling pathway;B cell receptor signaling pathway;Long-term potentiation;Alzheimer's disease;Amyotrophic lateral sclerosis (ALS);ko05152
Q9DB34	Endocytosis
Q9D7F7;Q149R2;Q3TVD7;Q9CWH8	Endocytosis
Q8C025;Q6SXV1;Q8K0H2;Q91W91	Phosphonate and phosphinate metabolism;Glycerophospholipid metabolism;Ether lipid metabolism
Q9D869;Q0VEK2	MAPK signaling pathway;Calcium signaling pathway;Oocyte meiosis;Apoptosis;Wnt signaling pathway;Axon guidance;VEGF signaling pathway;Natural killer cell mediated cytotoxicity;T cell receptor signaling pathway;B cell receptor signaling pathway;Long-term potentiation;Alzheimer's disease;Amyotrophic lateral sclerosis (ALS);ko05152
Q9Z0E2	TGF-beta signaling pathway
Q9JME2;Q9JJS2	Glycosaminoglycan biosynthesis - chondroitin sulfate;Sulfur metabolism
Q9R1I1;Q9WUE5	Glycosaminoglycan biosynthesis - keratan sulfate
Q6ZQ11	Glycosaminoglycan biosynthesis - chondroitin sulfate
Q9QUP4	Glycosaminoglycan biosynthesis - keratan sulfate
Q99LL3;Q3TCX9;Q9JJS3	Glycosaminoglycan biosynthesis - chondroitin sulfate;Sulfur metabolism
Q6IQX7;E9PUB9	Glycosaminoglycan biosynthesis - chondroitin sulfate
Q5DTK1;B2RXU7	Glycosaminoglycan biosynthesis - chondroitin sulfate
Q80V53;A2AQV3;Q3TXA1;Q8R304;Q9D0P2	Glycosaminoglycan biosynthesis - chondroitin sulfate
Q9EP78;Q99NB0	Glycosaminoglycan biosynthesis - chondroitin sulfate
Q91XQ5;Q80TW4;Q8BLQ5;Q9D2N6	Glycosaminoglycan biosynthesis - chondroitin sulfate
Q8BQ86;Q76EC6;Q80XD4	Various types of N-glycan biosynthesis
Q9EQC0;Q9D0K5	Glycosaminoglycan biosynthesis - keratan sulfate
Q76EC5	Various types of N-glycan biosynthesis
Q80WV3;E9QNG2;O88276;Q794G9	Glycosaminoglycan biosynthesis - keratan sulfate
Q6PGK7;Q8BKU3;Q8BL08;Q8R2Y5;Q91Y40	Other types of O-glycan biosynthesis
O88199;Q794I5	Glycosaminoglycan biosynthesis - chondroitin sulfate
Q8CJ53;Q8BTR8;Q8R433;Q99LI0	Insulin signaling pathway
Q9DA19;Q3V2N9;Q4KL44;Q52KL9;Q5FW66	Notch signaling pathway
Q62225;Q3TC70	Jak-STAT signaling pathway
Q9CZU6;Q3UDP3	Citrate cycle (TCA cycle);Glyoxylate and dicarboxylate metabolism
Q8BMK4;B2RRB4;Q8BTK8;Q8R3F2	Protein processing in endoplasmic reticulum
P61025;P33551;Q6ZWX7	Cell cycle - yeast;Pathways in cancer;Small cell lung cancer
Q9D7Z6;O88826;Q8R049	Olfactory transduction;Pancreatic secretion
Q9R0Q8	ko05152
Q8BG22;Q8BZF7	Olfactory transduction;Pancreatic secretion
Q6IRU5;Q8BR04;Q8CDX9;Q9CV35	Lysosome;Endocytosis;Endocrine and other factor-regulated calcium reabsorption;Huntington's disease;Bacterial invasion of epithelial cells
Q9R0A1;Q0VBC2;Q9WUJ9	Mineral absorption
P56857;Q91ZY9;Q91ZZ0;Q91ZZ1	Cell adhesion molecules (CAMs);Tight junction;Leukocyte transendothelial migration;Hepatitis C
Q9Z0S4	Cell adhesion molecules (CAMs);Tight junction;Leukocyte transendothelial migration;Hepatitis C
O88552	Cell adhesion molecules (CAMs);Tight junction;Leukocyte transendothelial migration;Hepatitis C
Q9Z261;Q3TJX4	Cell adhesion molecules (CAMs);Tight junction;Leukocyte transendothelial migration;Hepatitis C
Q9Z0S3;Q9D284	Cell adhesion molecules (CAMs);Tight junction;Leukocyte transendothelial migration;Hepatitis C
Q9ET38;Q8R4B7	Cell adhesion molecules (CAMs);Tight junction;Leukocyte transendothelial migration;Hepatitis C
Q9WUB6;A2ADB6;Q8VCF8	Collecting duct acid secretion
Q9Z0G9;Q91X40	Cell adhesion molecules (CAMs);Tight junction;Leukocyte transendothelial migration;Hepatitis C
Q9QZM3;Q3SXK2	Cytokine-cytokine receptor interaction;Jak-STAT signaling pathway
Q9Z0S5;Q9D7Z0;Q9D8A6	Cell adhesion molecules (CAMs);Tight junction;Leukocyte transendothelial migration;Hepatitis C
Q9Z260	Cell adhesion molecules (CAMs);Tight junction;Leukocyte transendothelial migration;Hepatitis C
Q9Z0S7;Q6PEA4	Cell adhesion molecules (CAMs);Tight junction;Leukocyte transendothelial migration;Hepatitis C
Q925N4;Q542L7	Cell adhesion molecules (CAMs);Tight junction;Leukocyte transendothelial migration;Hepatitis C
O88551	Cell adhesion molecules (CAMs);Tight junction;Leukocyte transendothelial migration;Hepatitis C
O35054	Cell adhesion molecules (CAMs);Tight junction;Leukocyte transendothelial migration;Hepatitis C
Q9Z0S6;E9PVC8;E9PWP4;E9QMP1;Q8VC62;Q9CX57	Cell adhesion molecules (CAMs);Tight junction;Leukocyte transendothelial migration;Hepatitis C
Q8BXA6	Cell adhesion molecules (CAMs);Tight junction;Leukocyte transendothelial migration;Hepatitis C
O54942;O88789	Cell adhesion molecules (CAMs);Tight junction;Leukocyte transendothelial migration;Hepatitis C
Q60771;Q545N5;Q9DB65	Cell adhesion molecules (CAMs);Tight junction;Leukocyte transendothelial migration;Hepatitis C
Q9D7U6	Cell adhesion molecules (CAMs);Tight junction;Leukocyte transendothelial migration;Hepatitis C
Q9Z262	Cell adhesion molecules (CAMs);Tight junction;Leukocyte transendothelial migration;Hepatitis C
Q9D7D7	Cell adhesion molecules (CAMs);Tight junction;Leukocyte transendothelial migration;Hepatitis C
Q68FD5	Lysosome;Endocytosis;Endocrine and other factor-regulated calcium reabsorption;Huntington's disease;Bacterial invasion of epithelial cells
Q99LI9;Q3TEC7;Q3ULZ9	mRNA surveillance pathway
Q61124;O35934;P70400	Lysosome
Q3UMW8;Q8C054;Q8R152	Lysosome
O08785	Circadian rhythm - mammal;Circadian rhythm - fly
O88696;Q3TI13	Cell cycle - Caulobacter
Q9JHS4;E9QLZ8;Q9WVD1	Cell cycle - Caulobacter
Q99JA4;Q544P1;Q9JJ71;Q9JK47	Calcium signaling pathway;Neuroactive ligand-receptor interaction
Q920A1;A2RT90	Calcium signaling pathway;Neuroactive ligand-receptor interaction
Q61419;Q7TMR9;Q8JZM9	Amino sugar and nucleotide sugar metabolism
P21844;Q9R1F0	Renin-angiotensin system
Q8R1G2;Q8C1N1	Chlorocyclohexane and chlorobenzene degradation;Fluorobenzoate degradation;Toluene degradation
Q3U5Q7;Q3UCI7;Q5XKG5;Q62316;Q6PFG7;Q9DC34	Pyrimidine metabolism
Q8C156;Q8BY01;Q8VDM9	Cell cycle - yeast
P61249;Q14BP9;Q9D1Y6;Q9EP63	Purine metabolism
Q8BUG2;Q80XP5	Histidine metabolism;beta-Alanine metabolism
Q8K2Z4;Q6ZQI1;Q8R0F2;Q8R3H0;Q922B7;Q923A3;Q9CS25;Q9CT32	Cell cycle - yeast
Q9JJZ8;Q8CFV6;Q9WV01	Olfactory transduction
Q9JJN6	Wnt signaling pathway
Q3UW12;Q08EL1	Olfactory transduction
Q8C5L3;Q3UE39;Q80YA5;Q9D0P1	RNA degradation
Q8BH15;Q05CH8;Q3TSS4;Q3UDS5;Q80VN2;Q8CI74	RNA degradation
Q8K0V4;B2RUA7	RNA degradation
P29974;B9EJ09;Q60776	Phototransduction
Q9JKY0	RNA degradation
Q8BT14;Q8CCR4;Q9CV74;Q9Z1D0	RNA degradation
Q8K3P5;Q5NCL3;Q80V15	RNA degradation
Q8VEG6;Q3U9M0;Q8C0P4	RNA degradation
P47746;Q5SF33	Neuroactive ligand-receptor interaction
P09174	Purine metabolism;Phototransduction
Q6ZQ08;B2RY28;Q3UPB7;Q8BSB4;Q8BXB2;Q8C0H2;Q8K3D8	RNA degradation
Q60809	RNA degradation
O88507;Q80T01	Cytokine-cytokine receptor interaction;Jak-STAT signaling pathway
P47936;Q544H5	Neuroactive ligand-receptor interaction
P12960;Q6NXV7;Q8BR42;Q8C6A0	Cell adhesion molecules (CAMs)
Q9D8X5;Q3U532	RNA degradation
P51642	Cytokine-cytokine receptor interaction;Jak-STAT signaling pathway
P11087;Q53WT0;Q60635;Q61367;Q61427;Q63919;Q6PCL3;Q810J9	Focal adhesion;ECM-receptor interaction;Protein digestion and absorption;Amoebiasis
Q61330;Q6NZJ4;Q7TSJ5	Cell adhesion molecules (CAMs)
O54991;A2A4K6	Cell adhesion molecules (CAMs)
P08121;Q61429;Q9CRN7	Focal adhesion;ECM-receptor interaction;Protein digestion and absorption;Amoebiasis
P02463;Q3UHJ4;Q3UJE7;Q3UQV2;Q53X35;Q6GQS7;Q6PHB5;Q99LQ8	Focal adhesion;ECM-receptor interaction;Protein digestion and absorption;Amoebiasis;Pathways in cancer;Small cell lung cancer
Q9CPW0;Q6P2K4;Q6ZQ31	Cell adhesion molecules (CAMs)
P21180;O70350	Complement and coagulation cascades;Staphylococcus aureus infection;Systemic lupus erythematosus
Q02788;Q05505;Q8C972;Q8K229	Focal adhesion;ECM-receptor interaction;Protein digestion and absorption
P08122;Q3B7C2;Q3TPV9;Q61375;Q66JS5;Q6RCT6;Q6RCT7;Q6U9X1;Q8BPI9;Q8BPK3;Q91VI3	Focal adhesion;ECM-receptor interaction;Protein digestion and absorption;Amoebiasis;Pathways in cancer;Small cell lung cancer
A2AX52;A2AX53;A2AX54;A9CR35	Focal adhesion;ECM-receptor interaction;Protein digestion and absorption
O88207;A3KGE3;Q3UG94;Q6F6B0	Focal adhesion;ECM-receptor interaction;Protein digestion and absorption;Amoebiasis
Q01149;Q8CGA5	Focal adhesion;ECM-receptor interaction;Protein digestion and absorption;Amoebiasis
P01027;Q61370;Q80XP1	Phagosome;Complement and coagulation cascades;Leishmaniasis;Chagas disease (American trypanosomiasis);Staphylococcus aureus infection;ko05152;Systemic lupus erythematosus
Q05722;Q61269;Q61270;Q61433;Q61940	Protein digestion and absorption
P28481;Q61428;Q62031;Q62032;Q62033;Q641K3;Q6LDB1;Q6LDI8;Q6LDI9;Q80VY3;Q80X38;Q8CEF7;Q8K0N6	Focal adhesion;ECM-receptor interaction;Protein digestion and absorption;Amoebiasis
Q8C6K9;A6H587;A6H588;A6H589;A6H590	Focal adhesion;ECM-receptor interaction;Protein digestion and absorption
Q3U962;Q3TVR2;Q3UHK7;Q3UTT4;Q3V1J6;Q61431;Q7TMS0;Q80VS8	Focal adhesion;ECM-receptor interaction;Protein digestion and absorption;Amoebiasis
Q9QZR9;Q149M2;Q64457	Focal adhesion;ECM-receptor interaction;Protein digestion and absorption;Amoebiasis;Pathways in cancer;Small cell lung cancer
Q8K182;Q8CHJ9;Q8CHK1	Complement and coagulation cascades;Prion diseases;Amoebiasis;Systemic lupus erythematosus
P06684;A2AS36	Complement and coagulation cascades;Prion diseases;Staphylococcus aureus infection;Systemic lupus erythematosus
P06683;Q91XA7	Complement and coagulation cascades;Prion diseases;Amoebiasis;Systemic lupus erythematosus
Q8BH35;Q4VAH1;Q8CHJ5;Q8CHJ6;Q8VC14	Complement and coagulation cascades;Prion diseases;Amoebiasis;Systemic lupus erythematosus
Q04857	Focal adhesion;ECM-receptor interaction;Protein digestion and absorption
Q8VCG4	Complement and coagulation cascades;Prion diseases;Amoebiasis;Systemic lupus erythematosus
P01029;E9QKK7;O70346;Q31201;Q3TYY1;Q3TZC9;Q61372;Q61859;Q62353;Q6NWV8	Complement and coagulation cascades;Staphylococcus aureus infection;Systemic lupus erythematosus
Q8BZB2	Pantothenate and CoA biosynthesis
Q9DBL7;A2BFA8;Q3TVZ2;Q8K3Y4	Pantothenate and CoA biosynthesis
Q61245;Q64047;Q80WR4	Focal adhesion;ECM-receptor interaction;Protein digestion and absorption;Amoebiasis
Q64739;Q61432;Q9Z1W0	Focal adhesion;ECM-receptor interaction;Protein digestion and absorption;Amoebiasis
Q60847;P70322	Protein digestion and absorption
O35206;A2AJY3;Q3UZ71;Q9EQD9	Protein digestion and absorption
P18760	Axon guidance;Fc gamma R-mediated phagocytosis;Regulation of actin cytoskeleton
P45591	Axon guidance;Fc gamma R-mediated phagocytosis;Regulation of actin cytoskeleton
Q3SXB8;Q3SXB7;Q9DC75	Phagosome
P39061;Q60672;Q61434;Q61437;Q62001;Q62002;Q6NZK9;Q6P1Y4;Q8CCZ8;Q9CRT2;Q9JK63	Protein digestion and absorption
Q8K4Q8;Q3TYT8;Q8C979;Q8VIF6	Phagosome
Q07563;Q08AT3;Q3UXX1;Q99LK8	Protein digestion and absorption
P01193;P01200;Q544U4	Neuroactive ligand-receptor interaction;Melanogenesis;Adipocytokine signaling pathway
Q9CQC2;Q8VHR2;Q8VHR3	Fat digestion and absorption
O88587;Q91XH4	Steroid hormone biosynthesis;Tyrosine metabolism;Betalain biosynthesis
Q8CIE6;E9Q075	Neuroactive ligand-receptor interaction
Q9R0G6;G3X8Q4	Phagosome;TGF-beta signaling pathway;Focal adhesion;ECM-receptor interaction;Malaria
Q9R1A8	p53 signaling pathway;Ubiquitin mediated proteolysis
Q8K211;Q3UAJ9;Q8BXJ1	Mineral absorption
Q66JT7;E9QPH1;Q9D7M9	Ubiquinone and other terpenoid-quinone biosynthesis
P97478;Q9R0D7	Ubiquinone and other terpenoid-quinone biosynthesis
Q8R1S0;Q3TJM2;Q80V13;Q8BJY5	Ubiquinone and other terpenoid-quinone biosynthesis
Q9CXI0;Q9D6Y6;Q9D900	Ubiquinone and other terpenoid-quinone biosynthesis
Q8BMS4;Q3TCX5;Q6P918;Q8BM28	Ubiquinone and other terpenoid-quinone biosynthesis
O89053;Q7TMU0;Q9R1Y8;Q9R288	Phagosome;ko05152
P56469;A2AH76;Q9R1P8	Neuroactive ligand-receptor interaction
Q6P8I6;Q3UNX9	Oxidative phosphorylation
Q8BJ03;Q3URB2;Q8VDN0;Q921K5	Oxidative phosphorylation;Porphyrin and chlorophyll metabolism;Two-component system
Q8CFY5	Oxidative phosphorylation;Porphyrin and chlorophyll metabolism
P56394	Oxidative phosphorylation
P00397	Oxidative phosphorylation;Cardiac muscle contraction;Alzheimer's disease;Parkinson's disease;Huntington's disease
P00405;Q85K21	Oxidative phosphorylation;Cardiac muscle contraction;Alzheimer's disease;Parkinson's disease;Huntington's disease
P00416	Oxidative phosphorylation;Cardiac muscle contraction;Alzheimer's disease;Parkinson's disease;Huntington's disease
P12787;Q9D2W1	Oxidative phosphorylation;Cardiac muscle contraction;Alzheimer's disease;Parkinson's disease;Huntington's disease
Q91W29	Oxidative phosphorylation;Cardiac muscle contraction;Alzheimer's disease;Parkinson's disease;Huntington's disease
P48772	Oxidative phosphorylation;Cardiac muscle contraction;Alzheimer's disease;Parkinson's disease;Huntington's disease
Q64445;Q0VBB1;Q545I2	Oxidative phosphorylation;Cardiac muscle contraction;Alzheimer's disease;Parkinson's disease;Huntington's disease
Q9CPQ1;Q52KC6	Oxidative phosphorylation;Cardiac muscle contraction;Alzheimer's disease;Parkinson's disease;Huntington's disease
P19783;Q545A9	Oxidative phosphorylation;Cardiac muscle contraction;Alzheimer's disease;Parkinson's disease;Huntington's disease
P56393	Oxidative phosphorylation;Cardiac muscle contraction;Alzheimer's disease;Parkinson's disease;Huntington's disease
Q61387	Oxidative phosphorylation;Cardiac muscle contraction;Alzheimer's disease;Parkinson's disease;Huntington's disease
A6H666	Oxidative phosphorylation;Cardiac muscle contraction;Alzheimer's disease;Parkinson's disease;Huntington's disease
P17665;Q3U5S7	Oxidative phosphorylation;Cardiac muscle contraction;Alzheimer's disease;Parkinson's disease;Huntington's disease
P27786	Steroid hormone biosynthesis
P28649	Steroid hormone biosynthesis
Q9QZ82	Steroid hormone biosynthesis
P00184;Q61455	Steroid hormone biosynthesis;Tryptophan metabolism;Retinol metabolism;Metabolism of xenobiotics by cytochrome P450
O55127;Q9R1F4	Retinol metabolism
P56654;E9QKN4	Arachidonic acid metabolism;Linoleic acid metabolism;Retinol metabolism;Metabolism of xenobiotics by cytochrome P450;Drug metabolism - cytochrome P450
O35084	Steroid biosynthesis;ko05152
Q64429;Q3UVA8;Q60593;Q64461	Steroid hormone biosynthesis;Tryptophan metabolism;Metabolism of xenobiotics by cytochrome P450
P56655;B2RWV4;F8VPK7	Arachidonic acid metabolism;Linoleic acid metabolism;Retinol metabolism;Metabolism of xenobiotics by cytochrome P450;Drug metabolism - cytochrome P450
P00186;Q9QWJ4	Caffeine metabolism;Tryptophan metabolism;Linoleic acid metabolism;Retinol metabolism;Metabolism of xenobiotics by cytochrome P450;Drug metabolism - cytochrome P450
P56656;B9EIA6;G5E854	Arachidonic acid metabolism;Linoleic acid metabolism;Retinol metabolism;Metabolism of xenobiotics by cytochrome P450;Drug metabolism - cytochrome P450
Q64458;E9QMD8;Q8WUN8	Arachidonic acid metabolism;Linoleic acid metabolism;Retinol metabolism;Metabolism of xenobiotics by cytochrome P450;Drug metabolism - cytochrome P450
P56657;B2RTP3	Arachidonic acid metabolism;Linoleic acid metabolism;Retinol metabolism;Metabolism of xenobiotics by cytochrome P450;Drug metabolism - cytochrome P450
Q8CIM7;Q9DBJ5	Drug metabolism - cytochrome P450
Q811W2;Q3TM12	Retinol metabolism
P15392;Q91XG2	Caffeine metabolism;Retinol metabolism;Drug metabolism - cytochrome P450;Drug metabolism - other enzymes
P12790;Q64463	Arachidonic acid metabolism;Retinol metabolism;Metabolism of xenobiotics by cytochrome P450;Drug metabolism - cytochrome P450
B2RXA7	Retinol metabolism
O55071;B2RQK1	Arachidonic acid metabolism;Retinol metabolism;Metabolism of xenobiotics by cytochrome P450;Drug metabolism - cytochrome P450
Q9CX98;Q8BIM3	Arachidonic acid metabolism
Q91W64;Q5GLY9;Q80VW0;Q8R120;Q8VC00	Arachidonic acid metabolism;Linoleic acid metabolism;Retinol metabolism;Metabolism of xenobiotics by cytochrome P450;Drug metabolism - cytochrome P450
O54749	Arachidonic acid metabolism;Linoleic acid metabolism
O54750;Q8BR78	Arachidonic acid metabolism;Linoleic acid metabolism
Q05421;Q9Z198	Arachidonic acid metabolism;Linoleic acid metabolism;Metabolism of xenobiotics by cytochrome P450;Drug metabolism - cytochrome P450
Q9DBG1	Primary bile acid biosynthesis;PPAR signaling pathway
P56593;Q8VCW9	Caffeine metabolism;Retinol metabolism;Drug metabolism - cytochrome P450;Drug metabolism - other enzymes
P11714;Q64489;Q921V1	Drug metabolism - cytochrome P450
Q6VVW9	Steroid biosynthesis
Q6XVG2	Arachidonic acid metabolism;Linoleic acid metabolism;Retinol metabolism;Metabolism of xenobiotics by cytochrome P450;Drug metabolism - cytochrome P450
P24456;Q64490	Drug metabolism - cytochrome P450
Q9D816	Arachidonic acid metabolism;Linoleic acid metabolism;Retinol metabolism;Metabolism of xenobiotics by cytochrome P450;Drug metabolism - cytochrome P450
P33267	Metabolism of xenobiotics by cytochrome P450
P03940;A0JP50;O88304;Q64510;Q9QX14	Steroid hormone biosynthesis
Q9DBX6	Metabolism of xenobiotics by cytochrome P450
Q64459	Steroid hormone biosynthesis;Linoleic acid metabolism;Aminobenzoate degradation;Retinol metabolism;Metabolism of xenobiotics by cytochrome P450;Drug metabolism - cytochrome P450;Drug metabolism - other enzymes
Q9JMA7;B2RQU5;E9QJT9	Steroid hormone biosynthesis;Linoleic acid metabolism;Aminobenzoate degradation;Retinol metabolism;Metabolism of xenobiotics by cytochrome P450;Drug metabolism - cytochrome P450;Drug metabolism - other enzymes
Q64464	Steroid hormone biosynthesis;Linoleic acid metabolism;Aminobenzoate degradation;Retinol metabolism;Metabolism of xenobiotics by cytochrome P450;Drug metabolism - cytochrome P450;Drug metabolism - other enzymes
Q9WVK8	Primary bile acid biosynthesis
E9Q5K4;Q6IEF7;Q8BWN7;Q8QZW4	Arachidonic acid metabolism;Linoleic acid metabolism;Retinol metabolism;Metabolism of xenobiotics by cytochrome P450;Drug metabolism - cytochrome P450
Q64481;E9QP65	Steroid hormone biosynthesis;Linoleic acid metabolism;Aminobenzoate degradation;Retinol metabolism;Metabolism of xenobiotics by cytochrome P450;Drug metabolism - cytochrome P450;Drug metabolism - other enzymes
Q99N16;E9QLZ3;Q9D8N4	Arachidonic acid metabolism
Q91WL5;A2A973;Q3UNE4;Q6P931;Q8N7N3	Fatty acid metabolism;Arachidonic acid metabolism;Retinol metabolism;PPAR signaling pathway;Vascular smooth muscle contraction
A2A974	Fatty acid metabolism;Arachidonic acid metabolism;Retinol metabolism;PPAR signaling pathway;Vascular smooth muscle contraction
O09158	Steroid hormone biosynthesis;Linoleic acid metabolism;Aminobenzoate degradation;Retinol metabolism;Metabolism of xenobiotics by cytochrome P450;Drug metabolism - cytochrome P450;Drug metabolism - other enzymes
Q9JKJ9	Primary bile acid biosynthesis
O88833;A2A976;Q9DCS5	Fatty acid metabolism;Arachidonic acid metabolism;Retinol metabolism;PPAR signaling pathway;Vascular smooth muscle contraction
Q64505;Q8BFR7	Primary bile acid biosynthesis;Steroid hormone biosynthesis;PPAR signaling pathway;Bile secretion
Q9EP75;Q52L93	Arachidonic acid metabolism
O35728;A2A975;Q3UER2;Q5EBH0	Fatty acid metabolism;Arachidonic acid metabolism;Retinol metabolism;PPAR signaling pathway;Vascular smooth muscle contraction
Q8K0C4;Q8BSQ7;Q9JIP8;Q9JIY3	Steroid biosynthesis
Q60991;Q9CZ39	Primary bile acid biosynthesis;Steroid hormone biosynthesis
O88962;Q9R217	Primary bile acid biosynthesis;PPAR signaling pathway
P70166;Q8C5P9	Oocyte meiosis;Dorso-ventral axis formation;Progesterone-mediated oocyte maturation
Q9QXK7;Q8CIM0	mRNA surveillance pathway
Q9EPU4	mRNA surveillance pathway
P52825;Q3TFS0	Fatty acid metabolism;PPAR signaling pathway
Q8BQZ5;O54930	mRNA surveillance pathway
Q6NVF9;Q8BX86;Q8BXI8	mRNA surveillance pathway
P97742;O35288;Q80SW3;Q8BP98;Q8C7H8	Fatty acid metabolism;PPAR signaling pathway;Adipocytokine signaling pathway
O35218	mRNA surveillance pathway
Q8BTV2;Q3TNF1;Q8BKE7;Q8CFS8	mRNA surveillance pathway
Q924X2;O35287;Q9QYP4	Fatty acid metabolism;PPAR signaling pathway;Adipocytokine signaling pathway
Q9CQF3;Q3UJK1	mRNA surveillance pathway
Q8BGD5;Q6NZF8;Q8C071	Fatty acid metabolism;PPAR signaling pathway;Adipocytokine signaling pathway
Q64735;E9QL18;Q3TV30;Q58E68;Q61447;Q61449;Q8CF59;Q8K328	Complement and coagulation cascades
Q8C196;A0JNU4;Q6NX75	Alanine, aspartate and glutamate metabolism;Arginine and proline metabolism;Nitrogen metabolism
Q8BH52;B2RRL0;Q8CB61;Q8CBN2	Melanogenesis;Vasopressin-regulated water reabsorption;Huntington's disease;Prostate cancer
Q91XE9;Q8BWS0	Melanogenesis;Vasopressin-regulated water reabsorption;Huntington's disease;Prostate cancer
Q9Z125;Q91W70	Melanogenesis;Vasopressin-regulated water reabsorption;Huntington's disease;Prostate cancer
Q9D2A5;Q9DAE0	Melanogenesis;Vasopressin-regulated water reabsorption;Huntington's disease;Prostate cancer
Q8K1L0;Q3TCE1;Q3U228;Q8BWH8	Vasopressin-regulated water reabsorption;Huntington's disease;Prostate cancer
Q01147	Osteoclast differentiation;Antigen processing and presentation;Melanogenesis;Vasopressin-regulated water reabsorption;Huntington's disease;ko05152;Prostate cancer
P35347	Neuroactive ligand-receptor interaction;Long-term depression
Q60748;B9EHB5;Q5GL24;Q60783;Q60808	Neuroactive ligand-receptor interaction
Q8CIT0;Q14AA2	Neuroactive ligand-receptor interaction;Long-term depression
Q64010	MAPK signaling pathway;ErbB signaling pathway;Chemokine signaling pathway;Focal adhesion;Fc gamma R-mediated phagocytosis;Neurotrophin signaling pathway;Regulation of actin cytoskeleton;Insulin signaling pathway;Bacterial invasion of epithelial cells;Shigellosis;Pathways in cancer;Renal cell carcinoma;Chronic myeloid leukemia
Q8CII9;Q9CRJ6;Q9JIE7;Q9JIQ7;Q9JJH8;Q9JMD5	Cytokine-cytokine receptor interaction;Jak-STAT signaling pathway
P47941;Q3TQ18;Q8BGC5	MAPK signaling pathway;ErbB signaling pathway;Chemokine signaling pathway;Focal adhesion;Fc gamma R-mediated phagocytosis;Neurotrophin signaling pathway;Regulation of actin cytoskeleton;Insulin signaling pathway;Bacterial invasion of epithelial cells;Shigellosis;Pathways in cancer;Renal cell carcinoma;Chronic myeloid leukemia
P63154;Q542E8;Q9CQC1	Spliceosome
Q80ZM8;Q9D4U1	Glycerophospholipid metabolism
Q9R194;O08706;Q6A024	Circadian rhythm - mammal
Q99KP3;Q542R9;Q8R4W7	Pentose and glucuronate interconversions
P23927;Q64325	Protein processing in endoplasmic reticulum
Q8QZT4;Q3TJV6	Tight junction
P24622;P02490;P02496;P82532;Q61444;Q6LEL4	Protein processing in endoplasmic reticulum
P97784	Circadian rhythm - mammal
Q9DBE0;Q8K566	Taurine and hypotaurine metabolism
Q8CG14;Q8BJC4;Q8CH28;Q8VBY4	Complement and coagulation cascades;Staphylococcus aureus infection;Systemic lupus erythematosus
Q8CFG8	Complement and coagulation cascades;Staphylococcus aureus infection;Systemic lupus erythematosus
P01587	Cytokine-cytokine receptor interaction;Jak-STAT signaling pathway;Hematopoietic cell lineage;Natural killer cell mediated cytotoxicity;T cell receptor signaling pathway;Fc epsilon RI signaling pathway;Amoebiasis;Rheumatoid arthritis
P40223;A2A8Y3	Cytokine-cytokine receptor interaction;Jak-STAT signaling pathway;Hematopoietic cell lineage;Pathways in cancer
P09920	Cytokine-cytokine receptor interaction;Jak-STAT signaling pathway;Hematopoietic cell lineage;Malaria
P09581;Q3U3P1;Q9DBH9	Cytokine-cytokine receptor interaction;Endocytosis;Osteoclast differentiation;Hematopoietic cell lineage;Pathways in cancer
Q60737;Q8R0X4	Ribosome biogenesis in eukaryotes;Wnt signaling pathway;Adherens junction;Tight junction;Circadian rhythm - plant;Measles
P07141;Q3U395;Q8R3C8	Cytokine-cytokine receptor interaction;Osteoclast differentiation;Hematopoietic cell lineage;Rheumatoid arthritis
O70589;A2ADP8;A2ADP9;A2ADQ4;O70588;Q3UW92	Tight junction
Q00941;E9QJX0	Cytokine-cytokine receptor interaction;Jak-STAT signaling pathway;Hematopoietic cell lineage;Pathways in cancer
P67871;P07312;P13862;Q3TTJ7	Ribosome biogenesis in eukaryotes;Wnt signaling pathway;Adherens junction;Tight junction;Circadian rhythm - plant;Measles
O54833	Ribosome biogenesis in eukaryotes;Wnt signaling pathway;Adherens junction;Tight junction;Circadian rhythm - plant;Measles
P41241;Q03143;Q80WU4;Q8VCW1	Chemokine signaling pathway;Neurotrophin signaling pathway;Regulation of actin cytoskeleton;Epithelial cell signaling in Helicobacter pylori infection;Shigellosis
Q99LI7	mRNA surveillance pathway
Q8C7E9;Q6A016;Q8BHH7;Q8C3W7;Q8R2Y1;Q9EPU3	mRNA surveillance pathway
Q99LC2;Q3UMB8;Q8BJW1;Q9CSU8	mRNA surveillance pathway
Q8BIQ5;A2AEJ9;A2AEK0;Q8K1Y6;Q9ERC2	mRNA surveillance pathway
Q9CWL8;Q3UL41;Q80X64;Q8VHE3	Spliceosome
Q60753	Cytokine-cytokine receptor interaction;Jak-STAT signaling pathway
O88712;Q3TAT1;Q3TDL5;Q3TUM5;Q91WI6;Q91YX3;Q9QYG2	Wnt signaling pathway;Notch signaling pathway;Pathways in cancer;Chronic myeloid leukemia
P09793;Q9QZZ7	Cell adhesion molecules (CAMs);T cell receptor signaling pathway;Autoimmune thyroid disease;Rheumatoid arthritis
P56546;O54855;O88462	Wnt signaling pathway;Notch signaling pathway;Pathways in cancer;Chronic myeloid leukemia
P26231	Adherens junction;Tight junction;Leukocyte transendothelial migration;Bacterial invasion of epithelial cells;Pathways in cancer;Endometrial cancer;Arrhythmogenic right ventricular cardiomyopathy (ARVC)
P57757	Lysosome
Q02248;Q922W1;Q9D335	Wnt signaling pathway;Focal adhesion;Adherens junction;Tight junction;Leukocyte transendothelial migration;Melanogenesis;Bacterial invasion of epithelial cells;Pathogenic Escherichia coli infection;Pathways in cancer;Colorectal cancer;Endometrial cancer;Prostate cancer;Thyroid cancer;Basal cell carcinoma;Arrhythmogenic right ventricular cardiomyopathy (ARVC)
Q61301;Q3TY37;Q61300;Q6AXD1	Adherens junction;Tight junction;Leukocyte transendothelial migration;Bacterial invasion of epithelial cells;Pathways in cancer;Endometrial cancer;Arrhythmogenic right ventricular cardiomyopathy (ARVC)
Q65CL1;Q3UQ61;Q8C0N3	Adherens junction;Tight junction;Leukocyte transendothelial migration;Bacterial invasion of epithelial cells;Pathways in cancer;Endometrial cancer;Arrhythmogenic right ventricular cardiomyopathy (ARVC)
P30999;Q3TSU9;Q80XQ4;Q8CHF8	Adherens junction;Leukocyte transendothelial migration
Q99J10	Sulfur relay system
Q3U308;Q8BTG9;Q8CI68	Sulfur relay system
Q9JLV5	Ubiquitin mediated proteolysis
Q8VE73;Q3UHY3;Q497I2;Q6A0D6;Q6PB63;Q8R3W4;Q9CVD5	Ubiquitin mediated proteolysis
Q9JLB4;B1AX10	Vitamin digestion and absorption
Q9WTX6;Q9WUI7	Cell cycle;Cell cycle - yeast;Oocyte meiosis;Ubiquitin mediated proteolysis;Protein processing in endoplasmic reticulum;Wnt signaling pathway;TGF-beta signaling pathway;Circadian rhythm - mammal
Q3TCH7;Q3THM3;Q91Z44	Nucleotide excision repair;Ubiquitin mediated proteolysis
Q9D4H8;Q3TUR8	Ubiquitin mediated proteolysis;Pathways in cancer;Renal cell carcinoma
A2A432;Q3TU30;Q8BSL3;Q8CHD6;Q91YZ7;Q99KS9;Q9CZM5	Nucleotide excision repair;Ubiquitin mediated proteolysis
Q9D5V5;Q8BMQ6;Q8BV53;Q8C098	Ubiquitin mediated proteolysis
Q9JHS9;Q3TH98;Q9CTH0	Spliceosome
Q80ZN9;Q3KNG2	Oxidative phosphorylation;Cardiac muscle contraction;Alzheimer's disease;Parkinson's disease;Huntington's disease
P48771;O54969;Q545J7	Oxidative phosphorylation;Cardiac muscle contraction;Alzheimer's disease;Parkinson's disease;Huntington's disease
P43023	Oxidative phosphorylation;Cardiac muscle contraction;Alzheimer's disease;Parkinson's disease;Huntington's disease
P43024	Oxidative phosphorylation;Cardiac muscle contraction;Alzheimer's disease;Parkinson's disease;Huntington's disease
P56392	Oxidative phosphorylation;Cardiac muscle contraction;Alzheimer's disease;Parkinson's disease;Huntington's disease
Q9Z0D9	Cytokine-cytokine receptor interaction;Chemokine signaling pathway
P56391;Q545A3	Oxidative phosphorylation;Cardiac muscle contraction;Alzheimer's disease;Parkinson's disease;Huntington's disease
P18340;Q8C9J0;Q99J60	Cytokine-cytokine receptor interaction;Chemokine signaling pathway;Toll-like receptor signaling pathway
O54851;Q6PDP3;Q9JII0	Gap junction
P10889	Cytokine-cytokine receptor interaction;Chemokine signaling pathway
Q810W6	Cytokine-cytokine receptor interaction;Chemokine signaling pathway;Endocytosis;Epithelial cell signaling in Helicobacter pylori infection
Q04683;Q6P3C2	Cytokine-cytokine receptor interaction;Chemokine signaling pathway
O88410;Q4V9Y6;Q9QWN6	Cytokine-cytokine receptor interaction;Chemokine signaling pathway
P23242;Q544I7;Q8CE05	Gap junction;Arrhythmogenic right ventricular cardiomyopathy (ARVC)
P35343;Q53X27	Cytokine-cytokine receptor interaction;Chemokine signaling pathway;Endocytosis;Epithelial cell signaling in Helicobacter pylori infection
Q9EQ16;Q4VA95;Q9ERH5	Cytokine-cytokine receptor interaction;Chemokine signaling pathway
P50228;Q8K3I3	Cytokine-cytokine receptor interaction;Chemokine signaling pathway;Rheumatoid arthritis
Q9JHH5	Cytokine-cytokine receptor interaction;Chemokine signaling pathway;Toll-like receptor signaling pathway
P97792;O09052;Q3ULD0;Q91W66;Q99KG0;Q9DBJ8	Viral myocarditis
O55038	Cytokine-cytokine receptor interaction;Chemokine signaling pathway
Q9WUQ5;Q548T5;Q91V02;Q9JHH7	Cytokine-cytokine receptor interaction;Chemokine signaling pathway
Q9WVL7;Q3UQ15	Cytokine-cytokine receptor interaction;Chemokine signaling pathway
Q8BSU2;Q3UD70;Q5F2D5;Q8VE25;Q9EPB3	Cytokine-cytokine receptor interaction;Chemokine signaling pathway
Q91X77;E9QPJ0;Q6XVG3;Q80X43	Arachidonic acid metabolism;Linoleic acid metabolism;Retinol metabolism;Metabolism of xenobiotics by cytochrome P450;Drug metabolism - cytochrome P450
P17515	Cytokine-cytokine receptor interaction;Chemokine signaling pathway;Toll-like receptor signaling pathway;RIG-I-like receptor signaling pathway;Cytosolic DNA-sensing pathway
P70658;O09059;O09062;P70233;P70346;Q4KMW1	Cytokine-cytokine receptor interaction;Chemokine signaling pathway;Endocytosis;Axon guidance;Leukocyte transendothelial migration;Intestinal immune network for IgA production
Q61462;Q3U820;Q9CWB9;Q9D2W2	Phagosome;Osteoclast differentiation;Leukocyte transendothelial migration;Leishmaniasis
Q9D0M3;Q3TDC5;Q3UAN2;Q63ZW4;Q9DCG0	Oxidative phosphorylation;Cardiac muscle contraction;Alzheimer's disease;Parkinson's disease;Huntington's disease
Q61093	Phagosome;Osteoclast differentiation;Leukocyte transendothelial migration
Q9CXW3;O70140	Wnt signaling pathway
Q925G2;A2AUU8;Q9D7U1	Mineral absorption
P00158	Oxidative phosphorylation;Cardiac muscle contraction;Alzheimer's disease;Parkinson's disease;Huntington's disease
P00015	p53 signaling pathway;Apoptosis;Alzheimer's disease;Parkinson's disease;Amyotrophic lateral sclerosis (ALS);Huntington's disease;Toxoplasmosis;ko05152;Pathways in cancer;Colorectal cancer;Small cell lung cancer;Viral myocarditis
P62897;P00009;Q8C2S2	p53 signaling pathway;Apoptosis;Alzheimer's disease;Parkinson's disease;Amyotrophic lateral sclerosis (ALS);Huntington's disease;Toxoplasmosis;ko05152;Pathways in cancer;Colorectal cancer;Small cell lung cancer;Viral myocarditis
Q7TMB8;O88558;Q3U7Q7;Q5DU50;Q7TSZ5;Q80VN6;Q8CE85;Q99LY1	Regulation of actin cytoskeleton
Q5SQX6;Q3UH21;Q3UHS8;Q8BSW0;Q8CHA9;Q924D3;Q9R181	Regulation of actin cytoskeleton
Q80TQ2;Q80VB3;Q8BXZ3;Q8BYL9;Q8CGB0	Osteoclast differentiation;RIG-I-like receptor signaling pathway
P21460;Q544Y0	Salivary secretion
Q8BPM0;Q3UHB4;Q6DFY0;Q6TAB8;Q80Y68;Q9CQQ2	Wnt signaling pathway
P98078;Q3U3K1;Q91W56;Q923E1	Endocytosis
Q80U19;E9QNU9;Q6TAB7;Q810J5	Wnt signaling pathway
P61804;O08552;O70364;P46966;P46968;Q3V3W6;Q96GB7	N-Glycan biosynthesis;Various types of N-glycan biosynthesis;Protein processing in endoplasmic reticulum
Q61475;P97732;Q3TU32;Q4FJS4;Q61397;Q76N72;Q921P0;Q9R1C1	Complement and coagulation cascades;Hematopoietic cell lineage;Viral myocarditis
Q61476;E9QLT3	Complement and coagulation cascades;Hematopoietic cell lineage;Viral myocarditis
Q62165;Q61094;Q61141;Q61497	ECM-receptor interaction;Hypertrophic cardiomyopathy (HCM);Arrhythmogenic right ventricular cardiomyopathy (ARVC);Dilated cardiomyopathy;Viral myocarditis
O54784	Pathways in cancer;Bladder cancer
Q80YE7;Q80YE6;Q8R341;Q8VDN6;Q9CSD4;Q9JJP7	Pathways in cancer;Bladder cancer
Q9QXT1;Q9R178	B cell receptor signaling pathway
Q8VDF3;O88861;Q9QYM4	Pathways in cancer;Bladder cancer
Q9JII5	mRNA surveillance pathway
Q9QZ41;B7ZNS0;Q3TQP4;Q3V1K2;Q6NSQ1;Q9CXF2	Cell cycle
O35613;Q9QWT8;Q9QWV3	MAPK signaling pathway;Amyotrophic lateral sclerosis (ALS)
Q6PDL0;Q3UGJ3	Phagosome;Vasopressin-regulated water reabsorption
O88485;O88486;Q80W09	Phagosome;Vasopressin-regulated water reabsorption
O88487;Q3TGH7	Phagosome;Vasopressin-regulated water reabsorption
Q8K0T2;Q3TVA2	Vasopressin-regulated water reabsorption
P0DMN7;P31154;P82184;Q58E47	Cysteine and methionine metabolism;Arginine and proline metabolism
Q8R1Q8	Phagosome;Vasopressin-regulated water reabsorption
P70211;G3X9X6	Axon guidance;Pathways in cancer;Colorectal cancer
P48318;O08685	Alanine, aspartate and glutamate metabolism;beta-Alanine metabolism;Taurine and hypotaurine metabolism;Butanoate metabolism;Type I diabetes mellitus
P48320;O35519	Alanine, aspartate and glutamate metabolism;beta-Alanine metabolism;Taurine and hypotaurine metabolism;Butanoate metabolism;Type I diabetes mellitus
P43346	Purine metabolism;Pyrimidine metabolism
P23738;Q9QWU3	Histidine metabolism
P00860;Q61997;Q61998;Q6PB87	Arginine and proline metabolism;Glutathione metabolism
Q99J39;Q7TNL6	beta-Alanine metabolism;Propanoate metabolism;Peroxisome
Q9DAR7;Q8C5I7	RNA degradation
Q9CYC6;Q3TLD9	RNA degradation
Q91YD3;Q6NZE3	RNA degradation
Q99KJ8	Vasopressin-regulated water reabsorption;Huntington's disease
Q8K4J0;A2AJG6;A2AJG7;A2AJG8;Q8BG72;Q8BTT1	Non-homologous end-joining;Primary immunodeficiency
Q9WUB4;Q8C2M9;Q9QZB8	Vasopressin-regulated water reabsorption
Q8K2D6;Q8BP55	Pyrimidine metabolism
Q8CBY8;Q923A0;Q9D4X0	Vasopressin-regulated water reabsorption;Huntington's disease
O08788;E9QLJ1;Q3TZG7	Vasopressin-regulated water reabsorption;Huntington's disease
Q9QZB9;Q3U9A4;Q8BPE5;Q91XC6;Q99J17	Vasopressin-regulated water reabsorption
P70697;Q91VW4	Porphyrin and chlorophyll metabolism
Q91X52;Q3U5L5;Q9D129;Q9D8W1	Pentose and glucuronate interconversions
O88533	Histidine metabolism;Tyrosine metabolism;Phenylalanine metabolism;Tryptophan metabolism;Indole alkaloid biosynthesis;Isoquinoline alkaloid biosynthesis;Betalain biosynthesis
Q9D3F7	mTOR signaling pathway
Q99J79	Nucleotide excision repair;p53 signaling pathway;Ubiquitin mediated proteolysis
Q3U1J4;Q3U4D0;Q3U8G3;Q3UJC4;Q99LV3;Q9QYK0;Q9WV39	Nucleotide excision repair;Ubiquitin mediated proteolysis
P35639;Q91YW9	MAPK signaling pathway;Protein processing in endoplasmic reticulum
Q9JJY4;Q059Z6;Q9JIK4	RNA transport
P16381	RIG-I-like receptor signaling pathway
Q810A7;Q3TAN3;Q3TE60;Q8BWZ7;Q9D8Q2	Spliceosome
P54823;O54979;Q3UFI3;Q8BW68	RNA degradation
Q569Z5;Q6ZQ42;Q8R0R6	Spliceosome
Q9WV68	Peroxisome
Q62167;O09060;O09143	RIG-I-like receptor signaling pathway
Q62095;Q9QWS9	RIG-I-like receptor signaling pathway
O09005;Q8R4H3	Sphingolipid metabolism
Q8R2F2;Q3TR85;Q78JJ1	Sphingolipid metabolism
Q91YP3;Q3UD33;Q9CZI8	Pentose phosphate pathway
Q9D8K3;Q3T9L7;Q99KC6;Q9D954	Protein processing in endoplasmic reticulum
Q99J56;Q3U6Z2;Q9D918	Protein processing in endoplasmic reticulum;Amyotrophic lateral sclerosis (ALS)
Q8BNI4;Q920I5;Q99J12	Protein processing in endoplasmic reticulum
P31001	Hypertrophic cardiomyopathy (HCM);Arrhythmogenic right ventricular cardiomyopathy (ARVC);Dilated cardiomyopathy
Q9D0A0	Ubiquitin mediated proteolysis
E9Q557	Arrhythmogenic right ventricular cardiomyopathy (ARVC)
O54786;B2KFX0;O54787;Q8BQC7	Apoptosis
Q9Z2A7;Q9D7Q5	Glycerolipid metabolism;Retinol metabolism;Fat digestion and absorption
O54788	Apoptosis
Q80UP3;A2AHJ6	Glycerolipid metabolism;Glycerophospholipid metabolism;Phosphatidylinositol signaling system
Q9DCV3	Glycerolipid metabolism;Fat digestion and absorption
O88673;Q922X2	Glycerolipid metabolism;Glycerophospholipid metabolism;Phosphatidylinositol signaling system
Q6WQJ1;A8WFL4;Q6ZQ76	Phototransduction - fly
D3YXJ0;A0A0B5JC35	Glycerolipid metabolism;Glycerophospholipid metabolism;Phosphatidylinositol signaling system
Q6NS52;Q80TT5	Glycerolipid metabolism;Glycerophospholipid metabolism;Phosphatidylinositol signaling system
D3YWQ0;D3Z2W1	Glycerolipid metabolism;Glycerophospholipid metabolism;Phosphatidylinositol signaling system
E9PUQ8	Glycerolipid metabolism;Glycerophospholipid metabolism;Phosphatidylinositol signaling system
Q9R1C6;Q5SU69	Glycerolipid metabolism;Glycerophospholipid metabolism;Phosphatidylinositol signaling system
Q6P5E8;Q3UYE8	Glycerolipid metabolism;Glycerophospholipid metabolism;Phosphatidylinositol signaling system
Q91WG7	Glycerolipid metabolism;Glycerophospholipid metabolism;Phosphatidylinositol signaling system
Q9QX60;Q8CBU2;Q9R0Y2;Q9WUT9	Purine metabolism
P51656	Steroid hormone biosynthesis
Q9DBB8;Q14B09	Pentose and glucuronate interconversions;Metabolism of xenobiotics by cytochrome P450
P50171;Q5M9K0;Q60958;Q60959;Q9Z1W2	Steroid hormone biosynthesis
P51658;O08898	Steroid hormone biosynthesis
O70503;Q3TID1;Q3U7V9;Q542N3;Q8CI39	Steroid hormone biosynthesis;Biosynthesis of unsaturated fatty acids
O88455	Steroid biosynthesis
P70385;G3UWF9	Steroid hormone biosynthesis
Q8VCH6;Q6ZQK9;Q91ZD0;Q9CU63	Steroid biosynthesis
Q99KU1;A3KGL4;Q3UF13;Q8BZ16;Q8BZK8	Terpenoid backbone biosynthesis
P26443;Q8C273	Alanine, aspartate and glutamate metabolism;Arginine and proline metabolism;D-Glutamine and D-glutamate metabolism;Nitrogen metabolism;Proximal tubule bicarbonate reclamation
P51660;Q9DBM3	Primary bile acid biosynthesis;Peroxisome
P70694	Fructose and mannose metabolism;Bisphenol degradation;Linoleic acid metabolism;Chloroalkane and chloroalkene degradation;Butanoate metabolism
O88736;Q8K5C9;Q921L1	Steroid biosynthesis;Steroid hormone biosynthesis
Q61488	Hedgehog signaling pathway
P50172	Steroid hormone biosynthesis;Aldosterone-regulated sodium reabsorption
Q58NB6;Q8BGC7	Retinol metabolism
Q99LB2;G3X8V7;Q9EQU4	Retinol metabolism;Peroxisome
P51661;Q91WK3	Steroid hormone biosynthesis;Aldosterone-regulated sodium reabsorption
Q8BVI4;Q3TT09;Q9D0K4	Folate biosynthesis
Q9CXV1;A6H629;Q3UX11	Citrate cycle (TCA cycle);Oxidative phosphorylation;Alzheimer's disease;Parkinson's disease;Huntington's disease
Q64442;Q569V5;Q9CPS0	Fructose and mannose metabolism
Q8JZV9	Synthesis and degradation of ketone bodies;Butanoate metabolism
O88876;Q3UAD1;Q91WR0;Q91XC3;Q922A6	Retinol metabolism
O35286;Q99L91	Spliceosome
Q99J87;A2A5E9;Q9D1X4	RIG-I-like receptor signaling pathway
A2A4P0	Spliceosome
Q9QZD8;Q543J6;Q99LJ9;Q9D8G8	Proximal tubule bicarbonate reclamation
Q8VHK9;G3X8Y4;Q6ZPP7;Q9CSE8	RNA degradation
O08808	Focal adhesion;Regulation of actin cytoskeleton;Shigellosis
Q9Z207	Regulation of actin cytoskeleton
Q9QYI4;Q8K037	Protein processing in endoplasmic reticulum
Q9ESX5;Q3UWE5	Ribosome biogenesis in eukaryotes
Q9DC23;A2ASA2;Q71S84;Q8CH78;Q8CIB0;Q99LV4	Protein processing in endoplasmic reticulum
O54908;Q80UL5	Wnt signaling pathway
Q99KV1;A6X957;Q543I7;Q8BK79;Q8VCY1;Q8VHB1	Protein processing in endoplasmic reticulum
Q9QYZ8;Q8BFW0	Wnt signaling pathway
Q8VEJ3	Wnt signaling pathway
O88516;O35675;Q80W06;Q9QWL9;Q9QWZ7	Notch signaling pathway
O08749;Q3TG55;Q3U5W5;Q3UWP7;Q99LD3	Glycolysis / Gluconeogenesis;Citrate cycle (TCA cycle);Glycine, serine and threonine metabolism;Valine, leucine and isoleucine degradation;Pyruvate metabolism
Q33DR3;B2RWA7;B2RWF3;Q3USU6;Q9D3K7	Terpenoid backbone biosynthesis
Q9JI71;Q9DBU9;Q9JHZ7	Notch signaling pathway
Q62108;Q5NCV5;Q5NCV6;Q5NCV7;Q91WJ1	Huntington's disease
Q811D0;Q62402;Q6PGB5;Q8CGN7	T cell receptor signaling pathway
Q61483;Q6PFV7	Notch signaling pathway
Q60997;Q80YC6;Q9JMJ9	Salivary secretion
Q61880	Meiosis - yeast
P11531;A2A9Z0;O35653;Q60703	Hypertrophic cardiomyopathy (HCM);Arrhythmogenic right ventricular cardiomyopathy (ARVC);Dilated cardiomyopathy;Viral myocarditis
Q6ZQJ5;Q14BM9;Q8BSZ0;Q8R3J3	DNA replication
Q8C0M8;Q8BKY5	Huntington's disease
A2AC93;A2AC94	Huntington's disease
Q05A62;A0JLX1;Q9DAH9	Huntington's disease
Q9DCM4;O54793;Q3V233;Q99K65	Huntington's disease
Q91YW3;Q60873	Protein processing in endoplasmic reticulum
P63037;P54102	Protein processing in endoplasmic reticulum
Q9CQ94;Q810R9	Protein processing in endoplasmic reticulum
Q9QYJ0	Protein processing in endoplasmic reticulum
Q61712	Protein processing in endoplasmic reticulum
P60904;P54101	Protein processing in endoplasmic reticulum
Q8BTF7;G3UWC4;Q3UG76	Non-homologous end-joining
P37913	DNA replication;Base excision repair;Nucleotide excision repair;Mismatch repair
Q9QYJ3	Protein processing in endoplasmic reticulum
Q9QYI5;Q3TB24;Q8BPF6;Q921S2	Protein processing in endoplasmic reticulum
P13864;P97413;Q80ZU3;Q9CSC6;Q9QXX6	Cysteine and methionine metabolism
O88509;O88510;O88511	Cysteine and methionine metabolism
Q9QY48;Q8C589	Lysosome
Q9CWR8	Cysteine and methionine metabolism
Q8K1M6;Q8BNQ5;Q8BQ64;Q8CGD0;Q8K1A1	Endocytosis;Fc gamma R-mediated phagocytosis;Endocrine and other factor-regulated calcium reabsorption;Bacterial invasion of epithelial cells
P56542;O55053	Lysosome
Q8BUR4;Q3URT8;Q3UY80;Q4QQL8;Q6PD14;Q8BVC9;Q91Z55;Q922V1	Focal adhesion;Regulation of actin cytoskeleton;Bacterial invasion of epithelial cells;Shigellosis
Q8C3J5;Q5SRI4;Q99M79	Chemokine signaling pathway;Fc gamma R-mediated phagocytosis
O88508;Q3TZK8;Q3UH24;Q8CJ60;Q922J0;Q9CSE1	Cysteine and methionine metabolism
P97465;Q9R213	Measles
Q8R2Y3	N-Glycan biosynthesis
Q64237;Q3V1U4	Tyrosine metabolism
Q9JMF7;Q8BN02;Q8R0P7;Q9CRF2	N-Glycan biosynthesis
Q8K3H0;Q3UJP7;Q69ZJ9;Q8BWZ8;Q8VCJ8;Q9CUW4	Pathways in cancer;Colorectal cancer
Q9Z324	N-Glycan biosynthesis;Glycosylphosphatidylinositol(GPI)-anchor biosynthesis
Q9D1Q4	N-Glycan biosynthesis
O70152;Q9D829	N-Glycan biosynthesis
Q9WVF7;E9QKW1;Q9QX50	Purine metabolism;Pyrimidine metabolism;DNA replication;Base excision repair;Nucleotide excision repair
P52431;O54883;Q3TFX6	Purine metabolism;Pyrimidine metabolism;DNA replication;Base excision repair;Nucleotide excision repair;Mismatch repair;Homologous recombination
O54956;Q6P3Y7;Q8BP72	Purine metabolism;Pyrimidine metabolism;DNA replication;Base excision repair;Nucleotide excision repair
P33611;Q8VDR3	Purine metabolism;Pyrimidine metabolism;DNA replication
O35654;Q99J61	Purine metabolism;Pyrimidine metabolism;DNA replication;Base excision repair;Nucleotide excision repair;Mismatch repair;Homologous recombination
Q9JKP7;Q8R198	Purine metabolism;Pyrimidine metabolism;DNA replication;Base excision repair;Nucleotide excision repair
Q9CWP8	Purine metabolism;Pyrimidine metabolism;DNA replication;Base excision repair;Nucleotide excision repair;Mismatch repair;Homologous recombination
P33609	Purine metabolism;Pyrimidine metabolism;DNA replication
Q9CQ36;Q3TJ13	Purine metabolism;Pyrimidine metabolism;DNA replication;Base excision repair;Nucleotide excision repair
Q8K409;Q3UAB6;Q922Z7	Base excision repair
Q9QXE2;Q9CTJ1	Base excision repair;Non-homologous end-joining
Q9JIW4;G5E840;Q9JJW9	Non-homologous end-joining
P28843;Q3U514	Protein digestion and absorption
Q33DR2;B8JJW9;Q9WU69	Terpenoid backbone biosynthesis
Q8CHR6	Pyrimidine metabolism;beta-Alanine metabolism;Pantothenate and CoA biosynthesis;Drug metabolism - other enzymes
Q9EQF6	Axon guidance
Q9EQF5;Q99PP1;Q9DBK3;Q9DBP7	Pyrimidine metabolism;beta-Alanine metabolism;Pantothenate and CoA biosynthesis;Drug metabolism - other enzymes
Q8BLD9;Q61439;Q80UB7	Calcium signaling pathway;Neuroactive ligand-receptor interaction
Q61616;B2RPW8;Q8C8P8	Calcium signaling pathway;Neuroactive ligand-receptor interaction;Gap junction
P61168;P13953;Q0VGH9	Neuroactive ligand-receptor interaction;Gap junction
O08553;Q6P5D0	Axon guidance
P30728	Neuroactive ligand-receptor interaction
P51436;O35838;Q7TT80;Q8BXS4	Neuroactive ligand-receptor interaction
Q7TSF0;Q7TQ61	Staphylococcus aureus infection
P55292;Q64734	Arrhythmogenic right ventricular cardiomyopathy (ARVC)
Q8BLI4;Q3U620	Glycosaminoglycan biosynthesis - chondroitin sulfate
O55111;A2RRJ0;Q8K069;Q8R517	Arrhythmogenic right ventricular cardiomyopathy (ARVC)
Q61495;A8WFQ4;Q8CE03	Staphylococcus aureus infection
Q7TSF1;Q7TQ60	Staphylococcus aureus infection
Q99MU3;O70375;Q80UZ6;Q8C222;Q99MU2;Q99MU4;Q99MU7	Cytosolic DNA-sensing pathway;Measles
Q61010;Q3TER5;Q8C2H2;Q9ER09	Notch signaling pathway
Q3UIR3;Q8BN11	Notch signaling pathway
Q6PDK8;Q6IS30;Q8BID3	Notch signaling pathway
Q8R3P2;Q9CZV3;Q9ER07;Q9ER08	Notch signaling pathway
Q80V91;Q4FZD3;Q9ER06	Notch signaling pathway
Q9ESS0;Q8R3L3;Q9CZY9	MAPK signaling pathway
Q99N11;Q5SQN9;Q5SQP0	MAPK signaling pathway
Q9JLY7;Q9D715	MAPK signaling pathway
P28563	MAPK signaling pathway
O09112	MAPK signaling pathway
Q9D7X3	MAPK signaling pathway
Q8BFV3	MAPK signaling pathway
Q05922;Q60640;Q80ZN1	MAPK signaling pathway
Q9DBB1;Q542I5;Q9D7L4	MAPK signaling pathway
Q91Z46;E9PVF4;E9QMS8;Q3USH2	MAPK signaling pathway
Q9CQ43;Q8VCG1;Q9JJ44	Pyrimidine metabolism
P51141;Q3U2D3;Q60868	Wnt signaling pathway;Notch signaling pathway;Melanogenesis;Pathways in cancer;Basal cell carcinoma
Q61062;G5E820	Wnt signaling pathway;Notch signaling pathway;Melanogenesis;Pathways in cancer;Basal cell carcinoma
Q60838;Q7TN14	Wnt signaling pathway;Notch signaling pathway;Melanogenesis;Pathways in cancer;Basal cell carcinoma
Q9Z1N5;Q8HW97	RNA transport;mRNA surveillance pathway;Spliceosome
E9Q8T7;O08828;Q8R584	Huntington's disease
P63168;Q15701;Q3UGE7	Vasopressin-regulated water reabsorption
Q8BZ98;B2RUH0;Q3UGY9;Q80TR2;Q8BWW6	Endocytosis;Fc gamma R-mediated phagocytosis;Endocrine and other factor-regulated calcium reabsorption;Bacterial invasion of epithelial cells
Q45VK7;B8JJF9;B8JJG0;O08822;Q5VI59;Q5VI60;Q5VI61;Q5VI62;Q69Z42;Q8BJL5;Q8BL87;Q8BMC7;Q8BUI9;Q8BXK5;Q9CRR8	Phagosome;Vasopressin-regulated water reabsorption
Q9D0M5;A7M7R8;Q3TFB4	Vasopressin-regulated water reabsorption
P39053;A2AN50;A2AN51;A2AN54;A2AN55;Q3UNM1;Q5DTN7;Q61358;Q61359;Q61360;Q6PDM5;Q8JZZ4;Q9CSY7;Q9QXX1	Endocytosis;Fc gamma R-mediated phagocytosis;Endocrine and other factor-regulated calcium reabsorption;Bacterial invasion of epithelial cells
P00375;P70693;Q61485;Q61487;Q61579	One carbon pool by folate;Folate biosynthesis
P39054;Q9DBE1	Endocytosis;Fc gamma R-mediated phagocytosis;Endocrine and other factor-regulated calcium reabsorption;Bacterial invasion of epithelial cells
Q9JHU4;E9QM71	Phagosome;Vasopressin-regulated water reabsorption
O35261;Q5T0I6	Cell cycle;Pathways in cancer;Pancreatic cancer;Glioma;Prostate cancer;Melanoma;Bladder cancer;Chronic myeloid leukemia;Small cell lung cancer;Non-small cell lung cancer
Q8R0K9;Q8R2X6	Cell cycle;TGF-beta signaling pathway
Q9Z2R9;Q2TA96;Q69ZK8;Q8C024;Q8K123;Q9CTP5;Q9D601	Protein processing in endoplasmic reticulum;Hepatitis C;Measles
Q9QZ05;A2AUM3;A2AUM4;Q6GQT4;Q6ZPT5;Q8C5S0;Q8CIF5;Q9CT30;Q9CUV9;Q9ESB6;Q9ESB7;Q9ESB8	Protein processing in endoplasmic reticulum;Hepatitis C;Measles
Q61502;Q99LK0	Cell cycle;TGF-beta signaling pathway
Q9WV92;Q69ZT8;Q9R102	Tight junction
Q9Z2H5;Q3U3L1;Q3UHP7;Q80U34;Q8K204	Tight junction
Q61501;Q80VZ3	Cell cycle;Pathways in cancer;Pancreatic cancer;Glioma;Prostate cancer;Melanoma;Bladder cancer;Chronic myeloid leukemia;Small cell lung cancer;Non-small cell lung cancer
Q03963;Q61742;Q62026	Protein processing in endoplasmic reticulum;Hepatitis C;Measles
O70318;G3X9B8	Tight junction
P56931;A2AW43;Q8BID0	Cell cycle;Pathways in cancer;Pancreatic cancer;Glioma;Prostate cancer;Melanoma;Bladder cancer;Chronic myeloid leukemia;Small cell lung cancer;Non-small cell lung cancer
Q9Z2B5;Q9CTK8;Q9CWT5	Protein processing in endoplasmic reticulum;Hepatitis C;Measles
P43006;O35877;O54686;O54687	Amyotrophic lateral sclerosis (ALS)
P51906;O35869;O35875;Q6P1F7	Protein digestion and absorption
P70245;Q9CSP4	Steroid biosynthesis
Q99JY0;Q3TEH9;Q8BJI5;Q8BJM0;Q8BK52	Fatty acid elongation in mitochondria;Fatty acid metabolism;Valine, leucine and isoleucine degradation;Benzoate degradation
P42125;Q8QZV3	Fatty acid metabolism
Q8BH95;Q3TJK2;Q6GQS2;Q6PEN1;Q99LX7	Fatty acid elongation in mitochondria;Fatty acid metabolism;Valine, leucine and isoleucine degradation;Lysine degradation;Benzoate degradation;Tryptophan metabolism;beta-Alanine metabolism;Aminobenzoate degradation;Propanoate metabolism;Butanoate metabolism;Caprolactam degradation
O35459;Q5M8P6	Peroxisome
Q8BMS1;Q3TCY3;Q5U5Y5;Q8QZU4	Fatty acid elongation in mitochondria;Fatty acid metabolism;Valine, leucine and isoleucine degradation;Lysine degradation;Benzoate degradation;Tryptophan metabolism;beta-Alanine metabolism;Aminobenzoate degradation;Propanoate metabolism;Butanoate metabolism;Caprolactam degradation;Biosynthesis of unsaturated fatty acids
Q9WUR2;Q99M61;Q9D785	Fatty acid metabolism;Peroxisome
Q9DBM2;Q91W49	Fatty acid metabolism;Valine, leucine and isoleucine degradation;Lysine degradation;Benzoate degradation;Tryptophan metabolism;beta-Alanine metabolism;Aminobenzoate degradation;Propanoate metabolism;Butanoate metabolism;Caprolactam degradation;PPAR signaling pathway;Peroxisome
Q9QZH6;Q91V53	MAPK signaling pathway
Q8K2D3;Q3THV7	RNA degradation
P22387;P70203;P97338	Neuroactive ligand-receptor interaction;Vascular smooth muscle contraction;Hypertrophic cardiomyopathy (HCM)
P48299;Q543L0	Neuroactive ligand-receptor interaction;Vascular smooth muscle contraction;Hypertrophic cardiomyopathy (HCM)
Q9R187;Q9DC43	Cytokine-cytokine receptor interaction
Q925U4;Q8CFM1	Protein processing in endoplasmic reticulum
P48302;Q542M3	Calcium signaling pathway;Neuroactive ligand-receptor interaction;Melanogenesis
Q8BL66;Q6DIC2	Endocytosis;Phagosome;ko05152
Q8BJT9;Q8BJR2;Q8BK85;Q91VV3	Protein processing in endoplasmic reticulum
Q3UJB9;Q3U6U8;Q7TS78;Q8R223	RNA degradation
P22389;Q9JME3	Neuroactive ligand-receptor interaction;Vascular smooth muscle contraction;Hypertrophic cardiomyopathy (HCM)
Q2HXL6;B2RS10;B9EHZ4;Q6P9L0	Protein processing in endoplasmic reticulum
Q61614;O54993;Q91VV2	Calcium signaling pathway;Neuroactive ligand-receptor interaction;Vascular smooth muscle contraction
O54693;B7ZMT7;O35705;Q9QWJ8;Q9QZ01;Q9QZ02	Cytokine-cytokine receptor interaction
P62631;P27706	RNA transport
P10126;Q61511;Q6ZWN2;Q8BMB8;Q8BVS8;Q99KU5	RNA transport
P52801	Axon guidance
Q8C0D5;Q80W46;Q8C198;Q8K0B8	Ribosome biogenesis in eukaryotes
P52800	Axon guidance
O08545;O55217;Q08AV0	Axon guidance
O08542;O55218	Axon guidance
O35393	Axon guidance
O08543;O08544	Axon guidance
P52795	Axon guidance
P52793;P97331	Axon guidance
Q8BFR5;Q497E7;Q6P919	Plant-pathogen interaction
Q91YE3;Q8VHJ2;Q922P3	Pathways in cancer;Renal cell carcinoma
P08046;Q61777	Prion diseases
Q9QXY6;Q8K590	Endocytosis
Q91YE2;Q8C6I4;Q8CIL9;Q8VHJ1;Q99MI0	Pathways in cancer;Renal cell carcinoma
Q9EQP2	Endocytosis
Q61070;Q3T9X1;Q3TVX9;Q3UGS7	p53 signaling pathway
Q8CHW4;Q3TU39	RNA transport
Q91UZ4;Q3TCG8;Q8C8M6;Q8CCA8;Q8R5C7	Pathways in cancer;Renal cell carcinoma
Q99LC8	RNA transport
Q9WVK4	Endocytosis
Q99LD9	RNA transport
Q01279	MAPK signaling pathway;ErbB signaling pathway;MAPK signaling pathway - fly;Calcium signaling pathway;Cytokine-cytokine receptor interaction;Endocytosis;Dorso-ventral axis formation;Focal adhesion;Adherens junction;Gap junction;Regulation of actin cytoskeleton;GnRH signaling pathway;Epithelial cell signaling in Helicobacter pylori infection;Hepatitis C;Pathways in cancer;Pancreatic cancer;Endometrial cancer;Glioma;Prostate cancer;Melanoma;Bladder cancer;Non-small cell lung cancer
Q66JS6;Q8BUW6	RNA transport
Q5DW34;A2AIS3;A2AIS4;Q5EBR1;Q6PGM0	Lysine degradation
Q61749;Q3TYW7;Q61748;Q8VC35	RNA transport
P48024;Q9WUD5	RNA transport
P01132;E9QNX6;Q569W5;Q6P9J2	MAPK signaling pathway;ErbB signaling pathway;Cytokine-cytokine receptor interaction;Endocytosis;Focal adhesion;Gap junction;Regulation of actin cytoskeleton;Hepatitis C;Pathways in cancer;Pancreatic cancer;Endometrial cancer;Glioma;Prostate cancer;Melanoma;Bladder cancer;Non-small cell lung cancer
Q8BH64;Q8BL28	Endocytosis
Q3UGC7	RNA transport
P23116;E9QQ50;Q60697;Q62162	RNA transport
Q9Z148;A2CG75;Q6PE08;Q8K4R6;Q8K4R7;Q9Z149	Lysine degradation
Q9CXU9	RNA transport
Q8JZQ9;Q922K2	RNA transport
Q8R1B4;Q8R3M7	RNA transport
P60229;O43902;Q64058;Q64059;Q64252	RNA transport;Hepatitis C
O70194;Q8BLH0;Q8BWW1	RNA transport
Q9DCH4;Q5XJV3	RNA transport
Q91WK2	RNA transport;Measles
Q9QZD9	RNA transport
Q9Z1D1;Q9R079	RNA transport
Q9D4V0;F6Y9V2;Q8BXQ0	Glycerophospholipid metabolism
A7MCT6;B7ZNN6;D3Z771;Q6XRG2	Glycerophospholipid metabolism
P83940;Q63182	Ubiquitin mediated proteolysis;Pathways in cancer;Renal cell carcinoma
P41969;Q3V1M9	MAPK signaling pathway;ErbB signaling pathway;Focal adhesion;Insulin signaling pathway;GnRH signaling pathway;Prion diseases;Leishmaniasis;Endometrial cancer
Q8BPU7;Q8BSY9;Q8K2C5;Q91ZU3	Chemokine signaling pathway;Bacterial invasion of epithelial cells;Shigellosis
Q9JLJ4;Q9D5Z2	Biosynthesis of unsaturated fatty acids
Q3UP87;A6H698;Q61515	Systemic lupus erythematosus
P41158;A6H693	MAPK signaling pathway
Q920L5;Q8CE45	Biosynthesis of unsaturated fatty acids
P54320;Q8C9L8	Protein digestion and absorption
P62869;Q63529;Q80W20	Ubiquitin mediated proteolysis;Pathways in cancer;Renal cell carcinoma
Q8BHI7;Q8BLG6;Q8BUE3;Q8R5D3	Biosynthesis of unsaturated fatty acids
O08579;Q3TIH6;Q3UJP3	Hypertrophic cardiomyopathy (HCM);Arrhythmogenic right ventricular cardiomyopathy (ARVC);Dilated cardiomyopathy
Q8BJW7	Homologous recombination
Q03173;P70430;P70431;P70432;P70433;Q5D053	Regulation of actin cytoskeleton
Q8BX80;Q3TK58;Q8BJF1	Other glycan degradation
Q8C522;Q4VA96;Q8C5M1;Q8VE35	Apoptosis
P21550	Glycolysis / Gluconeogenesis;Methane metabolism;RNA degradation
Q8BGB7;Q3TGK8;Q3TXA2;Q3U8Y4;Q8VC92;Q9D6U4	Cysteine and methionine metabolism
P17182;Q99KT7;Q9DCY7	Glycolysis / Gluconeogenesis;Methane metabolism;RNA degradation
P17183	Glycolysis / Gluconeogenesis;Methane metabolism;RNA degradation
Q8BGN3;Q4VAH5	Ether lipid metabolism
Q9R1E6;A8UH85;A8UH93;B2ZP54;Q6PDE0;Q99LG9	Ether lipid metabolism
P08113;P11427	Protein processing in endoplasmic reticulum;NOD-like receptor signaling pathway;Plant-pathogen interaction;Pathways in cancer;Prostate cancer
Q9WUZ9;O70214;Q544J4;Q8BR23;Q8CD29	Purine metabolism;Pyrimidine metabolism
Q6DYE8;E9QMU8	Purine metabolism;Starch and sucrose metabolism;Riboflavin metabolism;Nicotinate and nicotinamide metabolism;Pantothenate and CoA biosynthesis
Q3U0P5	Purine metabolism;Pyrimidine metabolism
P55772	Purine metabolism;Pyrimidine metabolism
O55026;O35928;Q9DCR9	Purine metabolism
Q8K0L2;A2AJ99;Q6UQ22	Purine metabolism;Pyrimidine metabolism
P06802;Q542E9;Q924C4	Purine metabolism;Starch and sucrose metabolism;Riboflavin metabolism;Nicotinate and nicotinamide metabolism;Pantothenate and CoA biosynthesis
Q8BFW6;E9PYV0;Q3TC04;Q3TDX3	Purine metabolism;Pyrimidine metabolism
Q9DBT4	Purine metabolism;Pyrimidine metabolism;Lysosome
Q5XFR0;B9EJ43	mRNA surveillance pathway
O09127;A3KG07	Axon guidance
P48193;A2A843;Q5DTQ8;Q68FF1;Q6NVF5	Tight junction
P97481;O08787;O55046	Pathways in cancer;Renal cell carcinoma
O08644;Q3TQ77;Q8BN76;Q8K0A9	Axon guidance
Q8CBF3;B1B1C2;Q3UY27;Q6PG23;Q8CBE2	Axon guidance
B2RWS6;E9PYJ8	Cell cycle;Wnt signaling pathway;Notch signaling pathway;TGF-beta signaling pathway;Adherens junction;Jak-STAT signaling pathway;Long-term potentiation;Melanogenesis;Huntington's disease;ko05152;Pathways in cancer;Renal cell carcinoma;Prostate cancer
Q03137;Q80VZ2	Axon guidance
Q60750;Q8CED9;Q9ESJ2	Axon guidance
Q60629;E9QPV2	Axon guidance
Q8CHU3;O70447;Q5NCM4;Q8BZ85	Endocytosis
Q03145;Q3UNI2;Q60633;Q62212	Axon guidance
P54763;A3KG00;A3KG01;A3KG02;A3KG89;A3KG90;Q62213;Q6GTQ7;Q6P5F1;Q9QVY4	Axon guidance
P07321	Cytokine-cytokine receptor interaction;Jak-STAT signaling pathway;Hematopoietic cell lineage
Q61772;Q61505;Q61773;Q61774;Q8BSU8	Axon guidance
Q91W69;Q9CV55	Endocytosis
Q80VP1;O70446;Q6NX78	Endocytosis
P54754;Q62214;Q91YS9	Axon guidance
Q80TA1;Q3KQQ5;Q8BG08	Phosphonate and phosphinate metabolism;Glycerophospholipid metabolism;Ether lipid metabolism
P54761;Q60627;Q99MR2	Axon guidance
P42567;Q8C431	Endocytosis
P14753;Q63852	Cytokine-cytokine receptor interaction;Jak-STAT signaling pathway;Hematopoietic cell lineage
P07903;Q91VP3	Nucleotide excision repair
Q9CQM2;Q4FK20	Vibrio cholerae infection
Q61527;B2KGF5;B2KGF6;O88460;Q3UNS6	ErbB signaling pathway;Calcium signaling pathway;Endocytosis
Q61521;Q7M0A8	ErbB signaling pathway
Q8BWY3;Q3TPZ6;Q91VH9	mRNA surveillance pathway
F8VPZ5;A3KMN2	Nucleotide excision repair
Q8R1L4;Q3UVS1;Q91X67	Vibrio cholerae infection
P70424;Q61525;Q6ZPE0	ErbB signaling pathway;Calcium signaling pathway;Focal adhesion;Adherens junction;Pathways in cancer;Pancreatic cancer;Endometrial cancer;Prostate cancer;Bladder cancer;Non-small cell lung cancer
O08811;Q8C487;Q9DC01	Basal transcription factors;Nucleotide excision repair
Q80TH2;E9QND6;Q8BQ14;Q8CE41;Q8K171;Q99JU3;Q9JI47	NOD-like receptor signaling pathway
Q8CFD5;Q3U066;Q8VDC4;Q9CWK7	Nucleotide excision repair;Ubiquitin mediated proteolysis
Q8R050;E9QK49;G3UWC0;O88179;Q8K2E1	mRNA surveillance pathway
Q149F3;O88180;Q9CY91	mRNA surveillance pathway
Q61526;Q3KQR1;Q68J64;Q810U8;Q8K317	ErbB signaling pathway;Calcium signaling pathway;Endocytosis
P49135	Basal transcription factors;Nucleotide excision repair
Q99JH8	Vibrio cholerae infection
Q71KT5;B5LBK0	Steroid biosynthesis
P52019	Steroid biosynthesis
Q8VEH8;Q3UZF3;Q8BVN6	Protein processing in endoplasmic reticulum
Q8R2E9;Q14DN0	Protein processing in endoplasmic reticulum
P57759;Q3THW3;Q9CQ42	Protein processing in endoplasmic reticulum
Q9EQY0;Q9D340	Protein processing in endoplasmic reticulum;Alzheimer's disease
Q8R180;Q9CV47;Q9QY03	Protein processing in endoplasmic reticulum;Vibrio cholerae infection
Q925F2	Cell adhesion molecules (CAMs);Leukocyte transendothelial migration
P60330;A6H6E3	Cell cycle;Cell cycle - yeast;Meiosis - yeast;Oocyte meiosis
P23953;E9QQ07;O54936;P11374;Q8K125	Drug metabolism - other enzymes
Q8VCT4;Q91ZV9;Q924V8;Q9ULY1	Tropane, piperidine and pyridine alkaloid biosynthesis;Drug metabolism - other enzymes
Q64176	Tropane, piperidine and pyridine alkaloid biosynthesis;Drug metabolism - other enzymes
P19785;Q9JJT5;Q9QY51;Q9QY52	Endocrine and other factor-regulated calcium reabsorption
Q8BK48;Q8BM97;Q8VC02	Drug metabolism - other enzymes
P61406;Q5NC64	mRNA surveillance pathway
Q9R0P3;Q80ZX4;Q9CWI4	Methane metabolism
Q63880;Q3UEJ0;Q3UU08;Q6P8Z0;Q6PG74;Q810S9	Tropane, piperidine and pyridine alkaloid biosynthesis;Drug metabolism - other enzymes
Q8VCU1;G5E8G7;G5E8K9;Q91XD5	Tropane, piperidine and pyridine alkaloid biosynthesis;Drug metabolism - other enzymes
Q6AW46	Tropane, piperidine and pyridine alkaloid biosynthesis;Drug metabolism - other enzymes
P27577;Q61403	MAPK signaling pathway - fly;Dorso-ventral axis formation
P15037	MAPK signaling pathway - fly;Dorso-ventral axis formation
P97360	MAPK signaling pathway - fly;Dorso-ventral axis formation
Q9QZ11;Q3TLM4;Q923A5	Mismatch repair
Q8VBV3	RNA degradation
Q6KAR6	Tight junction
Q9D0M0;Q4VBW5;Q9CT77	RNA degradation
Q8C163;Q3UFL2	Apoptosis
Q7TQK4;Q9CV81;Q9CVW2	RNA degradation
Q9D753	RNA degradation
O35382	Tight junction
Q9DAA6;Q9DCB9	RNA degradation
Q921I9	RNA degradation
O35250;Q8K121	Insulin signaling pathway
Q9JHI7;Q9CSZ2	RNA degradation
Q9CRA8;Q8K1J2	RNA degradation
Q9JKV7;E9QKA3	Glycosaminoglycan biosynthesis - heparan sulfate
P56960;B1ARY9;Q9QYS8;Q9R0B1	RNA degradation
Q8BTW3;Q9CSR7	RNA degradation
Q9ES89;Q505Q8;Q9CX90	Glycosaminoglycan biosynthesis - heparan sulfate
P97464;Q61546	Glycosaminoglycan biosynthesis - heparan sulfate
P70428;P70395;Q3TPI7;Q923D6	Glycosaminoglycan biosynthesis - heparan sulfate
P26040;Q80ZT8;Q9DCI1	Leukocyte transendothelial migration;Regulation of actin cytoskeleton;Gastric acid secretion;Pathogenic Escherichia coli infection
Q8BH61;Q3TNF9;Q8BIP2	Complement and coagulation cascades
Q07968;B1AY02	Complement and coagulation cascades
Q9QXD6;P97323;Q3UEH1	Glycolysis / Gluconeogenesis;Pentose phosphate pathway;Fructose and mannose metabolism;Methane metabolism;Carbon fixation in photosynthetic organisms;Insulin signaling pathway
P70695;Q91X26;Q9JK01;Q9JK02;Q9JK03;Q9JK04;Q9JK05;Q9JK06;Q9JK07;Q9JK08;Q9JK09;Q9QXB4;Q9QXB5;Q9QXB6;Q9QXD7	Glycolysis / Gluconeogenesis;Pentose phosphate pathway;Fructose and mannose metabolism;Methane metabolism;Carbon fixation in photosynthetic organisms;Insulin signaling pathway
Q6DTY7;Q5UD55;Q5UD56;Q5UD57;Q5Y296;Q6PFE8	Fructose and mannose metabolism
Q91Y47;Q9DAT3	Complement and coagulation cascades
P70266;A2AFN0;Q3V180	Fructose and mannose metabolism
Q80YC5;O35727;Q6PER0	Complement and coagulation cascades
P70265;Q8VEI9	Fructose and mannose metabolism
O88947;O54740;Q99L32	Complement and coagulation cascades
P70375;Q61109	Complement and coagulation cascades
O88783;Q3UTQ2;Q3UV80	Complement and coagulation cascades
Q06194;A2AN88	Complement and coagulation cascades
P35505;Q3TY87;Q9QW65	Tyrosine metabolism;Styrene degradation
Q8R3F5;Q4FZH0	Fatty acid biosynthesis
P16294;Q3UES1	Complement and coagulation cascades
Q05816	PPAR signaling pathway
P04117	PPAR signaling pathway
P12710	PPAR signaling pathway;Fat digestion and absorption
P51162;Q5SRT9	PPAR signaling pathway
P11404;Q91W23	PPAR signaling pathway
P55050	PPAR signaling pathway;Fat digestion and absorption
P51880;Q4FJK4	PPAR signaling pathway
Q8R123;Q3TSN6;Q8BXQ1	Riboflavin metabolism
Q922J9;Q8BZS2;Q9CXE8;Q9D0Q1;Q9DAU2	Peroxisome
Q7TNT2;B2KFC6;Q3TTT7;Q8BH72;Q8CAK7	Peroxisome
Q61160;Q3TC37;Q61082	Apoptosis;Toll-like receptor signaling pathway;RIG-I-like receptor signaling pathway;Alzheimer's disease;Chagas disease (American trypanosomiasis);ko05152;Pathways in cancer
Q9Z0R9	alpha-Linolenic acid metabolism;Biosynthesis of unsaturated fatty acids;PPAR signaling pathway
Q920L1;Q3U494;Q8BZX7;Q8R0G8;Q8VC07	Biosynthesis of unsaturated fatty acids
P34152;O08578;Q5DTH7;Q8C513;Q8CFH7;Q8CHM2;Q8K2S0;Q9DAW3	ErbB signaling pathway;Chemokine signaling pathway;Axon guidance;VEGF signaling pathway;Focal adhesion;Leukocyte transendothelial migration;Regulation of actin cytoskeleton;Bacterial invasion of epithelial cells;Amoebiasis;Pathways in cancer;Small cell lung cancer
Q9CR14;Q3TGY2;Q9D017	Ubiquitin mediated proteolysis
Q9QVP9;B2RQ16;G3X8V1	Calcium signaling pathway;Chemokine signaling pathway;Natural killer cell mediated cytotoxicity;Leukocyte transendothelial migration;GnRH signaling pathway
Q91VS8;E9QJS4;Q3TAP2;Q69ZZ0	Adherens junction
P19096;B1ATU8;Q6PB72;Q8C4Z0;Q9EQR0	Fatty acid biosynthesis;Insulin signaling pathway
Q80WS3	Ribosome biogenesis in eukaryotes
Q3ULA2;Q3U0Q4;Q571K6;Q9QUI5;Q9R1G7;Q9Z159	Oocyte meiosis;Ubiquitin mediated proteolysis;Wnt signaling pathway;Hedgehog signaling pathway;Circadian rhythm - mammal;Shigellosis
Q5SRY7;Q3TGM9;Q3TLZ8;Q8BY90;Q8K022;Q923H0	Oocyte meiosis;Ubiquitin mediated proteolysis;Wnt signaling pathway;Hedgehog signaling pathway;Circadian rhythm - mammal;Shigellosis
P35550;Q99L58	Ribosome biogenesis in eukaryotes
Q8CHQ0;E9QPM9;Q99JG8	Ubiquitin mediated proteolysis
Q80UW2;Q8R0D2	Ubiquitin mediated proteolysis;Protein processing in endoplasmic reticulum
Q7TSG3	Oocyte meiosis
Q9QZN4;A2A7H0;A2A7H2;B2KFL0;B2KFL2;Q3TML5;Q3UCB0	Protein processing in endoplasmic reticulum
P20491	Natural killer cell mediated cytotoxicity;Fc epsilon RI signaling pathway;ko05152;Asthma
Q8C4V4;Q80V32;Q8K1W0;Q9QXW1	Circadian rhythm - mammal
P08101;P08102;P12316;P97917;Q60938;Q60939;Q60940;Q61170;Q61558	Phagosome;Osteoclast differentiation;Fc gamma R-mediated phagocytosis;Staphylococcus aureus infection;ko05152;Measles;Systemic lupus erythematosus
Q9CTH6;Q505C6;Q8K261	Ribosome biogenesis in eukaryotes
Q8VBV4;A2RRI5;D3YUA5;Q8CCS5;Q8VHP4	Ubiquitin mediated proteolysis
A0A0B4J1G0;Q3TC44;Q8R2R4;Q8R477	Phagosome;Osteoclast differentiation;Natural killer cell mediated cytotoxicity;Leishmaniasis;Staphylococcus aureus infection;ko05152;Systemic lupus erythematosus
P20693;Q61556;Q61557	Hematopoietic cell lineage
P20489;E9QLR4	Fc epsilon RI signaling pathway;Asthma
Q8BIA4;Q8BI62;Q8BI75;Q8BI76;Q8CID8;Q921Z1	Ubiquitin mediated proteolysis
P23591	Fructose and mannose metabolism;Amino sugar and nucleotide sugar metabolism
P20490	Fc epsilon RI signaling pathway;Asthma
Q7TMC8;Q7TSB1;Q8C7W3;Q8CI18	Fructose and mannose metabolism;Amino sugar and nucleotide sugar metabolism
P26151	Phagosome;Osteoclast differentiation;Hematopoietic cell lineage;Fc gamma R-mediated phagocytosis;Leishmaniasis;Staphylococcus aureus infection;ko05152;Systemic lupus erythematosus
P53798;Q8BPF5	Steroid biosynthesis
P16879;Q3TD20;Q62122;Q8CG02	Axon guidance
Q9ESL9;Q8C7A8	MAPK signaling pathway;Regulation of actin cytoskeleton;Pathways in cancer;Melanoma
O89101	MAPK signaling pathway;Regulation of actin cytoskeleton;Pathways in cancer;Melanoma
P61329;O35339;P70376;Q924B4;Q92912;Q93001	MAPK signaling pathway;Regulation of actin cytoskeleton;Pathways in cancer;Melanoma
Q9JJN1	MAPK signaling pathway;Regulation of actin cytoskeleton;Pathways in cancer;Melanoma
Q9ESS2	MAPK signaling pathway;Regulation of actin cytoskeleton;Pathways in cancer;Melanoma
P52734;Q921L2	Regulation of actin cytoskeleton
P70377;B1AU21;O35338;Q3UR31;Q8VCY9;Q9JLA5	MAPK signaling pathway;Regulation of actin cytoskeleton;Pathways in cancer;Melanoma
Q9EPC2	MAPK signaling pathway;Regulation of actin cytoskeleton;Pathways in cancer;Melanoma
O35565;Q543V5	MAPK signaling pathway;Regulation of actin cytoskeleton;Pathways in cancer;Melanoma
P70378;Q5F291	MAPK signaling pathway;Regulation of actin cytoskeleton;Pathways in cancer;Melanoma
P61148;P10935	MAPK signaling pathway;Regulation of actin cytoskeleton;Pathways in cancer;Melanoma
P36363	MAPK signaling pathway;Regulation of actin cytoskeleton;Pathways in cancer;Melanoma
P70379;Q3KNZ6;Q8BST0;Q9JHL9	MAPK signaling pathway;Regulation of actin cytoskeleton;Pathways in cancer;Melanoma
O35622	MAPK signaling pathway;Regulation of actin cytoskeleton;Pathways in cancer;Melanoma
P11403;P15657;Q542N0	MAPK signaling pathway;Regulation of actin cytoskeleton;Pathways in cancer;Melanoma
Q9ESL8;A2RTU5;Q9ERQ5	MAPK signaling pathway;Regulation of actin cytoskeleton;Pathways in cancer;Melanoma
P37237	MAPK signaling pathway;Regulation of actin cytoskeleton;Pathways in cancer;Melanoma
P15655	MAPK signaling pathway;Regulation of actin cytoskeleton;Pathways in cancer;Melanoma
P63075;O70627	MAPK signaling pathway;Regulation of actin cytoskeleton;Pathways in cancer;Melanoma
P15656;O88825	MAPK signaling pathway;Regulation of actin cytoskeleton;Pathways in cancer;Melanoma
P54130;Q499I9	MAPK signaling pathway;Regulation of actin cytoskeleton;Pathways in cancer;Melanoma
P21658	MAPK signaling pathway;Regulation of actin cytoskeleton;Pathways in cancer;Melanoma
O89106;Q6URW5;Q91VL1	Purine metabolism;Small cell lung cancer;Non-small cell lung cancer
P21803;O55141;Q00389;Q61342	MAPK signaling pathway;Endocytosis;Regulation of actin cytoskeleton;Pathways in cancer;Prostate cancer
P14234;Q61404;Q8BGM0	Chemokine signaling pathway
P16092;E9Q2P4;Q01736;Q60830;Q61562;Q80T10;Q8CFK8;Q9QZM7	MAPK signaling pathway;Adherens junction;Regulation of actin cytoskeleton;Pathways in cancer;Prostate cancer;Melanoma
O70433;P97448	Osteoclast differentiation
E9PV24;Q99K47	Complement and coagulation cascades
Q8K0E8;Q91ZP1	Complement and coagulation cascades
Q03142;Q27Q87;Q5J7D9;Q8C3V5;Q8CIB8	MAPK signaling pathway;Endocytosis;Regulation of actin cytoskeleton
Q8VCM7;Q8WUR3;Q91ZP0	Complement and coagulation cascades;Staphylococcus aureus infection
Q9D824;Q8BWX7;Q99LH0;Q9DBB2	mRNA surveillance pathway
P11276;G5E8B8;Q61567;Q61568;Q61569;Q64233;Q80UI4	Focal adhesion;ECM-receptor interaction;Regulation of actin cytoskeleton;Bacterial invasion of epithelial cells;Amoebiasis;Pathways in cancer;Small cell lung cancer
Q8QZS3;Q3U4U8;Q3UFZ1;Q5SWZ2;Q5SX01;Q5SX02;Q8CAC0	Renal cell carcinoma
Q60634;Q5SS82;Q6NS75	Insulin signaling pathway
O08917	Insulin signaling pathway
P49772;Q64085	Cytokine-cytokine receptor interaction;Hematopoietic cell lineage;Pathways in cancer
Q80X90;E9QNV9;Q8VHX4;Q8VHX7;Q99KY3	MAPK signaling pathway;Focal adhesion
Q00342	Cytokine-cytokine receptor interaction;Hematopoietic cell lineage;Pathways in cancer;Acute myeloid leukemia
Q8VHX6;B2RY80;B9EKT2;Q6PAI6;Q9JJ38	MAPK signaling pathway;Focal adhesion
Q8VHG0	Methane metabolism;Drug metabolism - cytochrome P450
Q8K2I3;Q9QZF7	Methane metabolism;Drug metabolism - cytochrome P450
Q9JL04;Q505D3	Dorso-ventral axis formation
P97872;Q8R1W6	Methane metabolism;Drug metabolism - cytochrome P450
P50285	Methane metabolism;Drug metabolism - cytochrome P450
P97501	Methane metabolism;Drug metabolism - cytochrome P450
Q9D799;E9QKZ0;Q8VE89	One carbon pool by folate;Aminoacyl-tRNA biosynthesis
P48760;A2AK69;Q3U0B4;Q99K38	Folate biosynthesis
O35409;Q0VDM5;Q9DCC2	Vitamin digestion and absorption
P35846;Q9R222	Endocytosis
Q05685	Endocytosis
P48755;O35285	Wnt signaling pathway;Osteoclast differentiation
P13346;A0A140LIE4	Osteoclast differentiation
P35583;A2AR89;Q60602	Maturity onset diabetes of the young
P47930;Q3UKX7;Q8C231	Osteoclast differentiation
P35584	Maturity onset diabetes of the young
P01101	MAPK signaling pathway;Osteoclast differentiation;Toll-like receptor signaling pathway;T cell receptor signaling pathway;B cell receptor signaling pathway;Leishmaniasis;Chagas disease (American trypanosomiasis);Pathways in cancer;Colorectal cancer;Rheumatoid arthritis
Q9WVH4;D3Z6Y6;Q05CZ4	Chemokine signaling pathway;Neurotrophin signaling pathway;Endometrial cancer;Non-small cell lung cancer
Q9R1E0;Q9JJW4	Insulin signaling pathway;Pathways in cancer;Prostate cancer
G5E8F4;Q2TB53;Q712G7;Q8C1A2	Fructose and mannose metabolism;Amino sugar and nucleotide sugar metabolism
P33766;Q3UV01	Neuroactive ligand-receptor interaction;Staphylococcus aureus infection
Q920E5	Terpenoid backbone biosynthesis
O88536	Neuroactive ligand-receptor interaction;Staphylococcus aureus infection
P70339	Wnt signaling pathway
O08790;O88535	Neuroactive ligand-receptor interaction;Staphylococcus aureus infection
Q8K025	Wnt signaling pathway
P09528;Q3UI44	Porphyrin and chlorophyll metabolism;Mineral absorption
Q8C180	Neurotrophin signaling pathway
Q60687	Neuroactive ligand-receptor interaction;GnRH signaling pathway
Q91XD4	Histidine metabolism;One carbon pool by folate
P47931;A6H6P0	TGF-beta signaling pathway
P35378;Q9D4C2;Q9QWV8	Neuroactive ligand-receptor interaction
Q9D5H4;Q14BZ8;Q3V0N6;Q9D5F4	Porphyrin and chlorophyll metabolism;Mineral absorption
Q99LJ1;B1AV51;Q3UAH8;Q8BN13;Q9DD22	Other glycan degradation
Q99KR8;Q8VEM3;Q9D7Z8;Q9DCL7	Other glycan degradation
P97807;Q3UIA9;Q99JL0;Q9DCX0	Citrate cycle (TCA cycle);Carbon fixation pathways in prokaryotes;Pathways in cancer;Renal cell carcinoma
O88819;Q3TQ63	Other types of O-glycan biosynthesis;Glycosphingolipid biosynthesis - lacto and neolacto series;Glycosphingolipid biosynthesis - globo series
Q11127	Other types of O-glycan biosynthesis;Glycosphingolipid biosynthesis - lacto and neolacto series
Q11131;Q0VGH5	Other types of O-glycan biosynthesis;Glycosphingolipid biosynthesis - lacto and neolacto series
Q9JL27;O70504	Glycosphingolipid biosynthesis - lacto and neolacto series;Glycosphingolipid biosynthesis - globo series
O09160;P97327	Glycosphingolipid biosynthesis - lacto and neolacto series;Glycosphingolipid biosynthesis - globo series
Q9WTS2;Q543F5;Q921U1	N-Glycan biosynthesis;Various types of N-glycan biosynthesis;Glycosaminoglycan biosynthesis - keratan sulfate
Q9Z1T6;E9QL40;Q3TNE4;Q3UTT6;Q69ZU1;Q9CU94	Inositol phosphate metabolism;Phosphatidylinositol signaling system;Phagosome;Regulation of actin cytoskeleton
Q9JIP6;Q810M0;Q9JIP5;Q9WUJ2	Wnt signaling pathway;Melanogenesis;Pathways in cancer;Basal cell carcinoma
P39688;Q3TAT3;Q3U0T5;Q8K2A3	Axon guidance;Osteoclast differentiation;Focal adhesion;Adherens junction;Natural killer cell mediated cytotoxicity;T cell receptor signaling pathway;Fc epsilon RI signaling pathway;Prion diseases;Pathogenic Escherichia coli infection;Measles;Viral myocarditis
Q61086	Wnt signaling pathway;Melanogenesis;Pathways in cancer;Basal cell carcinoma
Q8BKG4	Wnt signaling pathway;Melanogenesis;Pathways in cancer;Basal cell carcinoma
Q9D2W0	Aldosterone-regulated sodium reabsorption
Q61089	Wnt signaling pathway;Melanogenesis;Pathways in cancer;Basal cell carcinoma
O70421;O08974;Q7TS82	Wnt signaling pathway;Melanogenesis;Pathways in cancer;Basal cell carcinoma
Q61088	Wnt signaling pathway;Melanogenesis;Pathways in cancer;Basal cell carcinoma
Q61090;G3X953	Wnt signaling pathway;Melanogenesis;Pathways in cancer;Basal cell carcinoma
Q9EQD0;G5E8F0;O08975;Q8BMR2;Q8CHK9	Wnt signaling pathway;Melanogenesis;Pathways in cancer;Basal cell carcinoma
Q61091;A2RTK9	Wnt signaling pathway;Melanogenesis;Pathways in cancer;Basal cell carcinoma
Q9R1K5	Cell cycle;Cell cycle - yeast;Ubiquitin mediated proteolysis;Progesterone-mediated oocyte maturation
Q9R216;O35494;Q9CX16;Q9R2B3	Wnt signaling pathway;Melanogenesis;Pathways in cancer;Basal cell carcinoma
Q64467;Q60650	Glycolysis / Gluconeogenesis
P16858;A6H6A8;Q0QEU0;Q3THM2;Q3TUI2;Q3UMT2;Q4V783;Q569X2;Q569X5;Q5U410	Glycolysis / Gluconeogenesis;Alzheimer's disease
P35576;Q91WV3	Glycolysis / Gluconeogenesis;Galactose metabolism;Starch and sucrose metabolism;Insulin signaling pathway;Adipocytokine signaling pathway;Carbohydrate digestion and absorption
Q9JHE4;Q9D8V6	Sphingolipid metabolism
Q8CFX1;A2A7A9;B2KGW7;Q8BLH1	Pentose phosphate pathway
Q00612	Pentose phosphate pathway;Glutathione metabolism
P97324;Q0VB18	Pentose phosphate pathway;Glutathione metabolism
P06745;O89062;Q3TEE7;Q3TW50;Q3UUX1;Q3UY84;Q3UZJ1;Q5RJI3;Q8C675;Q9JM07	Glycolysis / Gluconeogenesis;Pentose phosphate pathway;Starch and sucrose metabolism;Amino sugar and nucleotide sugar metabolism
P48316	MAPK signaling pathway;Cell cycle;p53 signaling pathway
Q80T41;A2AL05	Neuroactive ligand-receptor interaction
P22339;Q3U342;Q9R106	MAPK signaling pathway;Cell cycle;p53 signaling pathway
Q9QYY0;Q91VW7	ErbB signaling pathway;Neurotrophin signaling pathway;Bacterial invasion of epithelial cells;Renal cell carcinoma
P61922;Q8BZA3	Alanine, aspartate and glutamate metabolism;Valine, leucine and isoleucine degradation;beta-Alanine metabolism;Propanoate metabolism;Butanoate metabolism
Q9WV18;Q6PGJ2;Q9WU48;Q9WV15;Q9WV16;Q9WV17	Neuroactive ligand-receptor interaction
Q6PB93;Q7TSI5;Q8BL27;Q922K5;Q99ME1	Mucin type O-Glycan biosynthesis
P54818;O35151;Q3U3H7	Sphingolipid metabolism;Lysosome
P47212	Neuroactive ligand-receptor interaction
P56479	Neuroactive ligand-receptor interaction
Q8K157	Glycolysis / Gluconeogenesis
O88854;Q14A53;Q9Z2B0	Neuroactive ligand-receptor interaction
P70419;Q3UXL2;Q80V55	Mucin type O-Glycan biosynthesis
Q9R0N0;Q9JIA6	Galactose metabolism;Amino sugar and nucleotide sugar metabolism
Q8C7U7;Q0VE84;Q3TWF0;Q8CED2;Q9QZ16	Mucin type O-Glycan biosynthesis
O88853;A2RS28;E9QPX7	Neuroactive ligand-receptor interaction
Q03249;Q91VQ7	Galactose metabolism;Amino sugar and nucleotide sugar metabolism
O08912;Q5BKS3;Q7TND1	Mucin type O-Glycan biosynthesis
Q68FH4	Galactose metabolism;Amino sugar and nucleotide sugar metabolism
O35969;Q3TZ58;Q3US90	Glycine, serine and threonine metabolism;Arginine and proline metabolism
Q571E4;Q3TWQ4;Q99KU8;Q9JHK9	Glycosaminoglycan degradation;Lysosome
Q80VA0;Q8BY62;Q8BZ70;Q8BZW0;Q91VW6;Q99MD7	Mucin type O-Glycan biosynthesis
O08832;Q3U681	Mucin type O-Glycan biosynthesis
Q8BVW0;Q8BH03	Galactose metabolism;Starch and sucrose metabolism
Q8C102;A2AS75	Mucin type O-Glycan biosynthesis
Q8BHN3;O08794;Q149A6;Q80U81;Q9CS53	N-Glycan biosynthesis;Protein processing in endoplasmic reticulum
Q9CY66;Q80X93;Q8C6C5;Q8VDH0	Ribosome biogenesis in eukaryotes
Q01721	Hedgehog signaling pathway
P48757;P70334;Q64295;Q9CPR2	Gastric acid secretion
Q9CZD3;Q3TMM4;Q3UK01;Q8VC67	Aminoacyl-tRNA biosynthesis
P56481	Calcium signaling pathway;Neuroactive ligand-receptor interaction;Gastric acid secretion
Q99JT1;Q8BMU3;Q8BUY3	Aminoacyl-tRNA biosynthesis
P29387;Q3TJJ1;Q8R475;Q9JHX8	Chemokine signaling pathway
Q9D964;A2AK36;Q3U8U4;Q3UAM0;Q3UKD9;Q6IU01	Glycine, serine and threonine metabolism;Arginine and proline metabolism
Q61012;Q9CR01	Chemokine signaling pathway;Phototransduction
P62874;P04697;P04901	Chemokine signaling pathway;Taste transduction;Phototransduction
Q61016;Q8JZP6	Chemokine signaling pathway
P63078;P43426	Chemokine signaling pathway
P63213;P16874;Q3TYE8;Q61013;Q9TS47	Chemokine signaling pathway
Q9CXP8;A2ALW6;Q56A84	Chemokine signaling pathway
P61953;P50152;Q4QRN2	Chemokine signaling pathway
P63216;P29798;Q61014	Chemokine signaling pathway;Taste transduction
P17439;Q78NR7	Other glycan degradation;Sphingolipid metabolism;Lysosome
Q8VI38;Q3KPA1;Q8CJF3	Glycosphingolipid biosynthesis - globo series
P62880;P11016;P54312	Chemokine signaling pathway
P50153	Chemokine signaling pathway
Q61017;Q9CWL5	Chemokine signaling pathway
Q9DCD6;B1AR49;Q9QUI7	Regulation of autophagy
Q9DAS9;Q544P3	MAPK signaling pathway;Chemokine signaling pathway;Regulation of actin cytoskeleton
Q61011	Chemokine signaling pathway;Taste transduction
P26049	Neuroactive ligand-receptor interaction
Q80SZ7;P30670;Q5I0W4;Q61015	Chemokine signaling pathway
Q9JMF3	Chemokine signaling pathway;Taste transduction;Phototransduction - fly
P22933	Neuroactive ligand-receptor interaction
P50571	Neuroactive ligand-receptor interaction
Q9D6F4	Neuroactive ligand-receptor interaction
P56476;Q6PEP0	Neuroactive ligand-receptor interaction
P62812;P18504	Neuroactive ligand-receptor interaction
Q8R3R8;Q3TG14;Q3TJB9;Q3TXZ5;Q9JJ97	Regulation of autophagy
Q9R0Y8;Q8BHM6	Neuroactive ligand-receptor interaction
Q8BHJ7	Neuroactive ligand-receptor interaction
Q9JLF1	Neuroactive ligand-receptor interaction
P63137;A6H6R7;D1LYT3;P15432	Neuroactive ligand-receptor interaction
P26048	Neuroactive ligand-receptor interaction
P16305;Q5SUU5;Q9R0V3;Q9R0V4;Q9R0V5	Neuroactive ligand-receptor interaction
P22723;Q91V50;Q91VA8	Neuroactive ligand-receptor interaction
P60521;O08765;Q9DCP8;Q9UQF7	Regulation of autophagy
P63080;P15433;Q3UHR3	Neuroactive ligand-receptor interaction
Q8QZW7;Q3TUT6	Neuroactive ligand-receptor interaction
P27681;G5E8E8	Neuroactive ligand-receptor interaction
P56475;A3KG51	Neuroactive ligand-receptor interaction
Q60759;Q6P8N6	Fatty acid metabolism;Lysine degradation;Benzoate degradation;Tryptophan metabolism
Q05915	Folate biosynthesis
Q5JCT0;A2TIK7;Q8VCX9;Q9D8A3	Mucin type O-Glycan biosynthesis
E9Q649	Mucin type O-Glycan biosynthesis
Q09324;O35981;Q8BRB2	Mucin type O-Glycan biosynthesis
P97402;Q6T5E3	Glycosphingolipid biosynthesis - lacto and neolacto series
P06537;E0ZPU5;E9PUR6;E9PYV1;Q06VW2;Q3U126;Q3U2M7;Q61628;Q61629	Neuroactive ligand-receptor interaction
Q91W43	Glycine, serine and threonine metabolism
Q8CFA2	Glycine, serine and threonine metabolism;One carbon pool by folate;Nitrogen metabolism
Q9ERL9;Q6GTG0;Q9DBQ3	Purine metabolism;Vascular smooth muscle contraction;Gap junction;Long-term depression;Salivary secretion
P43028;Q70UT4	Cytokine-cytokine receptor interaction;TGF-beta signaling pathway
A2AS89;Q14BN7	Arginine and proline metabolism
P43029;Q7TNX4;Q99MY1	Cytokine-cytokine receptor interaction;TGF-beta signaling pathway
O54865	Purine metabolism;Vascular smooth muscle contraction;Gap junction;Long-term depression;Salivary secretion
Q99PT1;Q5M9P6;Q8BPI0;Q99KC4	Neurotrophin signaling pathway;Vasopressin-regulated water reabsorption
Q61599;Q3TEB3	Neurotrophin signaling pathway;Vasopressin-regulated water reabsorption
P43027;A2ARK2	Cytokine-cytokine receptor interaction;TGF-beta signaling pathway
Q8BX17;Q3UPH2	RNA transport
P13020;Q3UPB1;Q8R590	Fc gamma R-mediated phagocytosis;Regulation of actin cytoskeleton
Q9CX53;Q3TIW7;Q9CQI0;Q9CXC5	RNA transport
Q9CQQ4;Q9DAD7	RNA transport
Q9CWY4	RNA transport
Q8BHE1;B1AVP4;Q3TUT1;Q8R3W9	RNA transport
P47856;Q91XG9;Q99LP7;Q99MJ4	Alanine, aspartate and glutamate metabolism;Amino sugar and nucleotide sugar metabolism
Q9Z2Z9;Q5NCL2	Alanine, aspartate and glutamate metabolism;Amino sugar and nucleotide sugar metabolism
Q9D7X8;Q3URJ2;Q66JQ5	Glutathione metabolism
Q8R0H9;Q3U2N1	Lysosome
P58710;Q8K152	Ascorbate and aldarate metabolism
Q9Z0L8;B1AWC1;Q9Z0L7	Folate biosynthesis
Q6P5E6;Q3U374;Q6PFX3;Q6ZPY8;Q8BM76;Q9DC15	Lysosome
Q60928	Taurine and hypotaurine metabolism;Cyanoamino acid metabolism;Glutathione metabolism;Arachidonic acid metabolism
Q99JP7;A2AQN1;Q91V91	Taurine and hypotaurine metabolism;Cyanoamino acid metabolism;Glutathione metabolism;Arachidonic acid metabolism
Q8BMI3;Q3V1Y0;Q80U71	Lysosome
P23336;Q91V22	Glycosphingolipid biosynthesis - lacto and neolacto series
Q9WTN0	Terpenoid backbone biosynthesis
Q9Z2A9;Q8C7B4	Taurine and hypotaurine metabolism;Cyanoamino acid metabolism;Glutathione metabolism;Arachidonic acid metabolism
Q6PDE7;Q5F245;Q9D347	Taurine and hypotaurine metabolism;Cyanoamino acid metabolism;Glutathione metabolism;Arachidonic acid metabolism
P16882;P16590;Q61653;Q6DI66;Q80W86;Q8R1M5;Q920Z3;Q9R264	Cytokine-cytokine receptor interaction;Neuroactive ligand-receptor interaction;Jak-STAT signaling pathway
Q9EQX0;Q9WUZ1	Neuroactive ligand-receptor interaction
Q9ESY9;G3X911;Q3U0F9;Q9EP56	Antigen processing and presentation
P32082;Q0VB62	Neuroactive ligand-receptor interaction
Q99P50;Q8BWX8;Q91Z82	Neuroactive ligand-receptor interaction
Q0P543;Q80UB4	Neuroactive ligand-receptor interaction
P48756;Q9D887	Neuroactive ligand-receptor interaction
Q9JLQ2;E9QPU7	Endocytosis
Q02596;A6H6D0	Cell adhesion molecules (CAMs)
Q8QZY2;Q7TNX6;Q8BQL0;Q8C717;Q8C7I3;Q8CI81;Q8K0R7	Glycine, serine and threonine metabolism;Glycerolipid metabolism;Glyoxylate and dicarboxylate metabolism;Methane metabolism
Q91WG8;Q8CC83;Q8CCB0;Q9Z0P6	Amino sugar and nucleotide sugar metabolism
Q9EPS3;Q505E6;Q99MM0	Glycosaminoglycan biosynthesis - heparan sulfate
Q9D6Y9	Starch and sucrose metabolism
P01216;P11963;Q5M8P4	Neuroactive ligand-receptor interaction;GnRH signaling pathway;Autoimmune thyroid disease
P47806;G5E857;Q9QYK1	Hedgehog signaling pathway;Pathways in cancer;Basal cell carcinoma
Q0VGT2;E9PYJ4	Hedgehog signaling pathway;Pathways in cancer;Basal cell carcinoma
Q61602	Hedgehog signaling pathway;Pathways in cancer;Basal cell carcinoma
P15105;Q3TRK7;Q64432;Q91VC6	Alanine, aspartate and glutamate metabolism;Arginine and proline metabolism;Nitrogen metabolism;Two-component system
Q99KB8;Q3TMR4;Q3UCF6;Q8WUR9	Pyruvate metabolism
O35659;Q1JQR8	Neuroactive ligand-receptor interaction
Q78HU7;Q6XFR5	Malaria
Q5IXF8;Q5SU65	Neuroactive ligand-receptor interaction
P14220	Malaria
Q9WU65	Glycerolipid metabolism;PPAR signaling pathway;Plant-pathogen interaction
Q64516;B1ASZ1;Q8C2M1;Q8C8X0	Glycerolipid metabolism;PPAR signaling pathway;Plant-pathogen interaction
Q64018;Q5NCT8;Q64019;Q9R0Y6;Q9R0Y7	Neuroactive ligand-receptor interaction
Q61606;Q63960;Q8K0B5	Neuroactive ligand-receptor interaction
Q7TNC8	Neuroactive ligand-receptor interaction
Q91XP5;Q7TSQ2	Neuroactive ligand-receptor interaction
Q8BVG5;Q60GT2;Q8BTI6;Q9DCJ2	Mucin type O-Glycan biosynthesis
Q6P9S7;Q6KAQ2;Q8BZU8;Q91YJ6	Mucin type O-Glycan biosynthesis
Q9D2N8;A3KN88	Mucin type O-Glycan biosynthesis
P48168;Q5U5X3	Neuroactive ligand-receptor interaction
Q9JJ61;Q60GT0	Mucin type O-Glycan biosynthesis
Q7TT15;Q8BKN7;Q8BUY1;Q8BX73;Q8BZC8;Q8K483	Mucin type O-Glycan biosynthesis
Q921L8;Q3TT83;Q8BU26;Q8K032	Mucin type O-Glycan biosynthesis
D3Z7P3;E9PUF0;Q69ZX9	Alanine, aspartate and glutamate metabolism;Arginine and proline metabolism;D-Glutamine and D-glutamate metabolism;Nitrogen metabolism;Proximal tubule bicarbonate reclamation
Q8K1B9	Mucin type O-Glycan biosynthesis
Q9D4M9;A6H655;Q810S4;Q9CW06	Mucin type O-Glycan biosynthesis
Q571F8;B2RUF2;Q3TMJ6	Alanine, aspartate and glutamate metabolism;Arginine and proline metabolism;D-Glutamine and D-glutamate metabolism;Nitrogen metabolism;Proximal tubule bicarbonate reclamation
Q8BGT9	Mucin type O-Glycan biosynthesis
Q8CF93;Q8BLE4;Q8BYT3	Mucin type O-Glycan biosynthesis
P55095;Q3UFE9	Neuroactive ligand-receptor interaction
O08795;Q921X2	Protein processing in endoplasmic reticulum
P14142;Q3TPK6;Q9JJN9	Insulin signaling pathway;Adipocytokine signaling pathway;Type II diabetes mellitus
Q9CZN7;Q3TFD0;Q99K87	Glycine, serine and threonine metabolism;Cyanoamino acid metabolism;One carbon pool by folate;Methane metabolism
Q8K0C9	Fructose and mannose metabolism;Amino sugar and nucleotide sugar metabolism
P50431;Q64508;Q8R0X9	Glycine, serine and threonine metabolism;Cyanoamino acid metabolism;One carbon pool by folate;Methane metabolism
Q922H4;Q3UCM2	Fructose and mannose metabolism;Amino sugar and nucleotide sugar metabolism
Q99L27;Q542X2;Q8R1T5	Purine metabolism
P21278;Q61939	Calcium signaling pathway;Vascular smooth muscle contraction;Gap junction;Long-term depression;GnRH signaling pathway;Chagas disease (American trypanosomiasis);Amoebiasis
Q8BTZ7	Fructose and mannose metabolism;Amino sugar and nucleotide sugar metabolism
Q9JK38	Amino sugar and nucleotide sugar metabolism
Q9DCZ1	Purine metabolism
Q8CGK7;Q61020;Q61589	Calcium signaling pathway;Olfactory transduction;Chagas disease (American trypanosomiasis);Amoebiasis
P27600	MAPK signaling pathway;Vascular smooth muscle contraction;Long-term depression;Regulation of actin cytoskeleton
P20612;Q80X34	Phototransduction
P08752;Q3TXK7;Q6P1C0	Chemokine signaling pathway;Axon guidance;Tight junction;Gap junction;Leukocyte transendothelial migration;Long-term depression;Progesterone-mediated oocyte maturation;Melanogenesis;Gastric acid secretion;Chagas disease (American trypanosomiasis);Toxoplasmosis
P21279;Q6PFF5	Calcium signaling pathway;Vascular smooth muscle contraction;Gap junction;Long-term potentiation;Long-term depression;Phototransduction - fly;GnRH signaling pathway;Melanogenesis;Endocrine and other factor-regulated calcium reabsorption;Salivary secretion;Gastric acid secretion;Pancreatic secretion;Alzheimer's disease;Huntington's disease;Chagas disease (American trypanosomiasis);African trypanosomiasis;Amoebiasis
P50149	Phototransduction
P27601;Q6PF99	Vascular smooth muscle contraction;Long-term depression;Regulation of actin cytoskeleton
P18872;P18873	Long-term depression;Melanogenesis;Chagas disease (American trypanosomiasis);Toxoplasmosis
P62881;O35354;P54314;Q91WB3	Chemokine signaling pathway
B2RSH2	Chemokine signaling pathway;Axon guidance;Tight junction;Gap junction;Leukocyte transendothelial migration;Long-term depression;Progesterone-mediated oocyte maturation;Melanogenesis;Gastric acid secretion;Chagas disease (American trypanosomiasis);Toxoplasmosis
Q9DC51;A2AE36;Q3TGV1;Q61019	Chemokine signaling pathway;Axon guidance;Tight junction;Gap junction;Leukocyte transendothelial migration;Long-term depression;Progesterone-mediated oocyte maturation;Melanogenesis;Gastric acid secretion;Chagas disease (American trypanosomiasis);Toxoplasmosis
P30677;Q8R2X9	Calcium signaling pathway;Chagas disease (American trypanosomiasis);Amoebiasis
Q3V3I2	Phototransduction
Q9QXF8;Q91WN7	Glycine, serine and threonine metabolism
Q9CRC9;Q3TH02;Q9D457	Amino sugar and nucleotide sugar metabolism
Q03385;Q8R077	Pathways in cancer;Colorectal cancer;Pancreatic cancer
P30678;Q8K1S0	Calcium signaling pathway;Chagas disease (American trypanosomiasis);Amoebiasis
Q6PGG6	Ribosome biogenesis in eukaryotes
Q8BFR4;Q3TWT0;Q8BJJ7;Q8BK91	Glycosaminoglycan degradation;Lysosome
Q01776;Q61611	Neuroactive ligand-receptor interaction;GnRH signaling pathway
Q8CI11;Q811R9;Q811S8;Q8BK21	Ribosome biogenesis in eukaryotes
O70443;O70442;Q61637;Q91WM4	Long-term depression
P98192;Q9WUT6	Glycerophospholipid metabolism;Peroxisome
P63094;A2A611;A2A612;A2A613;P04894;P08755;Q3KQM5;Q3TFV3;Q3TWS9;Q3UI70;Q58E62;Q6P7U9;Q80ZK6;Q8K5E1;Q9Z1R7	Calcium signaling pathway;Vascular smooth muscle contraction;Gap junction;Long-term depression;Taste transduction;GnRH signaling pathway;Melanogenesis;Endocrine and other factor-regulated calcium reabsorption;Vasopressin-regulated water reabsorption;Salivary secretion;Gastric acid secretion;Pancreatic secretion;Bile secretion;Vibrio cholerae infection;Chagas disease (American trypanosomiasis);Amoebiasis;Dilated cardiomyopathy
Q69ZN6;Q3U3K6;Q3US34	Lysosome
O88958;Q91WJ4;Q9R188	Amino sugar and nucleotide sugar metabolism
Q6S5C2;Q7TNE0;Q8C5J3	Lysosome
P13562	Neuroactive ligand-receptor interaction;GnRH signaling pathway
O35166;Q3UDN0;Q9CR77	SNARE interactions in vesicular transport
O88630;Q91VU9	SNARE interactions in vesicular transport
Q6PCP7;Q8K452	Neuroactive ligand-receptor interaction
O35930;Q5SX47	ECM-receptor interaction;Hematopoietic cell lineage
P56400	ECM-receptor interaction;Hematopoietic cell lineage
Q61586;Q8VCT2	Glycerolipid metabolism;Glycerophospholipid metabolism
Q9WTK3;Q3TNU9;Q9R1U8	Glycosylphosphatidylinositol(GPI)-anchor biosynthesis
Q14DK4;B1AW16;Q0KK60;Q14CH8;Q6KAQ3;Q8BRZ9	Glycerolipid metabolism;Glycerophospholipid metabolism
Q8C0N2;A6H5X0	Glycerolipid metabolism;Glycerophospholipid metabolism
Q3ULJ0;Q6A0D2;Q8BVZ7;Q8BWM5;Q8CFN6	Glycerophospholipid metabolism
Q8K2C8;Q3TF78;Q5QHR4	Glycerolipid metabolism;Glycerophospholipid metabolism
P13707;Q3UVM3;Q5DTS5	Glycerophospholipid metabolism
Q64521;Q3TK51;Q3UDY8;Q61507;Q8CBX6;Q8K4U5;Q8VDT0;Q9ERP0	Glycerophospholipid metabolism
Q9CXY9;Q8BH63	Glycosylphosphatidylinositol(GPI)-anchor biosynthesis
O88186	ECM-receptor interaction;Hematopoietic cell lineage
Q9ES90	Neuroactive ligand-receptor interaction
Q9QY42;Q8BKF8;Q8BXP9;Q8C022;Q9Z0G3	Parkinson's disease
P30731;Q542Q9;Q544C4	Neuroactive ligand-receptor interaction
Q9JHC0;Q3V2B2	Glutathione metabolism;Arachidonic acid metabolism
P42867;Q921W5	N-Glycan biosynthesis
Q9D7B7;Q8VE68	Glutathione metabolism;Arachidonic acid metabolism
P11352;P12079;Q544W3;Q5RJH8;Q9CR54	Glutathione metabolism;Arachidonic acid metabolism
P21765;E9QK84	Glutathione metabolism;Arachidonic acid metabolism
P0C191;E9QPN2	ECM-receptor interaction
Q91WR8;F2Z3U8	Glutathione metabolism;Arachidonic acid metabolism
O70325;O35560;Q8K4U8;Q91XR9;Q9JK35	Glutathione metabolism
P46412;Q5XKR0	Glutathione metabolism;Arachidonic acid metabolism
Q99LJ6	Glutathione metabolism;Arachidonic acid metabolism
P11032;P15118	Neuroactive ligand-receptor interaction
P04187	Natural killer cell mediated cytotoxicity;Type I diabetes mellitus;Autoimmune thyroid disease;Allograft rejection;Graft-versus-host disease
O89100	T cell receptor signaling pathway
Q60631;Q61240	MAPK signaling pathway;ErbB signaling pathway;MAPK signaling pathway - fly;Chemokine signaling pathway;Dorso-ventral axis formation;Osteoclast differentiation;Focal adhesion;Gap junction;Jak-STAT signaling pathway;Natural killer cell mediated cytotoxicity;T cell receptor signaling pathway;B cell receptor signaling pathway;Fc epsilon RI signaling pathway;Neurotrophin signaling pathway;Insulin signaling pathway;GnRH signaling pathway;Hepatitis C;Pathways in cancer;Renal cell carcinoma;Endometrial cancer;Glioma;Prostate cancer;Chronic myeloid leukemia;Acute myeloid leukemia;Non-small cell lung cancer
P23818	Neuroactive ligand-receptor interaction;Long-term potentiation;Long-term depression;Amyotrophic lateral sclerosis (ALS)
Q61625;A4QPG1	Neuroactive ligand-receptor interaction;Long-term depression
O70291;Q3V151	Chemokine signaling pathway;Endocytosis
P97772;Q6AXG4;Q9EPV6	Calcium signaling pathway;Neuroactive ligand-receptor interaction;Gap junction;Long-term potentiation;Long-term depression;Huntington's disease
Q68EF4;Q80UC2	Neuroactive ligand-receptor interaction;Taste transduction
B1AS29;Q17R20;Q9JIA8	Neuroactive ligand-receptor interaction
Q8VEB1;O70292;O70297	Chemokine signaling pathway;Endocytosis
Q3UVX5	Calcium signaling pathway;Neuroactive ligand-receptor interaction;Gap junction;Long-term potentiation;Long-term depression;Huntington's disease
Q91Z53	Pyruvate metabolism;Glyoxylate and dicarboxylate metabolism
Q8BMF5;E9QNA2	Neuroactive ligand-receptor interaction
P12850	Cytokine-cytokine receptor interaction;Chemokine signaling pathway
O70293;O70294;O70295;Q6DI67	Chemokine signaling pathway;Endocytosis
Q5NCH9	Neuroactive ligand-receptor interaction
Q14BI2	Neuroactive ligand-receptor interaction
Q61626;G5E822	Neuroactive ligand-receptor interaction
Q9QUG9;O09004;Q80WC0;Q8BSC8	MAPK signaling pathway;Chemokine signaling pathway
Q9QYS2;Q14DJ9	Neuroactive ligand-receptor interaction
Q68ED2	Neuroactive ligand-receptor interaction
Q9Z2W9;A2VDF4;Q5DTJ0	Neuroactive ligand-receptor interaction;Long-term depression
P47743;Q6B964	Neuroactive ligand-receptor interaction
Q9Z1S3;Q3URH0;Q3V401;Q8BQP6	MAPK signaling pathway;T cell receptor signaling pathway
Q9Z2W8;Q6P9M7	Neuroactive ligand-receptor interaction
Q8BTM9;Q3TNQ1;Q3TRL5;Q3U3I4;Q811P7;Q8BKV7;Q91ZC8;Q920A2	MAPK signaling pathway
P38647;Q3TW93;Q3UVN1;Q3V015;Q7TSZ0;Q9CQ05	RNA degradation;ko05152
Q61627;Q3UUL5	Neuroactive ligand-receptor interaction
Q8R1I2;Q3UTL2	Neuroactive ligand-receptor interaction
P21729;Q53WV4	Calcium signaling pathway;Neuroactive ligand-receptor interaction
O09172	Glutathione metabolism
P97494;O09166;Q8VCS5	Glutathione metabolism
P51855	Glutathione metabolism
P47791;Q7TNC2;Q8BN97;Q8C9Z6	Glutathione metabolism
Q2NL51	Chemokine signaling pathway
Q61543;Q9QZ40	Cell adhesion molecules (CAMs)
Q9WV60	ErbB signaling pathway;Chemokine signaling pathway;Cell cycle;Wnt signaling pathway;Hedgehog signaling pathway;Axon guidance;Focal adhesion;T cell receptor signaling pathway;B cell receptor signaling pathway;Circadian rhythm - fly;Neurotrophin signaling pathway;Insulin signaling pathway;Melanogenesis;Alzheimer's disease;Hepatitis C;Measles;Pathways in cancer;Colorectal cancer;Endometrial cancer;Prostate cancer;Basal cell carcinoma
P10648;Q6P8Q1	Glutathione metabolism;Metabolism of xenobiotics by cytochrome P450;Drug metabolism - cytochrome P450
P15626	Glutathione metabolism;Metabolism of xenobiotics by cytochrome P450;Drug metabolism - cytochrome P450
Q9DCM2	Glutathione metabolism;Metabolism of xenobiotics by cytochrome P450;Drug metabolism - cytochrome P450;Peroxisome
P30115;Q544Y6	Glutathione metabolism;Metabolism of xenobiotics by cytochrome P450;Drug metabolism - cytochrome P450
O09131;Q3TH87	Glutathione metabolism;Metabolism of xenobiotics by cytochrome P450;Drug metabolism - cytochrome P450
P13745;A2RTN4	Glutathione metabolism;Metabolism of xenobiotics by cytochrome P450;Drug metabolism - cytochrome P450
P19639	Glutathione metabolism;Metabolism of xenobiotics by cytochrome P450;Drug metabolism - cytochrome P450
Q64471;Q91X50	Glutathione metabolism;Metabolism of xenobiotics by cytochrome P450;Drug metabolism - cytochrome P450
P24472;Q9CQ81;Q9CTY7;Q9CY87;Q9D038	Glutathione metabolism;Metabolism of xenobiotics by cytochrome P450;Drug metabolism - cytochrome P450
P19157;Q8BNY4	Glutathione metabolism;Metabolism of xenobiotics by cytochrome P450;Drug metabolism - cytochrome P450
Q8R5I6	Glutathione metabolism;Metabolism of xenobiotics by cytochrome P450;Drug metabolism - cytochrome P450
Q8K2Q2	Glutathione metabolism;Metabolism of xenobiotics by cytochrome P450;Drug metabolism - cytochrome P450
P10649;A2AE90;Q58ET5	Glutathione metabolism;Metabolism of xenobiotics by cytochrome P450;Drug metabolism - cytochrome P450
P48774;Q545W5	Glutathione metabolism;Metabolism of xenobiotics by cytochrome P450;Drug metabolism - cytochrome P450
Q61133;Q61134;Q64472;Q91VB0	Glutathione metabolism;Metabolism of xenobiotics by cytochrome P450;Drug metabolism - cytochrome P450
P46425;Q505C3	Glutathione metabolism;Metabolism of xenobiotics by cytochrome P450;Drug metabolism - cytochrome P450
O35660;O35661;Q8K0C3	Glutathione metabolism;Metabolism of xenobiotics by cytochrome P450;Drug metabolism - cytochrome P450
Q80W21;Q3TRV7;Q3V4E2	Glutathione metabolism;Metabolism of xenobiotics by cytochrome P450;Drug metabolism - cytochrome P450
Q9JI57;Q547E0;Q80WJ8;Q80WJ9;Q80WK0;Q80WK1;Q8R4X5;Q8R4X6;Q8R4X7;Q8R4X8;Q8VHD5;Q8VI58;Q9EQE7;Q9ESZ6;Q9ESZ7	Basal transcription factors
Q8K297;Q3V3R5;Q6PGL1	Lysine degradation;Other types of O-glycan biosynthesis
Q6NVG7;Q8BWD4	Lysine degradation;Other types of O-glycan biosynthesis
Q99ME9;Q99K16;Q99P78;Q9CT02	Ribosome biogenesis in eukaryotes
Q8R080;O89015;Q9CSG9	p53 signaling pathway
Q9ESZ8;O54700;O55030;O55031;Q8VHD1;Q8VHD2;Q8VHD3;Q8VHD4;Q9CSB5;Q9D9K9	Basal transcription factors
Q9WV38;Q8R1N7	Carbohydrate digestion and absorption
P17809;Q61608;Q6GTI3	Adipocytokine signaling pathway;Bile secretion;Pathways in cancer;Renal cell carcinoma
P14246;Q3TNA5;Q9DBA7	Type II diabetes mellitus;Maturity onset diabetes of the young;Carbohydrate digestion and absorption
Q3THK7;Q3TFR6;Q3TIH1;Q3UJ21;Q3V343;Q66JZ6	Purine metabolism;Drug metabolism - other enzymes
A0A0U1RPR8	Purine metabolism;Phototransduction
Q9R111	Purine metabolism
P52785;B1ASX7	Purine metabolism;Phototransduction
Q3UWA6;Q499D2;Q8JZQ6	Purine metabolism
Q5SDA5;Q8BLL8	Purine metabolism;Phototransduction
P43081;Q8R0H3	Olfactory transduction;Phototransduction
Q8VBV8	Olfactory transduction;Phototransduction
Q3UHH8;B7ZWC3	Other types of O-glycan biosynthesis
Q810K9	Other types of O-glycan biosynthesis
Q9Z1E4;P54859;Q3TBN4;Q8BQG4;Q8VEB0	Starch and sucrose metabolism;Insulin signaling pathway
Q8VCB3;Q3UTY0	Starch and sucrose metabolism;Insulin signaling pathway
Q9R092	Steroid hormone biosynthesis
C0HKE8;P10812;P22752;Q149U0;Q5SZZ2	Systemic lupus erythematosus
C0HKE9;P10812;P22752;Q149U0;Q5SZZ2	Systemic lupus erythematosus
Q64523;Q8CGP3	Systemic lupus erythematosus
C0HKE1;P10812;P22752;Q149U0;Q5SZZ2	Systemic lupus erythematosus
Q8R1M2	Systemic lupus erythematosus
Q8BFU2	Systemic lupus erythematosus
Q5M8Q2	Systemic lupus erythematosus
Q3THW5;Q5NC92;Q6ZWU0	Systemic lupus erythematosus
C0HKE2;P10812;P22752;Q149U0;Q5SZZ2	Systemic lupus erythematosus
P27661	Systemic lupus erythematosus
Q6GSS7;P20670;Q811M3	Systemic lupus erythematosus
P0C0S6;B2RXZ3;P17317;Q3UA55;Q3UK43;Q68FD2	Systemic lupus erythematosus
C0HKE3;P10812;P22752;Q149U0;Q5SZZ2	Systemic lupus erythematosus
Q9CQ70;Q9D9Q5	Systemic lupus erythematosus
Q8CCK0;A0JP36;Q3TNT4;Q925I6	Systemic lupus erythematosus
C0HKE4;P10812;P22752;Q149U0;Q5SZZ2	Systemic lupus erythematosus
Q64522	Systemic lupus erythematosus
Q8CGP5;Q08AU5	Systemic lupus erythematosus
C0HKE5;P10812;P22752;Q149U0;Q5SZZ2	Systemic lupus erythematosus
Q9QZQ8;Q91VZ2;Q9QZQ7	Systemic lupus erythematosus
Q8CGP6	Systemic lupus erythematosus
Q8CGP1	Systemic lupus erythematosus
C0HKE6;P10812;P22752;Q149U0;Q5SZZ2	Systemic lupus erythematosus
P70696;Q5NCL9	Systemic lupus erythematosus
Q9D2U9	Systemic lupus erythematosus
Q64524	Systemic lupus erythematosus
Q8CGP7;Q0VE75	Systemic lupus erythematosus
C0HKE7;P10812;P22752;Q149U0;Q5SZZ2	Systemic lupus erythematosus
P10854;Q5T008	Systemic lupus erythematosus
Q64475;Q14AF8	Systemic lupus erythematosus
Q64525	Systemic lupus erythematosus
Q9D9Z7	Systemic lupus erythematosus
Q6ZWY9	Systemic lupus erythematosus
Q8CGP2;Q64477;Q6P8V8	Systemic lupus erythematosus
P10853;Q5SZZ3	Systemic lupus erythematosus
P84228;A3KMN6;P02295;P02297;P16105;P17269;P17320;Q60582;Q78E59;Q8CGN9	Systemic lupus erythematosus
P84244;P06351;P33155;Q3TW79;Q3U6D6;Q569U8;Q5HZY8;Q6TXQ5;Q8VDJ2;Q9D0H3;Q9V3W4	Systemic lupus erythematosus
Q64478;A2RTP6;Q3TYR6	Systemic lupus erythematosus
P68433;P02295;P02296;P16106;Q05A97;Q3B7Z8;Q3B7Z9;Q5T009	Systemic lupus erythematosus
P62806;A0AUM5;A4FUP8;A4QMY0;P02304;P02305;Q0VDL9;Q2M2Q5;Q5T006;Q6PDS7;Q811M0;Q9D0C9;Q9D6Q8	Systemic lupus erythematosus
P01898;O19475;Q31214;Q95HC3	Endocytosis;Phagosome;Cell adhesion molecules (CAMs);Antigen processing and presentation;Natural killer cell mediated cytotoxicity;Type I diabetes mellitus;Autoimmune thyroid disease;Allograft rejection;Graft-versus-host disease;Viral myocarditis
Q9QYK5;Q3TK52;Q3TKK0;Q3TND4;Q3TZT5	Glycosaminoglycan biosynthesis - heparan sulfate
P14429	Endocytosis;Phagosome;Cell adhesion molecules (CAMs);Antigen processing and presentation;Natural killer cell mediated cytotoxicity;Type I diabetes mellitus;Autoimmune thyroid disease;Allograft rejection;Graft-versus-host disease;Viral myocarditis
P01899	Endocytosis;Phagosome;Cell adhesion molecules (CAMs);Antigen processing and presentation;Natural killer cell mediated cytotoxicity;Type I diabetes mellitus;Autoimmune thyroid disease;Allograft rejection;Graft-versus-host disease;Viral myocarditis
Q80UW0;A2AEM4;Q3TAR0;Q6P4N9;Q8C785;Q9QYK6	Glycosaminoglycan biosynthesis - heparan sulfate
P01901	Endocytosis;Phagosome;Cell adhesion molecules (CAMs);Antigen processing and presentation;Natural killer cell mediated cytotoxicity;Type I diabetes mellitus;Autoimmune thyroid disease;Allograft rejection;Graft-versus-host disease;Viral myocarditis
P06339	Endocytosis;Phagosome;Cell adhesion molecules (CAMs);Antigen processing and presentation;Natural killer cell mediated cytotoxicity;Type I diabetes mellitus;Autoimmune thyroid disease;Allograft rejection;Graft-versus-host disease;Viral myocarditis
Q9QYK4;Q148Q1	Glycosaminoglycan biosynthesis - heparan sulfate
Q9QXE0;Q543K1;Q9DAV1	Peroxisome
P14434;O78195	Phagosome;Cell adhesion molecules (CAMs);Antigen processing and presentation;Intestinal immune network for IgA production;Type I diabetes mellitus;Leishmaniasis;Toxoplasmosis;Staphylococcus aureus infection;ko05152;Asthma;Autoimmune thyroid disease;Systemic lupus erythematosus;Rheumatoid arthritis;Allograft rejection;Graft-versus-host disease;Viral myocarditis
Q9DB32;Q8C8C4	Pyruvate metabolism
Q9D3B1;Q3UG38;Q9JLK1	Biosynthesis of unsaturated fatty acids
O35668;O35636	Huntington's disease
Q9WU19	Glyoxylate and dicarboxylate metabolism;Peroxisome
Q61035;Q3TKU3	Aminoacyl-tRNA biosynthesis
Q9NYQ2;Q9JHS7;Q9JI00	Glyoxylate and dicarboxylate metabolism;Peroxisome
P14483	Phagosome;Cell adhesion molecules (CAMs);Antigen processing and presentation;Intestinal immune network for IgA production;Type I diabetes mellitus;Leishmaniasis;Toxoplasmosis;Staphylococcus aureus infection;ko05152;Asthma;Autoimmune thyroid disease;Systemic lupus erythematosus;Rheumatoid arthritis;Allograft rejection;Graft-versus-host disease;Viral myocarditis
P02089;Q5D0E8	African trypanosomiasis;Malaria
P02088;Q54AI0;Q91V86;Q9CRZ2;Q9CXH5;Q9CY12;Q9CY54;Q9R0S6	African trypanosomiasis;Malaria
Q06186	ErbB signaling pathway;GnRH signaling pathway;Epithelial cell signaling in Helicobacter pylori infection
Q69ZS7;Q91Z32;Q9CVT2;Q9CZ95;Q9WTY5	mRNA surveillance pathway
Q61425;Q3TF75;Q3THK8;Q3UFI0;Q8K149;Q925U9	Fatty acid elongation in mitochondria;Fatty acid metabolism;Valine, leucine and isoleucine degradation;Geraniol degradation;Lysine degradation;Tryptophan metabolism;Butanoate metabolism;Caprolactam degradation
P08103;Q0VH03;Q3UD17	Chemokine signaling pathway;Fc gamma R-mediated phagocytosis
P49710;Q922I8	Tight junction;Bacterial invasion of epithelial cells;Pathogenic Escherichia coli infection;Shigellosis
Q9QUJ0;Q9R1E7	Natural killer cell mediated cytotoxicity
O09106;P97476	Cell cycle;Notch signaling pathway;Huntington's disease;Pathways in cancer;Chronic myeloid leukemia
P70288;B2RRP3	Cell cycle;Notch signaling pathway;Huntington's disease;Pathways in cancer;Chronic myeloid leukemia
P08680;Q64452;Q9DCN0	Glycine, serine and threonine metabolism;Porphyrin and chlorophyll metabolism
Q8VC19;Q64453	Glycine, serine and threonine metabolism;Porphyrin and chlorophyll metabolism
P10518;Q3THV6	Porphyrin and chlorophyll metabolism
P22907;Q3TIV0	Porphyrin and chlorophyll metabolism
P36552;Q7TQ36;Q8VD08	Porphyrin and chlorophyll metabolism
P51163	Porphyrin and chlorophyll metabolism
P22315;Q544X6	Porphyrin and chlorophyll metabolism
Q921L7;B0QZU8	Histidine metabolism;Tyrosine metabolism;Polycyclic aromatic hydrocarbon degradation
P49182	Complement and coagulation cascades
Q4U2R1;E9PZT6;O88473;Q3TRJ8;Q3TS47;Q3TST2;Q3UFQ6;Q3URH7;Q5DU32;Q7TPR5;Q80VV7;Q9QYT1;Q9Z168;Q9Z171	Ubiquitin mediated proteolysis
P70120;Q8BVI1	Notch signaling pathway
P35428	Notch signaling pathway;Maturity onset diabetes of the young
Q6PAV2;Q3UL34;Q3UPX2;Q810A0;Q811C9;Q8R315;Q9D797	Ubiquitin mediated proteolysis
Q9Z0Z4;A2AI63;Q6ZQ65;Q80Y80;Q8C4S2	Mineral absorption
Q9JJK5	Protein processing in endoplasmic reticulum
P20060	Other glycan degradation;Amino sugar and nucleotide sugar metabolism;Glycosaminoglycan degradation;Glycosphingolipid biosynthesis - globo series;Glycosphingolipid biosynthesis - ganglio series;Lysosome
P29416;Q64246;Q91XG3	Other glycan degradation;Amino sugar and nucleotide sugar metabolism;Glycosaminoglycan degradation;Glycosphingolipid biosynthesis - globo series;Glycosphingolipid biosynthesis - ganglio series;Lysosome
Q3U4H6;B7UUP4;B7UUP5;Q6NSQ8	Other glycan degradation;Various types of N-glycan biosynthesis
P04441;O19452	Antigen processing and presentation;ko05152
P43120;Q544N6;Q9CRV1;Q9R1X2	Maturity onset diabetes of the young
O09173;Q7TPP2	Tyrosine metabolism;Styrene degradation
Q7TN16;Q8C0B0;Q9WU59	Hedgehog signaling pathway;Pathways in cancer;Basal cell carcinoma
Q08048;O55027;Q53WS5;Q61662;Q64007;Q6LBE6	Cytokine-cytokine receptor interaction;Focal adhesion;Malaria;Pathways in cancer;Renal cell carcinoma;Melanoma
Q3UDW8;E9QNP9;Q3TWK5;Q8CBU7;Q8CIE1	Glycosaminoglycan degradation;Lysosome
Q99LI8;Q61691;Q8BQW3	Endocytosis;Phagosome
Q8QZS1	Valine, leucine and isoleucine degradation;beta-Alanine metabolism;Propanoate metabolism
Q8VD75;Q3TLS2;Q571K7	Huntington's disease
Q61221;O08741;O08993;Q61664;Q61665;Q8C681;Q8CC19;Q8CCB6;Q8R385;Q9CYA8	mTOR signaling pathway;Pathways in cancer;Renal cell carcinoma
Q9CRB3	Purine metabolism
Q91W97;Q3UKJ9	Glycolysis / Gluconeogenesis;Fructose and mannose metabolism;Galactose metabolism;Starch and sucrose metabolism;Amino sugar and nucleotide sugar metabolism;Streptomycin biosynthesis;Butirosin and neomycin biosynthesis;Insulin signaling pathway;Type II diabetes mellitus;Carbohydrate digestion and absorption
Q8BW74;Q6PF83	Circadian rhythm - fly
Q8JZK9;Q3UXI4	Synthesis and degradation of ketone bodies;Valine, leucine and isoleucine degradation;Butanoate metabolism;Terpenoid backbone biosynthesis
P54869;Q64740;Q9DBK1;Q9DBM4	Synthesis and degradation of ketone bodies;Valine, leucine and isoleucine degradation;Butanoate metabolism;Terpenoid backbone biosynthesis
Q01237;G3X8U5;Q5U4I2	Terpenoid backbone biosynthesis;Bile secretion
P38060;Q8QZS6	Synthesis and degradation of ketone bodies;Valine, leucine and isoleucine degradation;Geraniol degradation;Butanoate metabolism;Peroxisome
Q00547;Q5NC88	ECM-receptor interaction
O70252;O70626	Porphyrin and chlorophyll metabolism;Mineral absorption
P63158;P07155;P27109;P27428	Base excision repair
P14901	Porphyrin and chlorophyll metabolism;Mineral absorption
O08755	Maturity onset diabetes of the young
Q91VF2;Q3TVH0	Histidine metabolism
P22361;E9QP86	Maturity onset diabetes of the young
P27889;Q5NC37;Q8R162;Q9CS26;Q9R1W1;Q9R1W2;Q9WTL5;Q9WTL6	Maturity onset diabetes of the young
P61979;Q07244;Q15671;Q60577;Q8BGQ8;Q922Y7;Q96J62	Spliceosome
Q8VEK3;G3XA10;Q9R205	Spliceosome
P49698;A2A5I5;A2ICH0;Q3UNX3;Q8CFY1	Maturity onset diabetes of the young
Q9WUU6	Maturity onset diabetes of the young
Q9Z204;Q3TLB5;Q501Q3;Q8C2G5;Q99KE2;Q9CQT3;Q9CY83	Spliceosome
Q9D0E1;Q6P1B2;Q99JQ0	Spliceosome
Q99P31;Q9CYV8	Protein processing in endoplasmic reticulum
Q9JHF7;Q14AR4;Q8CA80	Arachidonic acid metabolism
P49429;P97322;Q3UEQ0;Q91WV9	Ubiquinone and other terpenoid-quinone biosynthesis;Tyrosine metabolism;Phenylalanine metabolism
B2RY83	Glycosaminoglycan degradation
P00493;Q545Y2	Purine metabolism;Drug metabolism - other enzymes
Q6YGZ1;B2RS99;Q8K3K3	Glycosaminoglycan degradation
P97292;Q9D282	Calcium signaling pathway;Neuroactive ligand-receptor interaction;Gastric acid secretion
P58406	Neuroactive ligand-receptor interaction
Q91ZY2	Neuroactive ligand-receptor interaction
O35310	Glycosaminoglycan biosynthesis - heparan sulfate
P48722;P97854;Q3TQN2;Q3UNG4;Q8BQD0;Q8CC45;Q91X29	Protein processing in endoplasmic reticulum
Q673U1;Q8BLP1;Q8C055	Glycosaminoglycan biosynthesis - heparan sulfate
P70174;Q91V75;Q91XN0;Q91XN1;Q91XN2;Q91XN3	Calcium signaling pathway;Neuroactive ligand-receptor interaction
Q61699;Q3TNS2;Q3UIY8;Q62578;Q62579;Q6A0A5;Q8C430;Q8VCW6	Protein processing in endoplasmic reticulum
Q8BSL4	Glycosaminoglycan biosynthesis - heparan sulfate
Q61696;Q61697;Q7TQD8;Q9QWJ5	Spliceosome;MAPK signaling pathway;Protein processing in endoplasmic reticulum;Endocytosis;Antigen processing and presentation;Toxoplasmosis;Measles
Q8R3H7;O88464;Q3TNP7;Q9JLK2	Glycosaminoglycan biosynthesis - heparan sulfate
Q8BKN6	Glycosaminoglycan biosynthesis - heparan sulfate
Q9QZS6;Q5NCR0	Glycosaminoglycan biosynthesis - heparan sulfate
P17879;Q61689;Q925V6	Spliceosome;MAPK signaling pathway;Protein processing in endoplasmic reticulum;Endocytosis;Antigen processing and presentation;Toxoplasmosis;Measles
P07901	Protein processing in endoplasmic reticulum;Antigen processing and presentation;NOD-like receptor signaling pathway;Plant-pathogen interaction;Progesterone-mediated oocyte maturation;Pathways in cancer;Prostate cancer
P16627;O88686;Q61693	Spliceosome;MAPK signaling pathway;Protein processing in endoplasmic reticulum;Endocytosis;Antigen processing and presentation;Toxoplasmosis;Measles
P11499;O89078;Q3UIQ7	Protein processing in endoplasmic reticulum;Antigen processing and presentation;NOD-like receptor signaling pathway;Plant-pathogen interaction;Progesterone-mediated oocyte maturation;Pathways in cancer;Prostate cancer
P17156;Q99KD7	Spliceosome;MAPK signaling pathway;Protein processing in endoplasmic reticulum;Endocytosis;Antigen processing and presentation;Toxoplasmosis;Measles
P14602	MAPK signaling pathway;VEGF signaling pathway;Amoebiasis
P63017;P08109;P12225;Q3U6R0;Q3U764;Q3U7D7;Q3U7E2;Q3U9B4;Q3U9G0;Q3UGM0;Q5FWJ6;Q62373;Q62374;Q62375;Q6NZD0	Spliceosome;MAPK signaling pathway;Protein processing in endoplasmic reticulum;Endocytosis;Antigen processing and presentation;Toxoplasmosis;Measles
Q9JIY5;Q9R108	Parkinson's disease
P35492	Histidine metabolism;Nitrogen metabolism
Q9DBA8;Q7TPP5;Q811K3;Q8R230	Histidine metabolism
Q8VC12;E9QNN2	Histidine metabolism
Q7TMY8;A2AFQ1;Q4G2Z1;Q5BMM7;Q6NS61;Q8BNJ7;Q8CFH2;Q8VD14;Q921M5;Q9R0P2	Ubiquitin mediated proteolysis
O08528	Glycolysis / Gluconeogenesis;Fructose and mannose metabolism;Galactose metabolism;Starch and sucrose metabolism;Amino sugar and nucleotide sugar metabolism;Streptomycin biosynthesis;Butirosin and neomycin biosynthesis;Insulin signaling pathway;Type II diabetes mellitus;Carbohydrate digestion and absorption
O35632;O35631;Q99MS9;Q99MT0	Glycosaminoglycan degradation
Q8VEI3;B1AV95;Q8VBX7;Q8VI77	Glycosaminoglycan degradation
Q91ZJ9;B1AV90;O70229;Q8CE62;Q8QZX3;Q8VBW7;Q8VDK0	Glycosaminoglycan degradation
Q3TRM8;Q3TAX6;Q3UDP1;Q3UEA4	Glycolysis / Gluconeogenesis;Fructose and mannose metabolism;Galactose metabolism;Starch and sucrose metabolism;Amino sugar and nucleotide sugar metabolism;Streptomycin biosynthesis;Butirosin and neomycin biosynthesis;Insulin signaling pathway;Type II diabetes mellitus;Carbohydrate digestion and absorption
Q05A56;Q9D660	Glycosaminoglycan degradation
Q812F3	Glycosaminoglycan degradation
P48794;Q7TSD6;Q812F4;Q9DAQ1	Glycosaminoglycan degradation
Q8R1F5;A2A9C1;Q497S8	Glyoxylate and dicarboxylate metabolism
P34914;Q8CGV0	Arachidonic acid metabolism;Chloroalkane and chloroalkene degradation;Peroxisome
P52792;P52791	Glycolysis / Gluconeogenesis;Galactose metabolism;Starch and sucrose metabolism;Amino sugar and nucleotide sugar metabolism;Streptomycin biosynthesis;Butirosin and neomycin biosynthesis;Insulin signaling pathway;Type II diabetes mellitus;Maturity onset diabetes of the young
Q9JKR6;Q3TAL1;Q3TZD0;Q3U1U2;Q64139;Q80X75	Protein processing in endoplasmic reticulum
Q9D379;P97869	Metabolism of xenobiotics by cytochrome P450;Bile secretion
P97378;B9EHD9	Cytokine-cytokine receptor interaction;Jak-STAT signaling pathway
Q8VCZ9;Q2V058;Q9QX62	Arginine and proline metabolism
O09030;Q7TT27	Cytokine-cytokine receptor interaction;Jak-STAT signaling pathway
Q80XF5;Q3UU14;Q7TNI5	Cytokine-cytokine receptor interaction;Jak-STAT signaling pathway
Q61727	Cytokine-cytokine receptor interaction;Jak-STAT signaling pathway;Toxoplasmosis;ko05152
O88786;A3F812;Q3V2V5	Jak-STAT signaling pathway
P28776	Tryptophan metabolism;African trypanosomiasis
Q6PHB0;Q8BW64	Cytokine-cytokine receptor interaction;Jak-STAT signaling pathway
Q64385;A2AMS4;Q6NSQ0	Cytokine-cytokine receptor interaction;Jak-STAT signaling pathway;Hematopoietic cell lineage
Q60819;A2AP35;A2AP36;A2AP37;Q80Z90;Q80Z91;Q80Z92;Q8R5E4	Cytokine-cytokine receptor interaction;Jak-STAT signaling pathway;Intestinal immune network for IgA production
Q9Z2B1	Cytokine-cytokine receptor interaction
P70225;A2RTL4;B1AXR8;O09074;Q78DW8	Cytokine-cytokine receptor interaction;Jak-STAT signaling pathway;Hematopoietic cell lineage
Q8R0V5;A4UHF3;E9QKA9	Tryptophan metabolism;African trypanosomiasis
Q7TNC9;E9QAS7;Q8BNK3	Inositol phosphate metabolism;Phosphatidylinositol signaling system
Q80XZ4;B2RU51;Q3URP9	Cytokine-cytokine receptor interaction;Jak-STAT signaling pathway
Q60837;Q3UV59	Cytokine-cytokine receptor interaction;Jak-STAT signaling pathway
Q60943	Cytokine-cytokine receptor interaction
Q3UTA9;Q27ZJ1	RNA transport;mTOR signaling pathway;Insulin signaling pathway
Q8K337;O54996;Q8CF65;Q91ZF8	Inositol phosphate metabolism;Phosphatidylinositol signaling system
Q9JIP3;Q9JIP2	Cytokine-cytokine receptor interaction
P12968	Maturity onset diabetes of the young
P47878;Q6PE62	p53 signaling pathway
P13597;Q61828	Cell adhesion molecules (CAMs);Natural killer cell mediated cytotoxicity;Leukocyte transendothelial migration;African trypanosomiasis;Malaria;Staphylococcus aureus infection;Rheumatoid arthritis;Viral myocarditis
P97290;A2ATR7;O88330;Q99M43;Q9QX09	Complement and coagulation cascades
P35330;Q9D8Q4	Cell adhesion molecules (CAMs);Natural killer cell mediated cytotoxicity
Q9WVS0;Q9JL17	Cell adhesion molecules (CAMs);T cell receptor signaling pathway;Intestinal immune network for IgA production;Primary immunodeficiency
P41133	TGF-beta signaling pathway
Q9JHJ8	Cell adhesion molecules (CAMs);Intestinal immune network for IgA production
P41139	TGF-beta signaling pathway
P41136;O88604	TGF-beta signaling pathway
P70404	Citrate cycle (TCA cycle)
Q9D6R2;Q3UAM8;Q8C8A1;Q9D1L1	Citrate cycle (TCA cycle)
P58044;Q4FJU2	Terpenoid backbone biosynthesis
O88844;Q3UAV7	Citrate cycle (TCA cycle);Glutathione metabolism;Carbon fixation pathways in prokaryotes;Peroxisome
P54071;Q8C2R9;Q9EQK1	Citrate cycle (TCA cycle);Glutathione metabolism;Carbon fixation pathways in prokaryotes;Peroxisome
Q8BVN8;Q0IIN3;Q147V3	Huntington's disease
Q08890;Q32KI7;Q3TM30	Glycosaminoglycan degradation;Lysosome
Q8BMJ3;Q3UY50;Q6ZWL8;Q8BJZ2;Q8BMH8;Q9CSL9	RNA transport
Q60872;O88847;Q8R2M4;Q9CX76;Q9DB61	RNA transport
Q99L45;Q9CSH6;Q9CT12	RNA transport
Q6ZWX6;Q3TIQ0	RNA transport;Protein processing in endoplasmic reticulum;Hepatitis C;Measles
Q9Z0N1	RNA transport
Q9Z0N2	RNA transport
Q05D44;Q3SYI4;Q3TQJ8;Q3UL37;Q3UM39;Q6PAI0;Q8CFF4;Q8CGD6	RNA transport
P60843;P04765;Q61516	RNA transport
P10630;Q61513;Q61514	RNA transport
Q91VC3;B2RY38;Q3TEZ8;Q3UD29;Q8BVY3	RNA transport;mRNA surveillance pathway;Spliceosome
Q62448;P97867;Q0VGZ3;Q3UNC1;Q5XKD8;Q6P1Z0;Q921U3	RNA transport;Viral myocarditis
Q8BGD9;Q3TD64	RNA transport;mTOR signaling pathway
P63073;P20415	RNA transport;mTOR signaling pathway;Insulin signaling pathway
Q80XI3;Q6GQV5;Q80Y69;Q8BJ68;Q8BQF3;Q8C6Q3;Q8CIH0	RNA transport;Viral myocarditis
Q8BMB3;O88503;Q3UCK2	RNA transport;mTOR signaling pathway;Insulin signaling pathway
P59325	RNA transport
Q8R5F7;A2AUY7;Q3U6S2;Q68EM4;Q8BYC9;Q8BZ01;Q8K5C7;Q8R144;Q8VE79;Q99KS4;Q9D2Z5	RIG-I-like receptor signaling pathway;Measles
O55135	Ribosome biogenesis in eukaryotes
Q9R002;E9QLD9;P15091;Q38JF1;Q7TMN6;Q8VEL7	Cytosolic DNA-sensing pathway
Q61716;Q810G4	Cytokine-cytokine receptor interaction;Regulation of autophagy;Toll-like receptor signaling pathway;RIG-I-like receptor signaling pathway;Cytosolic DNA-sensing pathway;Jak-STAT signaling pathway;Natural killer cell mediated cytotoxicity;ko05152;Hepatitis C;Measles;Autoimmune thyroid disease
Q80SS5	Cytokine-cytokine receptor interaction;Regulation of autophagy;Toll-like receptor signaling pathway;RIG-I-like receptor signaling pathway;Cytosolic DNA-sensing pathway;Jak-STAT signaling pathway;Natural killer cell mediated cytotoxicity;ko05152;Hepatitis C;Measles;Autoimmune thyroid disease
Q64282;Q99L77	Hepatitis C
Q80SU4	Cytokine-cytokine receptor interaction;Regulation of autophagy;Toll-like receptor signaling pathway;RIG-I-like receptor signaling pathway;Cytosolic DNA-sensing pathway;Jak-STAT signaling pathway;Natural killer cell mediated cytotoxicity;ko05152;Hepatitis C;Measles;Autoimmune thyroid disease
Q80ZF2	Cytokine-cytokine receptor interaction;RIG-I-like receptor signaling pathway;Jak-STAT signaling pathway
Q6NZJ6;Q6NZN8;Q8BW99	RNA transport;Viral myocarditis
P07351	Cytokine-cytokine receptor interaction;Regulation of autophagy;Toll-like receptor signaling pathway;RIG-I-like receptor signaling pathway;Cytosolic DNA-sensing pathway;Jak-STAT signaling pathway;Natural killer cell mediated cytotoxicity;ko05152;Hepatitis C;Measles;Autoimmune thyroid disease
Q8CGK6;Q4VK73	Cytokine-cytokine receptor interaction;Jak-STAT signaling pathway
P01575	Cytokine-cytokine receptor interaction;Osteoclast differentiation;Toll-like receptor signaling pathway;RIG-I-like receptor signaling pathway;Cytosolic DNA-sensing pathway;Jak-STAT signaling pathway;Natural killer cell mediated cytotoxicity;Chagas disease (American trypanosomiasis);ko05152;Hepatitis C;Measles
P01580;Q542B8	Proteasome;Cytokine-cytokine receptor interaction;Regulation of autophagy;TGF-beta signaling pathway;Osteoclast differentiation;Antigen processing and presentation;Jak-STAT signaling pathway;Natural killer cell mediated cytotoxicity;T cell receptor signaling pathway;Type I diabetes mellitus;Leishmaniasis;Chagas disease (American trypanosomiasis);African trypanosomiasis;Malaria;Toxoplasmosis;Amoebiasis;ko05152;Measles;Systemic lupus erythematosus;Rheumatoid arthritis;Allograft rejection;Graft-versus-host disease
Q7TSL0	Cytokine-cytokine receptor interaction;RIG-I-like receptor signaling pathway;Jak-STAT signaling pathway
P09235	Cytokine-cytokine receptor interaction;Regulation of autophagy;Toll-like receptor signaling pathway;RIG-I-like receptor signaling pathway;Cytosolic DNA-sensing pathway;Jak-STAT signaling pathway;Natural killer cell mediated cytotoxicity;ko05152;Hepatitis C;Measles;Autoimmune thyroid disease
Q4VK74;E9Q2S2	Cytokine-cytokine receptor interaction;Jak-STAT signaling pathway
Q8BXG3;Q924M2;Q9CUS6	Huntington's disease
P01572;Q7M0A3;Q810G7	Cytokine-cytokine receptor interaction;Regulation of autophagy;Toll-like receptor signaling pathway;RIG-I-like receptor signaling pathway;Cytosolic DNA-sensing pathway;Jak-STAT signaling pathway;Natural killer cell mediated cytotoxicity;ko05152;Hepatitis C;Measles;Autoimmune thyroid disease
P52787;Q8C5C1	Vitamin digestion and absorption
P05017;P05018;Q6LDP4;Q8C4U6	Oocyte meiosis;p53 signaling pathway;mTOR signaling pathway;Focal adhesion;Long-term depression;Progesterone-mediated oocyte maturation;Aldosterone-regulated sodium reabsorption;Pathways in cancer;Glioma;Prostate cancer;Melanoma;Hypertrophic cardiomyopathy (HCM);Dilated cardiomyopathy
Q60751;O70438;Q62123	Oocyte meiosis;Endocytosis;Focal adhesion;Adherens junction;Long-term depression;Progesterone-mediated oocyte maturation;Pathways in cancer;Glioma;Prostate cancer;Melanoma
Q7TSN7;Q9D8G2	Tight junction;Epithelial cell signaling in Helicobacter pylori infection
Q9Z1E3;Q3U9W9;Q3UB40;Q80ZX5	Chemokine signaling pathway;Apoptosis;Osteoclast differentiation;Toll-like receptor signaling pathway;NOD-like receptor signaling pathway;RIG-I-like receptor signaling pathway;Cytosolic DNA-sensing pathway;T cell receptor signaling pathway;B cell receptor signaling pathway;Neurotrophin signaling pathway;Adipocytokine signaling pathway;Epithelial cell signaling in Helicobacter pylori infection;Shigellosis;Leishmaniasis;Chagas disease (American trypanosomiasis);Toxoplasmosis;Hepatitis C;Measles;Pathways in cancer;Prostate cancer;Chronic myeloid leukemia;Small cell lung cancer
P43431	Cytokine-cytokine receptor interaction;Toll-like receptor signaling pathway;RIG-I-like receptor signaling pathway;Jak-STAT signaling pathway;Type I diabetes mellitus;Leishmaniasis;Chagas disease (American trypanosomiasis);African trypanosomiasis;Malaria;Toxoplasmosis;Amoebiasis;ko05152;Measles;Allograft rejection
O88351;Q9R1J6	MAPK signaling pathway;Chemokine signaling pathway;Apoptosis;Osteoclast differentiation;Toll-like receptor signaling pathway;NOD-like receptor signaling pathway;RIG-I-like receptor signaling pathway;Cytosolic DNA-sensing pathway;T cell receptor signaling pathway;B cell receptor signaling pathway;Neurotrophin signaling pathway;Insulin signaling pathway;Adipocytokine signaling pathway;Type II diabetes mellitus;Epithelial cell signaling in Helicobacter pylori infection;Shigellosis;Chagas disease (American trypanosomiasis);Toxoplasmosis;Hepatitis C;Pathways in cancer;Pancreatic cancer;Prostate cancer;Chronic myeloid leukemia;Acute myeloid leukemia;Small cell lung cancer
P97812;Q61724	Hedgehog signaling pathway
P47873	Cytokine-cytokine receptor interaction;Jak-STAT signaling pathway;Hematopoietic cell lineage;Rheumatoid arthritis
Q60778;Q564F1;Q9D6L5	Chemokine signaling pathway;NOD-like receptor signaling pathway;RIG-I-like receptor signaling pathway;Cytosolic DNA-sensing pathway;T cell receptor signaling pathway;B cell receptor signaling pathway;Neurotrophin signaling pathway;Adipocytokine signaling pathway;Shigellosis;Leishmaniasis;Toxoplasmosis;Measles
P18893;Q0VBJ1	Cytokine-cytokine receptor interaction;Jak-STAT signaling pathway;T cell receptor signaling pathway;Intestinal immune network for IgA production;Leishmaniasis;Chagas disease (American trypanosomiasis);African trypanosomiasis;Malaria;Toxoplasmosis;Amoebiasis;Staphylococcus aureus infection;ko05152;Asthma;Autoimmune thyroid disease;Systemic lupus erythematosus;Allograft rejection
P43432;Q9QUM1	Cytokine-cytokine receptor interaction;Toll-like receptor signaling pathway;RIG-I-like receptor signaling pathway;Jak-STAT signaling pathway;Type I diabetes mellitus;Leishmaniasis;Chagas disease (American trypanosomiasis);African trypanosomiasis;Toxoplasmosis;Amoebiasis;ko05152;Measles;Allograft rejection
Q62386;Q60971	Cytokine-cytokine receptor interaction;Rheumatoid arthritis
Q8CJ70	Cytokine-cytokine receptor interaction;Jak-STAT signaling pathway
Q9R0T8;Q8C2I3	Toll-like receptor signaling pathway;RIG-I-like receptor signaling pathway;Cytosolic DNA-sensing pathway;Hepatitis C;Measles
O54910;Q3U686;Q9CZZ9;Q9D7U3	T cell receptor signaling pathway;B cell receptor signaling pathway;Neurotrophin signaling pathway;Adipocytokine signaling pathway
P48346	Cytokine-cytokine receptor interaction;Jak-STAT signaling pathway;Intestinal immune network for IgA production;Rheumatoid arthritis
P27931	MAPK signaling pathway;Cytokine-cytokine receptor interaction;Hematopoietic cell lineage;Amoebiasis
Q61098	Cytokine-cytokine receptor interaction
P10749;Q2M4J6	MAPK signaling pathway;Cytokine-cytokine receptor interaction;Apoptosis;Osteoclast differentiation;Toll-like receptor signaling pathway;NOD-like receptor signaling pathway;Cytosolic DNA-sensing pathway;Hematopoietic cell lineage;Type I diabetes mellitus;Alzheimer's disease;Prion diseases;Leishmaniasis;Chagas disease (American trypanosomiasis);African trypanosomiasis;Malaria;Amoebiasis;ko05152;Measles;Rheumatoid arthritis;Graft-versus-host disease
Q61730;Q3UVZ1;Q8VCB9	Cytokine-cytokine receptor interaction;Apoptosis
P20109	Cytokine-cytokine receptor interaction;Jak-STAT signaling pathway;Fc epsilon RI signaling pathway;Measles;Asthma
Q9QXT6;Q99MY3;Q9CTI4	Cytokine-cytokine receptor interaction
Q9ES17	Cytokine-cytokine receptor interaction;Jak-STAT signaling pathway
Q9JJY9;Q14BB3	Cytokine-cytokine receptor interaction;Jak-STAT signaling pathway
P70380	Cytokine-cytokine receptor interaction;NOD-like receptor signaling pathway;Cytosolic DNA-sensing pathway;African trypanosomiasis;Malaria;ko05152;Rheumatoid arthritis
P34902	Cytokine-cytokine receptor interaction;Endocytosis;Jak-STAT signaling pathway;Measles;Primary immunodeficiency
Q9JKV9	Cytokine-cytokine receptor interaction;Jak-STAT signaling pathway
Q9EQ14	Cytokine-cytokine receptor interaction;Jak-STAT signaling pathway;ko05152;Rheumatoid arthritis
P01582	MAPK signaling pathway;Cytokine-cytokine receptor interaction;Apoptosis;Osteoclast differentiation;Hematopoietic cell lineage;Type I diabetes mellitus;Prion diseases;Leishmaniasis;ko05152;Measles;Rheumatoid arthritis;Graft-versus-host disease
P13504	MAPK signaling pathway;Cytokine-cytokine receptor interaction;Apoptosis;Osteoclast differentiation;Hematopoietic cell lineage;Amoebiasis
Q9JHX3;Q9ESM1	Cytokine-cytokine receptor interaction;Jak-STAT signaling pathway
P01590;Q61731	Cytokine-cytokine receptor interaction;Endocytosis;Jak-STAT signaling pathway;Hematopoietic cell lineage;Measles
Q8K4B4	Cytokine-cytokine receptor interaction;Jak-STAT signaling pathway
P04351;P97945;Q791T3	Cytokine-cytokine receptor interaction;Jak-STAT signaling pathway;T cell receptor signaling pathway;Intestinal immune network for IgA production;Type I diabetes mellitus;Chagas disease (American trypanosomiasis);Measles;Autoimmune thyroid disease;Allograft rejection;Graft-versus-host disease
P07750	Cytokine-cytokine receptor interaction;Jak-STAT signaling pathway;Hematopoietic cell lineage;T cell receptor signaling pathway;Fc epsilon RI signaling pathway;Intestinal immune network for IgA production;Leishmaniasis;Measles;Asthma;Autoimmune thyroid disease;Allograft rejection
Q925S4;Q925J3	Cytokine-cytokine receptor interaction;Jak-STAT signaling pathway
P04401	Cytokine-cytokine receptor interaction;Jak-STAT signaling pathway;Hematopoietic cell lineage;T cell receptor signaling pathway;Fc epsilon RI signaling pathway;Intestinal immune network for IgA production;Asthma;Autoimmune thyroid disease;Allograft rejection
P16297;Q3TZT2	Cytokine-cytokine receptor interaction;Endocytosis;Jak-STAT signaling pathway;Measles
P26954	Cytokine-cytokine receptor interaction;Apoptosis;Jak-STAT signaling pathway
Q8VHH8	Cytokine-cytokine receptor interaction
P16382;O54690;Q60583;Q8CBW5	Cytokine-cytokine receptor interaction;Jak-STAT signaling pathway;Hematopoietic cell lineage
Q9D154;Q3TV23;Q5SUV7;Q9D0S8;Q9D7S8	Amoebiasis
P26952;B9VI80	Cytokine-cytokine receptor interaction;Apoptosis;Jak-STAT signaling pathway;Hematopoietic cell lineage
Q8VHP7	Amoebiasis
Q5SV42;Q5SW82;Q8K3Y1	Amoebiasis
P21183	Cytokine-cytokine receptor interaction;Jak-STAT signaling pathway;Hematopoietic cell lineage
Q8BVZ5;Q2YEJ4;Q3TQN0;Q99L46	Cytosolic DNA-sensing pathway
P16872;Q9R0C1	Cytokine-cytokine receptor interaction;Jak-STAT signaling pathway;Hematopoietic cell lineage;Primary immunodeficiency
P26955;Q3U7L5	Cytokine-cytokine receptor interaction;Apoptosis;Jak-STAT signaling pathway
P22272	Cytokine-cytokine receptor interaction;Jak-STAT signaling pathway;Hematopoietic cell lineage
P08505;Q3UCQ0;Q8BN26	Cytokine-cytokine receptor interaction;Toll-like receptor signaling pathway;NOD-like receptor signaling pathway;Cytosolic DNA-sensing pathway;Jak-STAT signaling pathway;Hematopoietic cell lineage;Intestinal immune network for IgA production;Prion diseases;Chagas disease (American trypanosomiasis);African trypanosomiasis;Malaria;Amoebiasis;ko05152;Measles;Pathways in cancer;Rheumatoid arthritis;Graft-versus-host disease;Hypertrophic cardiomyopathy (HCM)
P10168	Cytokine-cytokine receptor interaction;Jak-STAT signaling pathway;Hematopoietic cell lineage
P01586	Cytokine-cytokine receptor interaction;Apoptosis;Jak-STAT signaling pathway;Hematopoietic cell lineage;Fc epsilon RI signaling pathway;Asthma
Q01114	Cytokine-cytokine receptor interaction;Jak-STAT signaling pathway;Hematopoietic cell lineage
P15247	Cytokine-cytokine receptor interaction;Jak-STAT signaling pathway;Asthma
Q00560;G5E8D2	Cytokine-cytokine receptor interaction;Jak-STAT signaling pathway
O55222;Q78KK2	PPAR signaling pathway;Focal adhesion;Bacterial invasion of epithelial cells;Endometrial cancer
P24547;Q61734;Q91Z11	Purine metabolism;Drug metabolism - other enzymes
P70168;Q62117;Q6GTI5	RNA transport
P50096;Q7TSG7	Purine metabolism;Drug metabolism - other enzymes
Q921Y2	Ribosome biogenesis in eukaryotes
Q9CQU8;Q3THN4	Protein export
Q8BPT6;Q3TTI2;Q925F6	Protein export
Q8VHZ7;Q3U8H6;Q8CI42;Q9CWN6;Q9CYT5	Ribosome biogenesis in eukaryotes
Q91UZ5	Streptomycin biosynthesis;Inositol phosphate metabolism;Phosphatidylinositol signaling system
P33896;Q80UJ3	Cytokine-cytokine receptor interaction;Osteoclast differentiation;Toll-like receptor signaling pathway;Jak-STAT signaling pathway;Natural killer cell mediated cytotoxicity;Hepatitis C;Measles
Q63ZW7;A2ADS7;O70471;Q5PRG3;Q6P6J1;Q80YR8;Q8BPB9	Tight junction
O35664;O35238;O35663;O35983;Q923Z5	Cytokine-cytokine receptor interaction;Osteoclast differentiation;Toll-like receptor signaling pathway;Jak-STAT signaling pathway;Natural killer cell mediated cytotoxicity;Hepatitis C;Measles
Q04999;Q3V1N0;Q61277;Q80VC4	Cytokine-cytokine receptor interaction;TGF-beta signaling pathway
P55104;Q61452	Cytokine-cytokine receptor interaction;TGF-beta signaling pathway
O08717;Q91XH3	Cytokine-cytokine receptor interaction;TGF-beta signaling pathway
Q9JHU9	Streptomycin biosynthesis;Inositol phosphate metabolism
Q8CGK5;Q6PEV1	Cytokine-cytokine receptor interaction;Jak-STAT signaling pathway
P15261;Q91Y85	Cytokine-cytokine receptor interaction;Osteoclast differentiation;Jak-STAT signaling pathway;Natural killer cell mediated cytotoxicity;Leishmaniasis;Chagas disease (American trypanosomiasis);Toxoplasmosis;ko05152;Measles
Q9EPW0;Q8CBJ8	Inositol phosphate metabolism;Phosphatidylinositol signaling system
Q8C5L6;O09040	Inositol phosphate metabolism;Phosphatidylinositol signaling system
Q04998	Cytokine-cytokine receptor interaction;TGF-beta signaling pathway
P40936;Q9CZ50	Tryptophan metabolism;Selenocompound metabolism
Q6P1Y8	Inositol phosphate metabolism;Phosphatidylinositol signaling system
P01326	Oocyte meiosis;Regulation of autophagy;mTOR signaling pathway;Regulation of actin cytoskeleton;Insulin signaling pathway;Progesterone-mediated oocyte maturation;Type II diabetes mellitus;Type I diabetes mellitus;Maturity onset diabetes of the young;Aldosterone-regulated sodium reabsorption;Prostate cancer
P01325;Q545I7;Q9D907	Oocyte meiosis;Regulation of autophagy;mTOR signaling pathway;Regulation of actin cytoskeleton;Insulin signaling pathway;Progesterone-mediated oocyte maturation;Type II diabetes mellitus;Type I diabetes mellitus;Maturity onset diabetes of the young;Aldosterone-regulated sodium reabsorption;Prostate cancer
P49442;Q8R3L1	Inositol phosphate metabolism;Phosphatidylinositol signaling system
Q9JII1;Q3TCC9	Inositol phosphate metabolism;Phosphatidylinositol signaling system
Q9WTL4;B2RQC5	Regulation of actin cytoskeleton;Prostate cancer
P15208;F8VPU4	Adherens junction;Insulin signaling pathway;Type II diabetes mellitus;Aldosterone-regulated sodium reabsorption
Q8R071;A2AQ20	Inositol phosphate metabolism;Calcium signaling pathway;Phosphatidylinositol signaling system
Q7TT16;Q8BZ11;Q8BZA8;Q9CWM9	Inositol phosphate metabolism
P70458;Q5BKQ8;Q8BU50	Complement and coagulation cascades
Q91VM9;Q3UPK3;Q8BTG5;Q9D1E3	Oxidative phosphorylation
Q6P1C1;Q3V3Z0	Inositol phosphate metabolism;Phosphatidylinositol signaling system
Q9D819	Oxidative phosphorylation
Q8R0S2;Q3TZC3;Q5DU15	Endocytosis
Q3TES0;Q3UHP8;Q80TJ8	Endocytosis
Q62406;B1AUW4;Q6Y3Z5;Q6Y3Z6	Apoptosis;Toll-like receptor signaling pathway;Neurotrophin signaling pathway;Leishmaniasis;Chagas disease (American trypanosomiasis);Toxoplasmosis;ko05152;Measles
Q8CFA1;Q3U3K2;Q3U7F5;Q3UFX2;Q5U404;Q6YBR8;Q6YBR9;Q6YBS0;Q6YBS1;Q8C5M0;Q8CC82;Q8CEA0	Apoptosis;Neurotrophin signaling pathway;ko05152
P70671	Toll-like receptor signaling pathway;RIG-I-like receptor signaling pathway;Cytosolic DNA-sensing pathway;Hepatitis C;Measles
Q9JKF1;G3UW45	Regulation of actin cytoskeleton
Q8K4B2;Q8C7U8;Q8CE40;Q8K1S8	Apoptosis;Neurotrophin signaling pathway
P15314	Hepatitis C
Q9Z0Y7;A2BHF6;Q8BRB9	Neurotrophin signaling pathway;Insulin signaling pathway;Adipocytokine signaling pathway;Type II diabetes mellitus;Aldosterone-regulated sodium reabsorption
Q9DCE9;J7PDL1;Q8C2M8	Toxoplasmosis
Q3UQ44	Regulation of actin cytoskeleton
P35569	Neurotrophin signaling pathway;Insulin signaling pathway;Adipocytokine signaling pathway;Type II diabetes mellitus;Aldosterone-regulated sodium reabsorption
Q8R4K2;Q80WW1	Apoptosis;Toll-like receptor signaling pathway;Neurotrophin signaling pathway;Leishmaniasis;Chagas disease (American trypanosomiasis);Toxoplasmosis;ko05152;Measles
P56477	Toll-like receptor signaling pathway
P81122;B9EJW3	Neurotrophin signaling pathway;Insulin signaling pathway;Adipocytokine signaling pathway;Type II diabetes mellitus;Aldosterone-regulated sodium reabsorption
P70434	Toll-like receptor signaling pathway;RIG-I-like receptor signaling pathway;Cytosolic DNA-sensing pathway;Hepatitis C;Measles
Q61179	Osteoclast differentiation;Jak-STAT signaling pathway;Hepatitis C;Measles
Q64339;Q8K0H3	RIG-I-like receptor signaling pathway
Q9QUM0;Q3U3R7;Q64229;Q9Z2M0	Focal adhesion;ECM-receptor interaction;Hematopoietic cell lineage;Regulation of actin cytoskeleton;Pathways in cancer;Small cell lung cancer;Hypertrophic cardiomyopathy (HCM);Arrhythmogenic right ventricular cardiomyopathy (ARVC);Dilated cardiomyopathy
Q69ZQ2;Q8VDX4;Q9D3E2	Spliceosome
Q3UV74;O88424;Q2KHL5	Phagosome;Cell adhesion molecules (CAMs);Natural killer cell mediated cytotoxicity;Leukocyte transendothelial migration;Regulation of actin cytoskeleton;Leishmaniasis;Malaria;Amoebiasis;Staphylococcus aureus infection;ko05152;Rheumatoid arthritis;Viral myocarditis
Q61739;A2AU04	Focal adhesion;ECM-receptor interaction;Cell adhesion molecules (CAMs);Hematopoietic cell lineage;Regulation of actin cytoskeleton;Toxoplasmosis;Pathways in cancer;Small cell lung cancer;Hypertrophic cardiomyopathy (HCM);Arrhythmogenic right ventricular cardiomyopathy (ARVC);Dilated cardiomyopathy
Q62469;Q62163;Q6P1C7	Phagosome;Focal adhesion;ECM-receptor interaction;Hematopoietic cell lineage;Regulation of actin cytoskeleton;Pathways in cancer;Small cell lung cancer;Hypertrophic cardiomyopathy (HCM);Arrhythmogenic right ventricular cardiomyopathy (ARVC);Dilated cardiomyopathy
Q9Z0T9;Q544J9	Focal adhesion;ECM-receptor interaction;Regulation of actin cytoskeleton;Hypertrophic cardiomyopathy (HCM);Arrhythmogenic right ventricular cardiomyopathy (ARVC);Dilated cardiomyopathy
P11835;Q64482	Phagosome;Cell adhesion molecules (CAMs);Natural killer cell mediated cytotoxicity;Leukocyte transendothelial migration;Regulation of actin cytoskeleton;Leishmaniasis;Malaria;Amoebiasis;Staphylococcus aureus infection;ko05152;Rheumatoid arthritis;Viral myocarditis
Q3V3R4;F8VQN5	Focal adhesion;ECM-receptor interaction;Hematopoietic cell lineage;Regulation of actin cytoskeleton;Hypertrophic cardiomyopathy (HCM);Arrhythmogenic right ventricular cardiomyopathy (ARVC);Dilated cardiomyopathy
P43406;A2AKI6	Phagosome;Focal adhesion;ECM-receptor interaction;Cell adhesion molecules (CAMs);Regulation of actin cytoskeleton;Pathways in cancer;Small cell lung cancer;Hypertrophic cardiomyopathy (HCM);Arrhythmogenic right ventricular cardiomyopathy (ARVC);Dilated cardiomyopathy
Q62470;Q08441;Q08442;Q5SWA8;Q5SWB9;Q6P6I1	Focal adhesion;ECM-receptor interaction;Hematopoietic cell lineage;Regulation of actin cytoskeleton;Pathways in cancer;Small cell lung cancer;Hypertrophic cardiomyopathy (HCM);Arrhythmogenic right ventricular cardiomyopathy (ARVC);Dilated cardiomyopathy
P26011;Q3U2M1;Q64656	Focal adhesion;ECM-receptor interaction;Cell adhesion molecules (CAMs);Intestinal immune network for IgA production;Regulation of actin cytoskeleton;Hypertrophic cardiomyopathy (HCM);Arrhythmogenic right ventricular cardiomyopathy (ARVC);Dilated cardiomyopathy
A2ARA8;O70304;Q3UXV8;Q8BRG3;Q8C0H7	Focal adhesion;ECM-receptor interaction;Cell adhesion molecules (CAMs);Regulation of actin cytoskeleton;Hypertrophic cardiomyopathy (HCM);Arrhythmogenic right ventricular cardiomyopathy (ARVC);Dilated cardiomyopathy
Q9QXH4	Regulation of actin cytoskeleton;ko05152
Q8C863;O54971	Ubiquitin mediated proteolysis;Endocytosis
Q0VBD0	Focal adhesion;ECM-receptor interaction;Cell adhesion molecules (CAMs);Regulation of actin cytoskeleton;Hypertrophic cardiomyopathy (HCM);Arrhythmogenic right ventricular cardiomyopathy (ARVC);Dilated cardiomyopathy
B8JK39;B9EKC4	Focal adhesion;ECM-receptor interaction;Cell adhesion molecules (CAMs);Regulation of actin cytoskeleton;Hypertrophic cardiomyopathy (HCM);Arrhythmogenic right ventricular cardiomyopathy (ARVC);Dilated cardiomyopathy
Q00651	Focal adhesion;ECM-receptor interaction;Cell adhesion molecules (CAMs);Hematopoietic cell lineage;Leukocyte transendothelial migration;Intestinal immune network for IgA production;Regulation of actin cytoskeleton;Leishmaniasis;Hypertrophic cardiomyopathy (HCM);Arrhythmogenic right ventricular cardiomyopathy (ARVC);Dilated cardiomyopathy
O54890;Q3TZC6	Phagosome;Osteoclast differentiation;Focal adhesion;ECM-receptor interaction;Hematopoietic cell lineage;Regulation of actin cytoskeleton;Hypertrophic cardiomyopathy (HCM);Arrhythmogenic right ventricular cardiomyopathy (ARVC);Dilated cardiomyopathy
Q60677;B1AUD5	Regulation of actin cytoskeleton
P11688;E9QN40	Phagosome;Focal adhesion;ECM-receptor interaction;Hematopoietic cell lineage;Regulation of actin cytoskeleton;Bacterial invasion of epithelial cells;Shigellosis;Hypertrophic cardiomyopathy (HCM);Arrhythmogenic right ventricular cardiomyopathy (ARVC);Dilated cardiomyopathy
Q03526	Chemokine signaling pathway;T cell receptor signaling pathway;Leukocyte transendothelial migration
P24063;E9Q5M7;E9QNL8;Q3U159	Cell adhesion molecules (CAMs);Natural killer cell mediated cytotoxicity;Leukocyte transendothelial migration;Regulation of actin cytoskeleton;Malaria;Staphylococcus aureus infection;Rheumatoid arthritis;Viral myocarditis
P09055;F6R105;Q3TIW5;Q3TWH6;Q60993;Q61126;Q8BTU0;Q8BVU1	Phagosome;Axon guidance;Focal adhesion;ECM-receptor interaction;Cell adhesion molecules (CAMs);Leukocyte transendothelial migration;Regulation of actin cytoskeleton;Bacterial invasion of epithelial cells;Pathogenic Escherichia coli infection;Shigellosis;Leishmaniasis;Toxoplasmosis;Pathways in cancer;Small cell lung cancer;Hypertrophic cardiomyopathy (HCM);Arrhythmogenic right ventricular cardiomyopathy (ARVC);Dilated cardiomyopathy
Q9D892;Q8R0Q8	Purine metabolism;Pyrimidine metabolism;Drug metabolism - other enzymes
O70309;O70308;O88347	Phagosome;Focal adhesion;ECM-receptor interaction;Regulation of actin cytoskeleton;Hypertrophic cardiomyopathy (HCM);Arrhythmogenic right ventricular cardiomyopathy (ARVC);Dilated cardiomyopathy
P70227;Q5DWM4;Q8CED5;Q91Z08	Calcium signaling pathway;Phosphatidylinositol signaling system;Oocyte meiosis;Vascular smooth muscle contraction;Gap junction;Long-term potentiation;Long-term depression;Taste transduction;GnRH signaling pathway;Salivary secretion;Gastric acid secretion;Pancreatic secretion;Alzheimer's disease
Q8BYN3;Q8K0J6;Q8R0Z0	Inositol phosphate metabolism;Phosphatidylinositol signaling system
Q9JHI5;Q9CYI3;Q9DBD7	Valine, leucine and isoleucine degradation
P11881;P20943;Q99LG5	Calcium signaling pathway;Phosphatidylinositol signaling system;Oocyte meiosis;Vascular smooth muscle contraction;Gap junction;Long-term potentiation;Long-term depression;GnRH signaling pathway;Salivary secretion;Gastric acid secretion;Pancreatic secretion;Alzheimer's disease;Huntington's disease
Q9Z329;B2KF91;P70226;Q5DWM3;Q5DWM5;Q61744;Q8R3B0	Calcium signaling pathway;Phosphatidylinositol signaling system;Oocyte meiosis;Vascular smooth muscle contraction;Gap junction;Long-term potentiation;Long-term depression;GnRH signaling pathway;Salivary secretion;Gastric acid secretion;Pancreatic secretion;Alzheimer's disease
Q9QXX0	Notch signaling pathway
O88792;Q8VC39	Cell adhesion molecules (CAMs);Tight junction;Leukocyte transendothelial migration;Epithelial cell signaling in Helicobacter pylori infection
Q9QYE5;F8VPV5;O55139;O70219	Notch signaling pathway
Q62120;G5E852;Q62124;Q7TQD0	Chemokine signaling pathway;Jak-STAT signaling pathway;Adipocytokine signaling pathway;Leishmaniasis;Toxoplasmosis;ko05152;Measles
Q9JI59;A6X955;Q8C5K9;Q8CE95	Cell adhesion molecules (CAMs);Tight junction;Leukocyte transendothelial migration;Epithelial cell signaling in Helicobacter pylori infection
Q9D8B7;Q8BT59;Q9D1M9;Q9EPK4	Cell adhesion molecules (CAMs);Tight junction;Leukocyte transendothelial migration;Epithelial cell signaling in Helicobacter pylori infection
Q62137;A2RRI3;Q0D2M8;Q61746;Q61747;Q8BTY6;Q8BYU2	Chemokine signaling pathway;Jak-STAT signaling pathway;ko05152;Measles
Q9WVI9;O35145;Q925J8;Q9R1H9;Q9R1Z1;Q9WVI7;Q9WVI8	MAPK signaling pathway
Q9ERE9;Q9CXI4	MAPK signaling pathway
P09450;Q8C2G9	Osteoclast differentiation
P15066	MAPK signaling pathway;Osteoclast differentiation
Q9ESN9;Q5D062;Q99KU7;Q9EQD8;Q9ESN7;Q9ESN8;Q9ESP0;Q9JLH2;Q9JLH3;Q9R0U7	MAPK signaling pathway
Q9EQF4;B0FFS5	Endocytosis
P15946	Endocrine and other factor-regulated calcium reabsorption
Q61759;Q61760;Q9JM70	Endocrine and other factor-regulated calcium reabsorption
P15948	Endocrine and other factor-regulated calcium reabsorption
P05627	MAPK signaling pathway;ErbB signaling pathway;Wnt signaling pathway;Osteoclast differentiation;Focal adhesion;Toll-like receptor signaling pathway;T cell receptor signaling pathway;B cell receptor signaling pathway;Neurotrophin signaling pathway;GnRH signaling pathway;Epithelial cell signaling in Helicobacter pylori infection;Leishmaniasis;Chagas disease (American trypanosomiasis);Pathways in cancer;Colorectal cancer;Renal cell carcinoma;Rheumatoid arthritis
Q61754;A6H6V7;Q61755;Q9JM69	Endocrine and other factor-regulated calcium reabsorption
P36369;B9EI06;P00753;P00754	Endocrine and other factor-regulated calcium reabsorption
P00755	Endocrine and other factor-regulated calcium reabsorption
P00756;A2RTW1	Endocrine and other factor-regulated calcium reabsorption
P15945;Q52KM1;Q565D7	Endocrine and other factor-regulated calcium reabsorption
P07628	Endocrine and other factor-regulated calcium reabsorption
P15949	Endocrine and other factor-regulated calcium reabsorption
Q9WTP6;A2A820;Q3THT3;Q3TI11;Q3TKI6;Q8C7I9;Q9CY37	Purine metabolism
Q9R0Y5;A2AK80;Q542C5;Q9R0Y4	Purine metabolism
Q9WUR9;Q9R1X7	Purine metabolism
Q9D2H2;Q8BVH3	Purine metabolism
Q9WTP7;Q3UDN7;Q8BGX5;Q9D7Z1;Q9DB57;Q9DBM5	Pyrimidine metabolism
Q920P5	Purine metabolism
P31324;B1B199;Q3UTZ1;Q80ZM4;Q8BRZ7	Apoptosis;Insulin signaling pathway
Q9DBC7;Q3UKU7;Q9JHR5;Q9JHR6	Apoptosis;Insulin signaling pathway
P12849	Apoptosis;Insulin signaling pathway
P05132;Q9JID0	MAPK signaling pathway;Calcium signaling pathway;Chemokine signaling pathway;Meiosis - yeast;Oocyte meiosis;Apoptosis;Vascular smooth muscle contraction;Wnt signaling pathway;Hedgehog signaling pathway;Gap junction;Long-term potentiation;Olfactory transduction;Taste transduction;Insulin signaling pathway;GnRH signaling pathway;Progesterone-mediated oocyte maturation;Melanogenesis;Endocrine and other factor-regulated calcium reabsorption;Vasopressin-regulated water reabsorption;Salivary secretion;Gastric acid secretion;Bile secretion;Prion diseases;Vibrio cholerae infection;Amoebiasis;Dilated cardiomyopathy
Q71RI9;Q8BJ84	Tryptophan metabolism;Selenocompound metabolism
Q8BTY1;Q8BY27	Tryptophan metabolism;Selenocompound metabolism
P68181;P05206;Q3TQH5;Q3UDD0;Q3UTH5	MAPK signaling pathway;Calcium signaling pathway;Chemokine signaling pathway;Meiosis - yeast;Oocyte meiosis;Apoptosis;Vascular smooth muscle contraction;Wnt signaling pathway;Hedgehog signaling pathway;Gap junction;Long-term potentiation;Olfactory transduction;Taste transduction;Insulin signaling pathway;GnRH signaling pathway;Progesterone-mediated oocyte maturation;Melanogenesis;Endocrine and other factor-regulated calcium reabsorption;Vasopressin-regulated water reabsorption;Salivary secretion;Gastric acid secretion;Bile secretion;Prion diseases;Vibrio cholerae infection;Amoebiasis;Dilated cardiomyopathy
Q9JHD2;Q3TZ59	Notch signaling pathway
Q9JHD1;Q3U142;Q640M9	Notch signaling pathway
O88986	Glycine, serine and threonine metabolism
Q8BVP5	Hedgehog signaling pathway
P11798;Q61284;Q6ZWN4	ErbB signaling pathway;Calcium signaling pathway;Oocyte meiosis;Wnt signaling pathway;Long-term potentiation;Neurotrophin signaling pathway;Olfactory transduction;Phototransduction - fly;GnRH signaling pathway;Melanogenesis;Gastric acid secretion;ko05152;Glioma
Q8C4X2;Q8BM57;Q8C001;Q8K079	Hedgehog signaling pathway
Q9DC28;Q3TZK2;Q99KK4	Hedgehog signaling pathway;Gap junction;Circadian rhythm - mammal
P28652;Q5SVH9	ErbB signaling pathway;Calcium signaling pathway;Oocyte meiosis;Wnt signaling pathway;Long-term potentiation;Neurotrophin signaling pathway;Olfactory transduction;Phototransduction - fly;GnRH signaling pathway;Melanogenesis;Gastric acid secretion;ko05152;Glioma
Q9JIN6;Q149I1	Vascular smooth muscle contraction
Q9JMK2;Q8R389	Wnt signaling pathway;Hedgehog signaling pathway;Circadian rhythm - mammal;Circadian rhythm - fly
P86046	Protein digestion and absorption
Q9JM63	Gastric acid secretion
Q8BTH8;E9QPK6	Hedgehog signaling pathway
O88932;Q9JK34	Gastric acid secretion
Q08460;Q64703;Q8VHF1;Q9R196	Vascular smooth muscle contraction;Salivary secretion;Pancreatic secretion
Q6PHZ2;Q3UF87;Q3UQH9;Q5DTK4;Q8CAC5;Q9CZE2	ErbB signaling pathway;Calcium signaling pathway;Oocyte meiosis;Wnt signaling pathway;Long-term potentiation;Neurotrophin signaling pathway;Olfactory transduction;Phototransduction - fly;GnRH signaling pathway;Melanogenesis;Gastric acid secretion;ko05152;Glioma
Q61743;Q9QX21	Type II diabetes mellitus
Q9Z307;Q8BH37	Gastric acid secretion
Q8CAE3;O35336;O35645	Vascular smooth muscle contraction
Q923T9;Q3U3H3;Q8VED3	ErbB signaling pathway;Calcium signaling pathway;Oocyte meiosis;Wnt signaling pathway;Long-term potentiation;Neurotrophin signaling pathway;Olfactory transduction;Phototransduction - fly;GnRH signaling pathway;Melanogenesis;Gastric acid secretion;ko05152;Glioma
Q9CZM9	Vascular smooth muscle contraction
Q03717;Q8K0D1	Taste transduction
Q9D808;Q8R1Z7	Gastric acid secretion
O88335	Aldosterone-regulated sodium reabsorption;Gastric acid secretion
Q9WTW2	Protein digestion and absorption
P35561	Gastric acid secretion
P58390;E9QNY5;Q3UF29;Q540U9;Q8CCH4	Bile secretion
P97438;Q4VQI2	Gastric acid secretion
O89109;Q3U1J8;Q9CY39	Salivary secretion;Protein digestion and absorption
O54982	Vascular smooth muscle contraction
P07310	Arginine and proline metabolism
Q6P8J7	Arginine and proline metabolism
Q04447;Q3KQP4;Q3TKI3;Q3U5P5;Q3UF71;Q9CXK6	Arginine and proline metabolism
P30275	Arginine and proline metabolism
P97414;O88702;Q3U4H1;Q7TNZ1;Q7TPL7;Q80VR7	Gastric acid secretion;Pancreatic secretion;Protein digestion and absorption;Vibrio cholerae infection
Q9DBP5;Q8BK17;Q8VD05;Q9DCS7	Pyrimidine metabolism
Q6GV12	Sphingolipid metabolism
Q9Z2X8;Q3U243;Q3U8N7;Q547S3;Q6ZQI6;Q8BQY3	Ubiquitin mediated proteolysis
P0C605;Q14DK6;Q9Z0Z0	Gap junction;Long-term depression;Olfactory transduction;Salivary secretion
Q8K4H1;B1AQK9;Q80XP3;Q8R1K6	Tryptophan metabolism;Glyoxylate and dicarboxylate metabolism
Q64520;Q564F2;Q564G0	Purine metabolism
P97328;Q91WU8	Fructose and mannose metabolism
Q9R008	Terpenoid backbone biosynthesis;Peroxisome
Q91V45;Q8K3P2	Neuroactive ligand-receptor interaction
P04184;Q58EU0;Q8C3P8;Q921J8	Pyrimidine metabolism;Drug metabolism - other enzymes
Q8VBY2;Q9R054	Adipocytokine signaling pathway
P05532;Q61415;Q61416;Q61417;Q6LEE9;Q6QJB7;Q6QJB8;Q7TS86;Q8C8K9	Cytokine-cytokine receptor interaction;Endocytosis;Hematopoietic cell lineage;Melanogenesis;Pathways in cancer;Acute myeloid leukemia
Q8C078;Q80TS0;Q8BXM8;Q8C0G3;Q8CH42;Q8QZT7	Adipocytokine signaling pathway
Q80TF4;A2AL86;A2AL87;A2AL88;A2AL89;Q9DBY7	Ubiquitin mediated proteolysis
Q6ZPT1;Q505G5	Ubiquitin mediated proteolysis
P15947;Q61855	Endocrine and other factor-regulated calcium reabsorption
P26262;Q8R0P5	Complement and coagulation cascades
Q0ZUP1;Q1A4F6	Malaria
Q91WN4	Tryptophan metabolism
P27811;Q1AG01;Q1WJB8;Q61972;Q61973;Q91V25;Q925G4	Malaria
P27814;Q541U5;Q925G3	Malaria
Q8VD98;Q1AFZ8;Q3TDT3;Q8C9Q1	Malaria
Q2YDW7;Q8C0J9	Lysine degradation
O35082;B2RR78;O70175;O70621	Pentose and glucuronate interconversions;Starch and sucrose metabolism;Endocrine and other factor-regulated calcium reabsorption
O54707;O54708	Antigen processing and presentation;Natural killer cell mediated cytotoxicity;Graft-versus-host disease
Q3U8K7;Q3UTP6;Q6DI74;Q6Q784;Q8BU67;Q8BUN0;Q8BUT7;Q8BW73;Q8BZ24;Q91X81	Lysine degradation
Q6Q783;Q5RKP6;Q8R1C5	Lysine degradation
O08677;O08676;Q32MX7;Q6S9I1;Q91XK5	Complement and coagulation cascades
Q7TSH2	Calcium signaling pathway;Insulin signaling pathway
P18826;A2AI90	Calcium signaling pathway;Insulin signaling pathway
Q62074	Endocytosis;Tight junction;Insulin signaling pathway
Q8BWJ3;Q3TN65;Q810J6	Calcium signaling pathway;Insulin signaling pathway
P20444	MAPK signaling pathway;MAPK signaling pathway - yeast;ErbB signaling pathway;Calcium signaling pathway;Phosphatidylinositol signaling system;Vascular smooth muscle contraction;Wnt signaling pathway;VEGF signaling pathway;Focal adhesion;Tight junction;Gap junction;Natural killer cell mediated cytotoxicity;Fc gamma R-mediated phagocytosis;Leukocyte transendothelial migration;Long-term potentiation;Long-term depression;Phototransduction - fly;Melanogenesis;Aldosterone-regulated sodium reabsorption;Endocrine and other factor-regulated calcium reabsorption;Salivary secretion;Gastric acid secretion;Pancreatic secretion;Vibrio cholerae infection;African trypanosomiasis;Amoebiasis;Pathways in cancer;Glioma;Non-small cell lung cancer
P23298;Q8K2K8	Vascular smooth muscle contraction;Tight junction
P28867;Q91V85;Q9Z333	Vascular smooth muscle contraction;Tight junction
Q02111	Vascular smooth muscle contraction;Tight junction
P68404;A0JNZ5;F2Z441;P04410;P04411	MAPK signaling pathway;MAPK signaling pathway - yeast;ErbB signaling pathway;Calcium signaling pathway;Phosphatidylinositol signaling system;Vascular smooth muscle contraction;Wnt signaling pathway;VEGF signaling pathway;Focal adhesion;Tight junction;Gap junction;Natural killer cell mediated cytotoxicity;Fc gamma R-mediated phagocytosis;Leukocyte transendothelial migration;Long-term potentiation;Long-term depression;Phototransduction - fly;Melanogenesis;Aldosterone-regulated sodium reabsorption;Endocrine and other factor-regulated calcium reabsorption;Salivary secretion;Gastric acid secretion;Pancreatic secretion;Vibrio cholerae infection;African trypanosomiasis;Amoebiasis;Pathways in cancer;Glioma;Non-small cell lung cancer
P16054	Vascular smooth muscle contraction;Tight junction
Q02956;A2AD76;Q3UHM5;Q7TST7	Endocytosis;Tight junction;Insulin signaling pathway
P63318;P05697	MAPK signaling pathway;MAPK signaling pathway - yeast;ErbB signaling pathway;Calcium signaling pathway;Phosphatidylinositol signaling system;Vascular smooth muscle contraction;Wnt signaling pathway;VEGF signaling pathway;Focal adhesion;Tight junction;Gap junction;Natural killer cell mediated cytotoxicity;Fc gamma R-mediated phagocytosis;Leukocyte transendothelial migration;Long-term potentiation;Long-term depression;Phototransduction - fly;Melanogenesis;Aldosterone-regulated sodium reabsorption;Endocrine and other factor-regulated calcium reabsorption;Salivary secretion;Gastric acid secretion;Pancreatic secretion;Vibrio cholerae infection;African trypanosomiasis;Amoebiasis;Pathways in cancer;Glioma;Non-small cell lung cancer
P52480;Q3TBV8;Q3TBW5;Q3TC59;Q3U1X3;Q3U5P6;Q4VC20;Q64484;Q91YI8;Q9CWB1	Glycolysis / Gluconeogenesis;Purine metabolism;Pyruvate metabolism;Carbon fixation in photosynthetic organisms;Type II diabetes mellitus
Q99JB4;Q3TE58;Q497F5;Q7TMP8;Q8BRW0;Q925G5;Q99P32	Malaria
Q8C050;Q8CI92	MAPK signaling pathway;Neurotrophin signaling pathway
Q7TPS0;Q8BWZ2;Q9CUR6	MAPK signaling pathway;Oocyte meiosis;mTOR signaling pathway;Long-term potentiation;Neurotrophin signaling pathway;Progesterone-mediated oocyte maturation
P18653	MAPK signaling pathway;Oocyte meiosis;mTOR signaling pathway;Long-term potentiation;Neurotrophin signaling pathway;Progesterone-mediated oocyte maturation
Q8BSK8;Q5SWG1;Q8CHX0	ErbB signaling pathway;mTOR signaling pathway;TGF-beta signaling pathway;Fc gamma R-mediated phagocytosis;Insulin signaling pathway;Acute myeloid leukemia
Q9WUT3;Q9D2C0	MAPK signaling pathway;Oocyte meiosis;mTOR signaling pathway;Long-term potentiation;Neurotrophin signaling pathway;Progesterone-mediated oocyte maturation
P18654;B1AXN4;Q03140;Q8K3J8	MAPK signaling pathway;Oocyte meiosis;mTOR signaling pathway;Long-term potentiation;Neurotrophin signaling pathway;Progesterone-mediated oocyte maturation
Q9Z1M4	ErbB signaling pathway;mTOR signaling pathway;TGF-beta signaling pathway;Fc gamma R-mediated phagocytosis;Insulin signaling pathway;Acute myeloid leukemia
P48025	Osteoclast differentiation;Natural killer cell mediated cytotoxicity;B cell receptor signaling pathway;Fc epsilon RI signaling pathway;Fc gamma R-mediated phagocytosis;ko05152
Q9Z2B9;Q3U3M8;Q91X18	MAPK signaling pathway;Neurotrophin signaling pathway
P97930;Q8C2L0;Q8K2S2	Pyrimidine metabolism
Q9CXF0	Tryptophan metabolism
Q91YP0;Q3TH61;Q3U7Z0;Q3ULY6	Butanoate metabolism
Q80Y17;Q61856;Q7TNV3;Q8BN92	Tight junction
Q3TJ91;B1ATB0;Q6YP20;Q8K1X0	Tight junction
P29752	Galactose metabolism
Q9R0B6;Q4VAI3;Q9WTW6	Focal adhesion;ECM-receptor interaction;Toxoplasmosis;Amoebiasis;Pathways in cancer;Small cell lung cancer
Q61087;Q91V90	Focal adhesion;ECM-receptor interaction;Toxoplasmosis;Amoebiasis;Pathways in cancer;Small cell lung cancer
P19137;F8VQ40	Focal adhesion;ECM-receptor interaction;Toxoplasmosis;Amoebiasis;Pathways in cancer;Small cell lung cancer
Q61292;Q62182;Q8R0Y0	Focal adhesion;ECM-receptor interaction;Toxoplasmosis;Amoebiasis;Pathways in cancer;Small cell lung cancer
Q60675;F8VQ43;Q05003;Q64061	Focal adhesion;ECM-receptor interaction;Toxoplasmosis;Amoebiasis;Pathways in cancer;Small cell lung cancer
P11438;Q62020	Lysosome;Phagosome;ko05152
Q61789;E9PUR4;O08751;Q61788;Q61966;Q9JHQ7	Focal adhesion;ECM-receptor interaction;Toxoplasmosis;Amoebiasis;Pathways in cancer;Small cell lung cancer
P97927;O88785;P70409;Q14BF2	Focal adhesion;ECM-receptor interaction;African trypanosomiasis;Toxoplasmosis;Amoebiasis;Pathways in cancer;Small cell lung cancer
Q61168;Q60923	Lysosome
Q91XQ6	Lysosome
P17047;A2A430;Q3TXG5;Q8BSG8	Lysosome;Phagosome;ko05152
Q61001;A2ABW7;Q9JHQ6	Focal adhesion;ECM-receptor interaction;Toxoplasmosis;Amoebiasis;Pathways in cancer;Small cell lung cancer
Q7TST5;Q8C1F6	Lysosome
Q9QXW9	Protein digestion and absorption
O54957	Natural killer cell mediated cytotoxicity;T cell receptor signaling pathway;Fc epsilon RI signaling pathway;Fc gamma R-mediated phagocytosis
P32067	Systemic lupus erythematosus
Q61805;A2AC66;Q99KA0	Toll-like receptor signaling pathway;ko05152
P16301;Q8K139	Glycerophospholipid metabolism
Q8C129	Renin-angiotensin system
P06240;Q61794;Q61795;Q62320;Q91X65	Osteoclast differentiation;Natural killer cell mediated cytotoxicity;T cell receptor signaling pathway;Primary immunodeficiency
Q3UN02	Glycerolipid metabolism;Glycerophospholipid metabolism
Q60787;Q922M0	Osteoclast differentiation;Natural killer cell mediated cytotoxicity;T cell receptor signaling pathway;Fc epsilon RI signaling pathway
Q7TNG8;Q8BYU7;Q8CIV4	Pyruvate metabolism
P06151	Glycolysis / Gluconeogenesis;Cysteine and methionine metabolism;Pyruvate metabolism;Propanoate metabolism
P00342	Glycolysis / Gluconeogenesis;Cysteine and methionine metabolism;Pyruvate metabolism;Propanoate metabolism
P16125;Q545Y4	Glycolysis / Gluconeogenesis;Cysteine and methionine metabolism;Pyruvate metabolism;Propanoate metabolism
P35951;Q6GTJ9	Endocytosis;Bile secretion;Toxoplasmosis;Hepatitis C
P27782	Wnt signaling pathway;Adherens junction;Melanogenesis;Pathways in cancer;Colorectal cancer;Endometrial cancer;Prostate cancer;Thyroid cancer;Basal cell carcinoma;Acute myeloid leukemia;Arrhythmogenic right ventricular cardiomyopathy (ARVC)
P41160	Cytokine-cytokine receptor interaction;Neuroactive ligand-receptor interaction;Jak-STAT signaling pathway;Adipocytokine signaling pathway
P48356;O35686;O54986;Q61215;Q64309;Q9QWG3;Q9QWV5	Cytokine-cytokine receptor interaction;Neuroactive ligand-receptor interaction;Jak-STAT signaling pathway;Adipocytokine signaling pathway
P15702	Cell adhesion molecules (CAMs)
O09010;Q3U659;Q8K3F1;Q9DC10	Other types of O-glycan biosynthesis;Notch signaling pathway
Q64280;Q3V2A9	TGF-beta signaling pathway
Q91YX5	Glycerophospholipid metabolism
P57785;Q8BMF7	TGF-beta signaling pathway
A2ARI4;A2ARI3;Q6PHA3;Q80T31;Q8BXS9	Neuroactive ligand-receptor interaction
O89017	Lysosome;Antigen processing and presentation
Q9Z1P4;Q3V1L2	Neuroactive ligand-receptor interaction
Q9CPU0;Q543L3;Q8R3T1	Pyruvate metabolism;MAPK signaling pathway - yeast
Q9D7I5;Q3USP1;Q6P070	Oxidative phosphorylation
P09056	Cytokine-cytokine receptor interaction;Jak-STAT signaling pathway
Q99M04;Q543M1	Lipoic acid metabolism
Q9Z0M5;Q8C2G7	Steroid biosynthesis;Lysosome
P42703;Q5I0Y2	Cytokine-cytokine receptor interaction;Jak-STAT signaling pathway
O54785;O54776;O55238;Q9QUL4	Axon guidance;Fc gamma R-mediated phagocytosis;Regulation of actin cytoskeleton
P53668	Axon guidance;Fc gamma R-mediated phagocytosis;Regulation of actin cytoskeleton
Q9WVG5;Q8VDU2	Glycerolipid metabolism
P27656;Q8VC44	Glycerolipid metabolism
P11152;Q05956;Q542L4;Q9D3M9;Q9DCM8	Glycerolipid metabolism;PPAR signaling pathway;Alzheimer's disease
Q8VCM4	Lipoic acid metabolism
P17892;Q4VBW7	Glycerolipid metabolism;Pancreatic secretion;Fat digestion and absorption
Q9CPP7;Q8BK78;Q9CPP8;Q9D6L1;Q9D6L9;Q9D6M9;Q9D6N8;Q9D6P3;Q9D6Q2;Q9D6Q3;Q9D6Q6;Q9D6S5;Q9D6T5;Q9D6X0;Q9D760;Q9D766;Q9D767;Q9D796;Q9D798;Q9D7C5	Glycerolipid metabolism;Fat digestion and absorption
Q6P8U6	Glycerolipid metabolism;Pancreatic secretion;Fat digestion and absorption;Vitamin digestion and absorption
Q5BKQ4;O70478;Q6NV82	Glycerolipid metabolism;Pancreatic secretion;Fat digestion and absorption
P54310;P97866;Q3TE34;Q6GU16;Q8CDI9	Insulin signaling pathway
P63005;O35592;P43035;P81692;Q9R2A6	Ether lipid metabolism
Q9D009;Q14C29;Q9CVA5	Lipoic acid metabolism
P97484	Osteoclast differentiation
P24527;Q3UY71;Q8VDR8	Arachidonic acid metabolism
Q9D0F3	Protein processing in endoplasmic reticulum
Q8VCD3;Q4H2F4	Protein processing in endoplasmic reticulum
Q8K0B2;Q3U696;Q8CCL7;Q8R3D6;Q8VH50;Q9CW67	Vitamin digestion and absorption
Q9DBH5;Q8BJL4;Q9CXG7	Protein processing in endoplasmic reticulum
P48678;B3RH23;B3RH24;P11516;P97859;Q3TIH0;Q3TTS8;Q3U733;Q3U7I5;Q3UCA0;Q3UCJ8;Q3UCU3;Q91WF2;Q9DC21	Hypertrophic cardiomyopathy (HCM);Arrhythmogenic right ventricular cardiomyopathy (ARVC);Dilated cardiomyopathy
Q9DBN5;Q3TEG8;Q3TFY6;Q3TGR0;Q3UAE1	Cell cycle - Caulobacter
P39655;Q8BHG4	Arachidonic acid metabolism
Q6NVG1;Q66JP7	Glycerophospholipid metabolism;Ether lipid metabolism
P61793;A2AMJ2;O88584;P56487;P70420;Q61130	Neuroactive ligand-receptor interaction;Gap junction
P48999;Q3TB75	Arachidonic acid metabolism;Toxoplasmosis
P39654;Q4FJY9;Q5F2E3;Q6PHB2	Arachidonic acid metabolism
Q9JL06;Q6P290	Neuroactive ligand-receptor interaction
Q9EQ31	Neuroactive ligand-receptor interaction
Q8BLG2;A2ADM5;Q8BKK1;Q8VE54	Neuroactive ligand-receptor interaction
Q8BMC0;A6H6N5;Q3TEJ6	Neuroactive ligand-receptor interaction
Q8C031;Q505E5;Q8BGH8	Axon guidance
Q9JI60	Retinol metabolism;Vitamin digestion and absorption
Q91VN0;E9QQ75;O88883;Q9R208	Wnt signaling pathway
Q91ZX7;Q61291;Q920Y4	Alzheimer's disease;Malaria
O88572	Wnt signaling pathway
Q3UM18;Q68ED9;Q80V36	Ribosome biogenesis in eukaryotes
P30730	Calcium signaling pathway;Neuroactive ligand-receptor interaction
P62322;A2RTT1	RNA degradation;Spliceosome
Q8VC85	RNA degradation
P62311;Q9Y4Z1	RNA degradation;Spliceosome
P62313;Q9Y4Y8	RNA degradation;Spliceosome
A2ARV4;P70215;Q3TL35;Q9JLB3	Hedgehog signaling pathway
Q6ZWM4;Q3TIX3	RNA degradation;Spliceosome
O35900	RNA degradation;Spliceosome
Q5S006;E9QNJ2;Q8BWG7;Q8BZJ6;Q8CI84;Q8K062	Parkinson's disease
Q9QXA5	RNA degradation;Spliceosome
O88855	Neuroactive ligand-receptor interaction
Q9JJL9;Q3KP98	Calcium signaling pathway;Neuroactive ligand-receptor interaction
Q9DCJ1;Q8BNG8;Q8C882;Q9JKK6	mTOR signaling pathway
O88653	MAPK signaling pathway
Q8BLN5;Q8BVJ4;Q8K307	Steroid biosynthesis
Q60860;Q5SVR7;Q9QVS1	Arachidonic acid metabolism
P70699;Q3UJB2;Q8BGI6;Q91Z45	Galactose metabolism;Starch and sucrose metabolism;Lysosome
Q01102;Q32MF1	Cell adhesion molecules (CAMs);Malaria;Staphylococcus aureus infection
P18337	Cell adhesion molecules (CAMs)
O70582	Arachidonic acid metabolism
P55249;Q91YW6	Arachidonic acid metabolism
Q9JHF9	Toll-like receptor signaling pathway;Pathogenic Escherichia coli infection;Toxoplasmosis
Q00690	Cell adhesion molecules (CAMs);African trypanosomiasis;Malaria
P97823;Q3TJZ0;Q7TPX1;Q8BWM6	Glycerophospholipid metabolism
P25911;Q62127	Chemokine signaling pathway;B cell receptor signaling pathway;Fc epsilon RI signaling pathway;Fc gamma R-mediated phagocytosis;Long-term depression;Epithelial cell signaling in Helicobacter pylori infection
Q9WTL7;Q3TJD6	Glycerophospholipid metabolism
P08905;Q3TXG2;Q3U5Q2;Q3U690;Q8VE78	Salivary secretion
P17897	Salivary secretion
Q9DBT9;B1B1D0;Q8R1S7	Glycine, serine and threonine metabolism
Q66L42;Q80UW4	MAPK signaling pathway
Q9WUL6	MAPK signaling pathway;Apoptosis;Osteoclast differentiation;T cell receptor signaling pathway;Intestinal immune network for IgA production;Epithelial cell signaling in Helicobacter pylori infection
Q61161	MAPK signaling pathway
Q80XI6;Q8K0M8;Q9JJ15	MAPK signaling pathway
Q07174	MAPK signaling pathway;Toll-like receptor signaling pathway;T cell receptor signaling pathway
Q99JP0;E9PWI4;Q9CUS8	MAPK signaling pathway
Q60700;P70286;Q3TLL7;Q8C4N7;Q8CBX3;Q8CDL6	MAPK signaling pathway
Q3U1V8;E9QLZ4;Q8BIG8	MAPK signaling pathway
Q61084	MAPK signaling pathway;Neurotrophin signaling pathway;GnRH signaling pathway
P97820	MAPK signaling pathway
P45700	N-Glycan biosynthesis;Various types of N-glycan biosynthesis;Protein processing in endoplasmic reticulum
Q1HKZ5;Q8BKN0	MAPK signaling pathway
Q91W89;Q3ZCX9	Other glycan degradation
O08648;O08649;O70124;Q6PDG6	MAPK signaling pathway;GnRH signaling pathway
P70218;Q8R3R0;Q99K62	MAPK signaling pathway
P39098;Q5SUY6;Q5SUY7;Q60599;Q9CUY9	N-Glycan biosynthesis;Various types of N-glycan biosynthesis;Protein processing in endoplasmic reticulum
P27046;B9EHS6	N-Glycan biosynthesis;Various types of N-glycan biosynthesis
A2AJ15	N-Glycan biosynthesis;Various types of N-glycan biosynthesis;Protein processing in endoplasmic reticulum
Q8BRK9;Q3UVK1	N-Glycan biosynthesis;Various types of N-glycan biosynthesis
O35099;Q14AY5	MAPK signaling pathway;Protein processing in endoplasmic reticulum;Neurotrophin signaling pathway;Amyotrophic lateral sclerosis (ALS)
Q9ESL4;Q3V1X8;Q8BR73;Q9ESL3	MAPK signaling pathway;Tight junction
Q9WVL0	Tyrosine metabolism;Glutathione metabolism;Styrene degradation;Metabolism of xenobiotics by cytochrome P450;Drug metabolism - cytochrome P450
O09159;O55037;Q3UGH3;Q64443;Q9DBQ1	Other glycan degradation;Lysosome
O54782;Q69ZV1;Q8BH85;Q9DBK2	Other glycan degradation
Q62073	MAPK signaling pathway;Wnt signaling pathway;Osteoclast differentiation;Adherens junction;Toll-like receptor signaling pathway;NOD-like receptor signaling pathway;RIG-I-like receptor signaling pathway;T cell receptor signaling pathway;Leishmaniasis;Toxoplasmosis;Measles
Q9QYH6;Q543L6;Q99PB5;Q9CYX1	Neurotrophin signaling pathway
Q9WVQ1;Q3UH81;Q6GT88;Q8BYT1;Q8CA85	Tight junction
Q8CF90	Type II diabetes mellitus;Maturity onset diabetes of the young
P20917;A0A087WPR1;P16880	Cell adhesion molecules (CAMs)
Q9EQJ9;B0V3N7;B0V3N8;Q69ZE1;Q8C0P8	Tight junction
Q6RHR9;O54893;O54894;O54895	Tight junction
Q2TBA3;Q2TBA2;Q811E3;Q8BFT0;Q8C7N9	T cell receptor signaling pathway;B cell receptor signaling pathway;ko05152
Q6T264;Q505D8;Q5SUC2;Q6PDK3;Q6ZQG5;Q8BIU5;Q8R3T0	Notch signaling pathway
Q8K2I4;Q3TDB3;Q3TLS7;Q3UQT5;Q99MS1;Q9CRH3	Other glycan degradation;Lysosome
Q8BMF3;Q499F4	Pyruvate metabolism;Carbon fixation in photosynthetic organisms
P06801;Q9DBF9	Pyruvate metabolism;Carbon fixation in photosynthetic organisms
Q99KE1;Q3TBM8	Pyruvate metabolism;Two-component system
P49138;Q6P561	MAPK signaling pathway;VEGF signaling pathway;Neurotrophin signaling pathway
Q60754	Phagosome
Q3UMW7;B0QZU7;E9QNE1;Q3T9E6;Q8K0G3	MAPK signaling pathway;VEGF signaling pathway
P26645	Fc gamma R-mediated phagocytosis
O54992;E9QQ45;Q6QME4;Q6QME5;Q6QME6;Q6QME7	MAPK signaling pathway
Q6ZQ89;Q6PCS1;Q80V02;Q80VC7;Q8BJA0;Q8BXX6	Protein processing in endoplasmic reticulum
Q99LB6;Q5NC89;Q76LX2;Q8BVX6;Q8BYT9	Cysteine and methionine metabolism
P98064;A2RRH8;A2RRH9;Q8CD27;Q8CIR8;Q920S0	Complement and coagulation cascades;Staphylococcus aureus infection
P51949;Q14BS9;Q3TZP0;Q9D8A0;Q9D8D2	Basal transcription factors;Nucleotide excision repair
Q91WP0;B1ARY2;B1ARY3;Q9QXA4;Q9QXD2;Q9QXD5;Q9Z338	Complement and coagulation cascades;Staphylococcus aureus infection
P30554;O35944;Q8BHI8	Neuroactive ligand-receptor interaction;Renin-angiotensin system
Q78HU3	Endocytosis
Q6KAU4;A2ARF1;Q6PB42	Endocytosis
Q8VCF0	RIG-I-like receptor signaling pathway;Cytosolic DNA-sensing pathway;Hepatitis C;Measles
Q9Z2D7;Q792D2;Q8R3R3	Base excision repair
P28574;B2RS19;Q8C4Y1	MAPK signaling pathway;Pathways in cancer;Small cell lung cancer
P41317	Phagosome;Complement and coagulation cascades;Staphylococcus aureus infection
P39039;Q0P6H1	Phagosome;Complement and coagulation cascades;Staphylococcus aureus infection
Q8BH98;A9EDS0;Q8R3T2	Glycerolipid metabolism;Glycerophospholipid metabolism
Q8CHK3;Q3UDM6;Q8R1P9;Q9CY76	Glycerophospholipid metabolism
Q8R3I2;A9EDS7;Q8BHH5;Q8BM56;Q8R192;Q9CZ73	Glycerolipid metabolism;Glycerophospholipid metabolism
P56450;Q49NR4;Q9EQM7	Neuroactive ligand-receptor interaction
Q9WTZ2;Q6PG67	Protein processing in endoplasmic reticulum
P41149	Neuroactive ligand-receptor interaction
P33033	Neuroactive ligand-receptor interaction
Q8CHX6;A2AC85	Protein processing in endoplasmic reticulum
Q91V01;B1B362;O35131;Q8BNH6	Glycerophospholipid metabolism
Q9D1I5	Valine, leucine and isoleucine degradation;Glyoxylate and dicarboxylate metabolism;Propanoate metabolism;Carbon fixation pathways in prokaryotes
Q99MR8;Q3TGU0;Q9D8R2	Valine, leucine and isoleucine degradation
O55236	mRNA surveillance pathway
Q9D0L8;Q3V3U9;Q6ZQC6;Q9D5F1	mRNA surveillance pathway
Q3ULD5;Q3UPS6	Valine, leucine and isoleucine degradation
Q8JZL2;Q3UY93;Q8K3M8	Neuroactive ligand-receptor interaction
P49717;O89056	DNA replication;Cell cycle;Cell cycle - yeast;Meiosis - yeast
Q61881	DNA replication;Cell cycle;Cell cycle - yeast;Meiosis - yeast
P25206;Q61492	DNA replication;Cell cycle;Cell cycle - yeast;Meiosis - yeast
Q99J21	Lysosome
P97311;Q80YQ7	DNA replication;Cell cycle;Cell cycle - yeast;Meiosis - yeast
P97310;O08971;O89057;Q8C2R0	DNA replication;Cell cycle;Cell cycle - yeast;Meiosis - yeast
P49718;Q52KC3	DNA replication;Cell cycle;Cell cycle - yeast;Meiosis - yeast
O88174;Q9R0R9	Complement and coagulation cascades;Measles
Q9Z1B5;Q9JI53	Cell cycle;Cell cycle - yeast;Meiosis - yeast;Oocyte meiosis;Progesterone-mediated oocyte maturation
Q9WTX8;Q9WTX9	Cell cycle;Progesterone-mediated oocyte maturation
Q9D752;Q3TMY6;Q91VP1	Cell cycle;Oocyte meiosis;Progesterone-mediated oocyte maturation;Bacterial invasion of epithelial cells;Shigellosis
P14152;Q3TP22;Q80Y13;Q9DB45	Citrate cycle (TCA cycle);Pyruvate metabolism;Glyoxylate and dicarboxylate metabolism;Carbon fixation in photosynthetic organisms;Proximal tubule bicarbonate reclamation
P08249;Q0QF44;Q8CF79;Q8R1P0	Citrate cycle (TCA cycle);Pyruvate metabolism;Glyoxylate and dicarboxylate metabolism;Carbon fixation in photosynthetic organisms
O35618;Q9CYG1	p53 signaling pathway
P23804;Q61040;Q64330;Q91XK7	Cell cycle;p53 signaling pathway;Ubiquitin mediated proteolysis;Endocytosis;Pathways in cancer;Glioma;Prostate cancer;Melanoma;Bladder cancer;Chronic myeloid leukemia
P21447;Q5I1Y5	ABC transporters;Bile secretion
P06795	ABC transporters;Bile secretion
P21440;B9EK77;Q6LCL9	ABC transporters;Bile secretion
P14404;G3UWT0;Q9Z1L8	MAPK signaling pathway;Pathways in cancer;Chronic myeloid leukemia
Q9DCS3;Q99L39	Fatty acid elongation in mitochondria
Q9JJ26;E9QN30	NOD-like receptor signaling pathway
Q8CFN5;Q8R0H1;Q9D7L0;Q9QW20	MAPK signaling pathway
Q61847;Q059K0	Protein digestion and absorption
P28825;B0V2P9;Q91WH9	Protein digestion and absorption
Q91X83	Cysteine and methionine metabolism
A6H5Y3;Q3UQP2	Cysteine and methionine metabolism;Selenocompound metabolism;One carbon pool by folate
Q3THS6;Q3TL60;Q76LX3	Cysteine and methionine metabolism
Q8BMK1;Q3U5T7;Q5EBH8;Q8BXC2	Histidine metabolism;Tyrosine metabolism;Polycyclic aromatic hydrocarbon degradation
Q8BVH9;Q9D9M6;Q9DAX6	Histidine metabolism;Tyrosine metabolism;Polycyclic aromatic hydrocarbon degradation
O09008	Other types of O-glycan biosynthesis;Notch signaling pathway
Q8BH31;Q91VS1;Q9CZ06	Lysosome
P27808	N-Glycan biosynthesis;Various types of N-glycan biosynthesis
Q9CQL1;Q78Y23	RNA transport;mRNA surveillance pathway;Spliceosome
O35678;Q3V2R0;Q9D9G8	Glycerolipid metabolism
Q921V5;Q3U6X4;Q8C3Z6	N-Glycan biosynthesis;Various types of N-glycan biosynthesis
P61327;A2A8E0;O35169;P50606	RNA transport;mRNA surveillance pathway;Spliceosome
Q9D074;Q3U5V9;Q3UDA1;Q6ZQ97;Q8BZM9	Ubiquitin mediated proteolysis
Q812G0;Q3TQT1;Q80UI0	N-Glycan biosynthesis;Various types of N-glycan biosynthesis
Q91VS7;Q9CQ57;Q9R191	Glutathione metabolism;Metabolism of xenobiotics by cytochrome P450;Drug metabolism - cytochrome P450
Q8R4G6	N-Glycan biosynthesis
Q765H6;Q8C7T8	N-Glycan biosynthesis;Other types of O-glycan biosynthesis
Q812F8;Q3U2D9;Q812F9;Q8R0L4	N-Glycan biosynthesis;Various types of N-glycan biosynthesis
A2RST1	Glutathione metabolism;Metabolism of xenobiotics by cytochrome P450;Drug metabolism - cytochrome P450
Q9D306;Q9D2X2	N-Glycan biosynthesis;Various types of N-glycan biosynthesis
Q9CPU4;Q3UXC5;Q9D834	Glutathione metabolism;Metabolism of xenobiotics by cytochrome P450;Drug metabolism - cytochrome P450
Q9D4R2;E2F697;E9QM08	N-Glycan biosynthesis;Various types of N-glycan biosynthesis
P34884	Tyrosine metabolism;Phenylalanine metabolism
Q9QXN5;Q5S8D0;Q91WQ8	Ascorbate and aldarate metabolism;Inositol phosphate metabolism
P27106;A7E2R1;Q5EC55	Cytokine-cytokine receptor interaction;TGF-beta signaling pathway
Q9Z2L6;Q3UA76;Q8VDR0;Q9JJD5	Inositol phosphate metabolism
Q08874;A0A0N4SVJ5;O08885;O88203;Q08843;Q3U2D2;Q60781;Q60782;Q9JIJ0;Q9JIJ1;Q9JIJ2;Q9JIJ3;Q9JIJ4;Q9JIJ5;Q9JIJ6;Q9JKX9	Osteoclast differentiation;Melanogenesis;Pathways in cancer;Melanoma
Q9WVS8;Q3U2N7;Q3UG52;Q497T0;Q5NCN6;Q5NCN7;Q5NCN9;Q6QLU8;Q9R1D9;Q9WVF3;Q9WVF4	MAPK signaling pathway;MAPK signaling pathway - yeast;Gap junction;Neurotrophin signaling pathway;GnRH signaling pathway
O08911;Q9D0M4	MAPK signaling pathway;MAPK signaling pathway - yeast;VEGF signaling pathway;Osteoclast differentiation;Toll-like receptor signaling pathway;NOD-like receptor signaling pathway;RIG-I-like receptor signaling pathway;T cell receptor signaling pathway;Fc epsilon RI signaling pathway;Leukocyte transendothelial migration;Neurotrophin signaling pathway;GnRH signaling pathway;Progesterone-mediated oocyte maturation;Amyotrophic lateral sclerosis (ALS);Epithelial cell signaling in Helicobacter pylori infection;Shigellosis;Leishmaniasis;Chagas disease (American trypanosomiasis);Toxoplasmosis;ko05152;Hepatitis C
Q9Z1B7;Q99M57	MAPK signaling pathway;MAPK signaling pathway - yeast;VEGF signaling pathway;Osteoclast differentiation;Toll-like receptor signaling pathway;NOD-like receptor signaling pathway;RIG-I-like receptor signaling pathway;T cell receptor signaling pathway;Fc epsilon RI signaling pathway;Leukocyte transendothelial migration;Neurotrophin signaling pathway;GnRH signaling pathway;Progesterone-mediated oocyte maturation;Amyotrophic lateral sclerosis (ALS);Epithelial cell signaling in Helicobacter pylori infection;Shigellosis;Leishmaniasis;Chagas disease (American trypanosomiasis);Toxoplasmosis;ko05152;Hepatitis C
Q91Y86	MAPK signaling pathway;ErbB signaling pathway;Protein processing in endoplasmic reticulum;Wnt signaling pathway;Osteoclast differentiation;Focal adhesion;Toll-like receptor signaling pathway;NOD-like receptor signaling pathway;RIG-I-like receptor signaling pathway;Fc epsilon RI signaling pathway;Neurotrophin signaling pathway;Insulin signaling pathway;GnRH signaling pathway;Progesterone-mediated oocyte maturation;Adipocytokine signaling pathway;Type II diabetes mellitus;Epithelial cell signaling in Helicobacter pylori infection;Shigellosis;Chagas disease (American trypanosomiasis);Toxoplasmosis;ko05152;Hepatitis C;Pathways in cancer;Colorectal cancer;Pancreatic cancer
Q9CXJ4;Q8C695;Q8C7W4	ABC transporters
P63085;P27703;Q3V1U6	MAPK signaling pathway;ErbB signaling pathway;MAPK signaling pathway - fly;Chemokine signaling pathway;Oocyte meiosis;mTOR signaling pathway;Vascular smooth muscle contraction;Dorso-ventral axis formation;TGF-beta signaling pathway;Axon guidance;VEGF signaling pathway;Osteoclast differentiation;Focal adhesion;Adherens junction;Gap junction;Toll-like receptor signaling pathway;NOD-like receptor signaling pathway;Natural killer cell mediated cytotoxicity;T cell receptor signaling pathway;B cell receptor signaling pathway;Fc epsilon RI signaling pathway;Fc gamma R-mediated phagocytosis;Long-term potentiation;Neurotrophin signaling pathway;Long-term depression;Regulation of actin cytoskeleton;Insulin signaling pathway;GnRH signaling pathway;Progesterone-mediated oocyte maturation;Melanogenesis;Type II diabetes mellitus;Aldosterone-regulated sodium reabsorption;Alzheimer's disease;Prion diseases;Shigellosis;Leishmaniasis;Chagas disease (American trypanosomiasis);Toxoplasmosis;ko05152;Hepatitis C;Pathways in cancer;Colorectal cancer;Renal cell carcinoma;Pancreatic cancer;Endometrial cancer;Glioma;Prostate cancer;Thyroid cancer;Melanoma;Bladder cancer;Chronic myeloid leukemia;Acute myeloid leukemia;Non-small cell lung cancer
O08605	MAPK signaling pathway;Insulin signaling pathway
Q8CDB0;O08606;Q75PY0;Q9D893	MAPK signaling pathway;Insulin signaling pathway
Q9WTU6;Q5NCK9;Q5NCL5;Q8C097;Q8VDD2;Q9WTU4;Q9WTU5	MAPK signaling pathway;ErbB signaling pathway;Protein processing in endoplasmic reticulum;Wnt signaling pathway;Osteoclast differentiation;Focal adhesion;Toll-like receptor signaling pathway;NOD-like receptor signaling pathway;RIG-I-like receptor signaling pathway;Fc epsilon RI signaling pathway;Neurotrophin signaling pathway;Insulin signaling pathway;GnRH signaling pathway;Progesterone-mediated oocyte maturation;Adipocytokine signaling pathway;Type II diabetes mellitus;Epithelial cell signaling in Helicobacter pylori infection;Shigellosis;Chagas disease (American trypanosomiasis);Toxoplasmosis;ko05152;Hepatitis C;Pathways in cancer;Colorectal cancer;Pancreatic cancer
Q3THE2;Q3TVH2;Q9CQL8	Focal adhesion;Tight junction;Leukocyte transendothelial migration;Regulation of actin cytoskeleton
Q63844;Q61531;Q8K0X5;Q91YW5	MAPK signaling pathway;ErbB signaling pathway;MAPK signaling pathway - fly;Chemokine signaling pathway;Oocyte meiosis;mTOR signaling pathway;Vascular smooth muscle contraction;Dorso-ventral axis formation;TGF-beta signaling pathway;Axon guidance;VEGF signaling pathway;Osteoclast differentiation;Focal adhesion;Adherens junction;Gap junction;Toll-like receptor signaling pathway;NOD-like receptor signaling pathway;Natural killer cell mediated cytotoxicity;T cell receptor signaling pathway;B cell receptor signaling pathway;Fc epsilon RI signaling pathway;Fc gamma R-mediated phagocytosis;Long-term potentiation;Neurotrophin signaling pathway;Long-term depression;Regulation of actin cytoskeleton;Insulin signaling pathway;GnRH signaling pathway;Progesterone-mediated oocyte maturation;Melanogenesis;Type II diabetes mellitus;Aldosterone-regulated sodium reabsorption;Alzheimer's disease;Prion diseases;Shigellosis;Leishmaniasis;Chagas disease (American trypanosomiasis);Toxoplasmosis;ko05152;Hepatitis C;Pathways in cancer;Colorectal cancer;Renal cell carcinoma;Pancreatic cancer;Endometrial cancer;Glioma;Prostate cancer;Thyroid cancer;Melanoma;Bladder cancer;Chronic myeloid leukemia;Acute myeloid leukemia;Non-small cell lung cancer
P47811;B2KF37;B2KF38;O08666;Q3U6R5;Q3UZS3;Q8C289;Q9JLV8;Q9QZ80	MAPK signaling pathway;MAPK signaling pathway - yeast;VEGF signaling pathway;Osteoclast differentiation;Toll-like receptor signaling pathway;NOD-like receptor signaling pathway;RIG-I-like receptor signaling pathway;T cell receptor signaling pathway;Fc epsilon RI signaling pathway;Leukocyte transendothelial migration;Neurotrophin signaling pathway;GnRH signaling pathway;Progesterone-mediated oocyte maturation;Amyotrophic lateral sclerosis (ALS);Epithelial cell signaling in Helicobacter pylori infection;Shigellosis;Leishmaniasis;Chagas disease (American trypanosomiasis);Toxoplasmosis;ko05152;Hepatitis C
Q61831;Q9R0U6	MAPK signaling pathway;ErbB signaling pathway;Protein processing in endoplasmic reticulum;Wnt signaling pathway;Osteoclast differentiation;Focal adhesion;Toll-like receptor signaling pathway;NOD-like receptor signaling pathway;RIG-I-like receptor signaling pathway;Fc epsilon RI signaling pathway;Neurotrophin signaling pathway;Insulin signaling pathway;GnRH signaling pathway;Progesterone-mediated oocyte maturation;Adipocytokine signaling pathway;Type II diabetes mellitus;Epithelial cell signaling in Helicobacter pylori infection;Shigellosis;Chagas disease (American trypanosomiasis);Toxoplasmosis;ko05152;Hepatitis C;Pathways in cancer;Colorectal cancer;Pancreatic cancer
Q6P5G0	MAPK signaling pathway
Q61532;Q497T9;Q6YKB0;Q7TT30;Q80XH5;Q922U4;Q9JLU6	MAPK signaling pathway
Q9WUI1;Q569F1	MAPK signaling pathway;MAPK signaling pathway - yeast;VEGF signaling pathway;Osteoclast differentiation;Toll-like receptor signaling pathway;NOD-like receptor signaling pathway;RIG-I-like receptor signaling pathway;T cell receptor signaling pathway;Fc epsilon RI signaling pathway;Leukocyte transendothelial migration;Neurotrophin signaling pathway;GnRH signaling pathway;Progesterone-mediated oocyte maturation;Amyotrophic lateral sclerosis (ALS);Epithelial cell signaling in Helicobacter pylori infection;Shigellosis;Leishmaniasis;Chagas disease (American trypanosomiasis);Toxoplasmosis;ko05152;Hepatitis C
Q9QVP4;Q63977;Q9JIE8	Focal adhesion;Tight junction;Leukocyte transendothelial migration;Regulation of actin cytoskeleton
Q9JK91;Q3TG77;Q62454	Mismatch repair;Pathways in cancer;Colorectal cancer;Endometrial cancer
P51667;Q6P8P4;Q9QVP3	Cardiac muscle contraction;Focal adhesion;Tight junction;Leukocyte transendothelial migration;Regulation of actin cytoskeleton;Hypertrophic cardiomyopathy (HCM);Dilated cardiomyopathy
Q9D273;Q3UFL6;Q8CBZ0;Q8VBZ4	Porphyrin and chlorophyll metabolism
Q9CZD0;Q9D8S7	Vitamin digestion and absorption
Q9EPL5;Q149J4	PPAR signaling pathway;Pathways in cancer;Bladder cancer;Rheumatoid arthritis
P41245;Q06788;Q80XI8;Q9DC02	Leukocyte transendothelial migration;Pathways in cancer;Bladder cancer
P33434	Leukocyte transendothelial migration;GnRH signaling pathway;Pathways in cancer;Bladder cancer
Q9EQ20;Q3TDA2;Q8CIB4	Valine, leucine and isoleucine degradation;Inositol phosphate metabolism;Propanoate metabolism
P53690;O08645;O35369;Q8BTX2	GnRH signaling pathway
P28862	Rheumatoid arthritis
Q8BPB0	Cell cycle - yeast
Q921Y0;Q3TJA6;Q8C194;Q8C1C7	Cell cycle - yeast
A2BDX3	Sulfur relay system
Q5RKZ7;B2RVW8;B7ZWI5;Q8R058;Q9JL32;Q9JL33	Folate biosynthesis;Sulfur relay system
Q9Z223;Q8C5E5;Q8R1M7;Q9DCK1	Folate biosynthesis;Sulfur relay system
Q80UN9;B1ARS6;Q9D1H5	Zeatin biosynthesis
Q80UM7;Q9Z2W5	N-Glycan biosynthesis;Protein processing in endoplasmic reticulum
P26041;B1AX70;Q3UL28;Q8BSN4	Leukocyte transendothelial migration;Regulation of actin cytoskeleton;Measles
Q80W94	Fat digestion and absorption
P00536;E9PV67;F6UHW1;Q61886;Q61887;Q78EH5	MAPK signaling pathway;Oocyte meiosis;Regulation of actin cytoskeleton;Progesterone-mediated oocyte maturation
Q99MS3;Q3UWD2;Q8CI14	Peroxisome
Q3U9N9;Q3TNJ1;Q3UAN9;Q8BWR7	Protein digestion and absorption
P47809	MAPK signaling pathway;ErbB signaling pathway;Toll-like receptor signaling pathway;Fc epsilon RI signaling pathway;GnRH signaling pathway;Epithelial cell signaling in Helicobacter pylori infection;Chagas disease (American trypanosomiasis)
P31938	MAPK signaling pathway;ErbB signaling pathway;MAPK signaling pathway - fly;Chemokine signaling pathway;Oocyte meiosis;Vascular smooth muscle contraction;Dorso-ventral axis formation;VEGF signaling pathway;Osteoclast differentiation;Focal adhesion;Gap junction;Toll-like receptor signaling pathway;Plant-pathogen interaction;Natural killer cell mediated cytotoxicity;T cell receptor signaling pathway;B cell receptor signaling pathway;Fc epsilon RI signaling pathway;Fc gamma R-mediated phagocytosis;Long-term potentiation;Neurotrophin signaling pathway;Long-term depression;Regulation of actin cytoskeleton;Insulin signaling pathway;GnRH signaling pathway;Progesterone-mediated oocyte maturation;Melanogenesis;Prion diseases;Pathways in cancer;Colorectal cancer;Renal cell carcinoma;Pancreatic cancer;Endometrial cancer;Glioma;Prostate cancer;Thyroid cancer;Melanoma;Bladder cancer;Chronic myeloid leukemia;Acute myeloid leukemia;Non-small cell lung cancer
Q9WVS7;Q8CFM3;Q8K360;Q9D222	MAPK signaling pathway;Gap junction;Neurotrophin signaling pathway
P70236	MAPK signaling pathway;Osteoclast differentiation;Toll-like receptor signaling pathway;Fc epsilon RI signaling pathway;GnRH signaling pathway;Amyotrophic lateral sclerosis (ALS);Toxoplasmosis
Q63932;Q9D7B0	MAPK signaling pathway;ErbB signaling pathway;Vascular smooth muscle contraction;VEGF signaling pathway;Gap junction;Toll-like receptor signaling pathway;Natural killer cell mediated cytotoxicity;T cell receptor signaling pathway;B cell receptor signaling pathway;Fc epsilon RI signaling pathway;Long-term potentiation;Neurotrophin signaling pathway;Long-term depression;Regulation of actin cytoskeleton;Insulin signaling pathway;GnRH signaling pathway;Melanogenesis;Prion diseases;Pathways in cancer;Renal cell carcinoma;Endometrial cancer;Glioma;Prostate cancer;Thyroid cancer;Melanoma;Bladder cancer;Chronic myeloid leukemia;Acute myeloid leukemia;Non-small cell lung cancer
Q8CE90;O35406;O35720;O35871;O35872;O54780;O70242;O70243;Q8BSP1;Q9QWG6;Q9R1Z3;Q9R1Z4;Q9R1Z5;Q9R1Z6	MAPK signaling pathway;ErbB signaling pathway;Protein processing in endoplasmic reticulum;Osteoclast differentiation;Toll-like receptor signaling pathway;T cell receptor signaling pathway;Fc epsilon RI signaling pathway;Neurotrophin signaling pathway;GnRH signaling pathway
O09110;P97293;Q91VX1	MAPK signaling pathway;Toll-like receptor signaling pathway;Fc epsilon RI signaling pathway;GnRH signaling pathway;Amyotrophic lateral sclerosis (ALS);Toxoplasmosis
Q8VBX6;B7ZNA1;O08783;Q6P7U4;Q80ZY8;Q8BKJ1;Q8C0H8;Q8VBV5;Q8VBY0;Q9Z1K3	Tight junction
Q9D1Q1	RNA degradation
P30306;Q99LP3	MAPK signaling pathway;Cell cycle;Progesterone-mediated oocyte maturation
P48967;Q99KG6	Cell cycle;Oocyte meiosis;Progesterone-mediated oocyte maturation
Q924M7	Fructose and mannose metabolism;Amino sugar and nucleotide sugar metabolism
P48964;E9PVD0	Cell cycle;Progesterone-mediated oocyte maturation
Q810V0;E9QM78	Ribosome biogenesis in eukaryotes
P24668	Lysosome;Phagosome
Q07113;Q61822;Q6LED1	Lysosome
P19258	Peroxisome
Q3TEW6;Q2VW02;Q6GQX5	Cell adhesion molecules (CAMs)
Q61216;Q62430	Homologous recombination;Non-homologous end-joining
Q61830;Q8C502	Phagosome;ko05152
Q64449;A2AAB0;Q6ZQ64;Q8C6P0	Phagosome;ko05152
E9Q236;A0A1C9IC75;B7ZWC5;Q3TZN9	ABC transporters;Bile secretion
P28667;Q3TEZ4;Q91W07	Fc gamma R-mediated phagocytosis;Leishmaniasis
O35379	ABC transporters;Vitamin digestion and absorption
Q9R1X5;O88284;Q5CZY2	ABC transporters
Q8VI47;Q8VI46	ABC transporters;Bile secretion
Q9R1S7;A2TAJ0;A2TAJ1;F8VPT2;Q80YB6	ABC transporters
B2RX12;J3QML2;Q3U1W8;Q56PH0;Q59DK9;Q59DL0;Q5SUF4;Q80ZK8	ABC transporters;Bile secretion
Q8R4P9;Q3TCQ0;Q3V0D1;Q8R4S1	ABC transporters
Q80WJ6;B2RRF4;Q80WJ2;Q80WJ3;Q8C0P3	ABC transporters
P13705	Mismatch repair;Pathways in cancer;Colorectal cancer
P54276;O54710;Q6GTK8	Mismatch repair;Pathways in cancer;Colorectal cancer
P43247	Mismatch repair;Pathways in cancer;Colorectal cancer
Q61474;Q8BNC7	mRNA surveillance pathway
Q01727;Q75NA3	Neuroactive ligand-receptor interaction;Melanogenesis
Q920Q6;Q8BQ90;Q920Q7	mRNA surveillance pathway
Q9CRA4;Q543V8	Steroid biosynthesis
P30204;E9QNQ5;Q923G0;Q9QZ56	Phagosome
P02802;Q64485	Mineral absorption
P02798	Mineral absorption
Q9CQ65;Q3TJS4	Cysteine and methionine metabolism
P18155;Q3TMN4	One carbon pool by folate
D3YZG8	One carbon pool by folate
Q61909	Pathways in cancer;Acute myeloid leukemia
Q9D110;B2KF82	One carbon pool by folate
Q9WU20;Q8CDE4	One carbon pool by folate;Methane metabolism;Carbon fixation pathways in prokaryotes
Q9Z2C4	Fructose and mannose metabolism
Q8VE11;L8AZD2	Fructose and mannose metabolism
Q9Z2C9;Q8C4J6	Fructose and mannose metabolism
Q9Z2D1;B8JJF4;Q8VHA7	Fructose and mannose metabolism
Q9CQT1;Q8BXF6	Cysteine and methionine metabolism
Q9WVQ5;Q8BP46	Cysteine and methionine metabolism
Q99JT9	Cysteine and methionine metabolism
O88495;Q3V1S8	Neuroactive ligand-receptor interaction
Q9JLN9;Q2KHT0;Q811J5;Q9CST1	ErbB signaling pathway;mTOR signaling pathway;Insulin signaling pathway;Adipocytokine signaling pathway;Type II diabetes mellitus;Pathways in cancer;Glioma;Prostate cancer;Acute myeloid leukemia
Q61184	Neuroactive ligand-receptor interaction
O08601;B2CXA7;Q3UJA0;Q91X33	Fat digestion and absorption
Q9CZU3	RNA degradation
Q9DAT5	Sulfur relay system
Q9R0L9;Q3UM47;Q9Z317	Lysosome
Q91ZJ0;Q8R356	Homologous recombination
P16332;Q3UJU1	Valine, leucine and isoleucine degradation;Glyoxylate and dicarboxylate metabolism;Propanoate metabolism;Carbon fixation pathways in prokaryotes
Q99JF5;Q3TCD8;Q8BTM4;Q922D7	Terpenoid backbone biosynthesis
Q99P21;A2AGE3	Base excision repair
Q9WVP9;Q922L4	Measles
P22366;O35916	Apoptosis;Toll-like receptor signaling pathway;Leishmaniasis;Chagas disease (American trypanosomiasis);African trypanosomiasis;Malaria;Toxoplasmosis;ko05152;Measles
Q5SX39;B9EJ73	Tight junction;Viral myocarditis
P01108;A0A087WSQ0;B2RSN1;F6PX41;F8WID3;P70247;Q3UM70;Q61422	MAPK signaling pathway;ErbB signaling pathway;Cell cycle;Wnt signaling pathway;TGF-beta signaling pathway;Jak-STAT signaling pathway;Pathways in cancer;Colorectal cancer;Endometrial cancer;Thyroid cancer;Bladder cancer;Chronic myeloid leukemia;Acute myeloid leukemia;Small cell lung cancer
Q61879;Q5SV63	Tight junction;Viral myocarditis
P13542;Q5SX36	Tight junction;Viral myocarditis
Q5SX40;Q32P18	Tight junction;Viral myocarditis
Q8VCR8;A2APB9	Calcium signaling pathway;Vascular smooth muscle contraction;Focal adhesion;Regulation of actin cytoskeleton;Gastric acid secretion
Q02566;Q64258;Q64738	Tight junction;Viral myocarditis
Q60605	Vascular smooth muscle contraction
A2AQP0	Tight junction;Viral myocarditis
Q3UIZ8;B0LY41;Q3V3V0;Q8BWD1	Calcium signaling pathway;Vascular smooth muscle contraction;Focal adhesion;Regulation of actin cytoskeleton;Gastric acid secretion
P09542;Q3UIF4;Q9CQZ2	Cardiac muscle contraction;Hypertrophic cardiomyopathy (HCM);Dilated cardiomyopathy
P13541;Q3V183;Q5SUD4	Tight junction;Viral myocarditis
Q9CQ19;Q3TW15;Q80X77	Vascular smooth muscle contraction;Focal adhesion;Tight junction;Leukocyte transendothelial migration;Regulation of actin cytoskeleton
Q8VDD5;Q3UHT9;Q3UHU4;Q6KAN6;Q811I2	Tight junction;Viral myocarditis
Q6URW6;B3F3T1;Q80V64;Q80ZE6	Tight junction;Viral myocarditis
F8VQB6;Q8R3S0;Q9JJY5	Fc gamma R-mediated phagocytosis
Q8CI43	Vascular smooth muscle contraction
Q62082;Q62080	Focal adhesion;Tight junction;Leukocyte transendothelial migration;Regulation of actin cytoskeleton
Q1EG27;A2AR19;Q1EG26	Phototransduction - fly
P97457	Focal adhesion;Tight junction;Leukocyte transendothelial migration;Regulation of actin cytoskeleton
Q91Z83;Q3TGM2;Q3TZN2	Tight junction;Viral myocarditis
P27573;Q542C9	Cell adhesion molecules (CAMs)
Q9DBR7;Q05A74;Q8CBV2;Q99NB6	Vascular smooth muscle contraction;Focal adhesion;Long-term potentiation;Regulation of actin cytoskeleton
Q8K596;Q68EG0;Q8R504	Calcium signaling pathway;Protein digestion and absorption
P70414	Calcium signaling pathway;Protein digestion and absorption
S4R2P9;Q7TS90;Q8VHJ8	Calcium signaling pathway;Protein digestion and absorption
Q91X91	Nicotinate and nicotinamide metabolism
Q711T7;Q711P6;Q8CFY6;Q9D280	Nicotinate and nicotinamide metabolism
P58058;Q3TCP7	Nicotinate and nicotinamide metabolism
Q9QWR8;O88620;Q8R437;Q8VDK2	Glycosphingolipid biosynthesis - globo series;Lysosome
Q8JZV7;Q8BK10	Amino sugar and nucleotide sugar metabolism
Q9QZ08	Amino sugar and nucleotide sugar metabolism
Q8BJ48;Q3UUT5;Q8CHQ8;Q9QZE6	Lysosome
Q8R4H7;B1AQG2;Q8C6G6;Q8CI77;Q8K1R8	Arginine and proline metabolism
Q99KQ4;Q8C3B5;Q9JKM0	Nicotinate and nicotinamide metabolism
Q9CPT3	Amino sugar and nucleotide sugar metabolism
O09043	Lysosome
Q9DB73;Q91W81	Amino sugar and nucleotide sugar metabolism
Q9DCN2	Amino sugar and nucleotide sugar metabolism
Q8K224;Q3UE04;Q6ZPJ7;Q80VD3;Q8BW78	Ribosome biogenesis in eukaryotes
Q3KNK3;Q3UGG1;Q8BUG7	Amino sugar and nucleotide sugar metabolism
Q9R207;O88981;Q3UY57;Q811I6;Q8CCY0;Q9R1X1	Homologous recombination
P13595;P13594;Q61949;Q61950;Q6LBU8;Q8BQ96;Q8C4B2;Q921P2;Q9R2A7	Cell adhesion molecules (CAMs);Prion diseases
O35136;O35962;Q0VF23	Cell adhesion molecules (CAMs);Prion diseases
Q9CQ49;Q0VF93;Q3UI86	RNA transport;mRNA surveillance pathway;Spliceosome
Q91WD8	Phototransduction
Q3UYV9;B1AWH4;Q3TEM1;Q7TNE8	RNA transport;mRNA surveillance pathway;Spliceosome
Q99M51;O55032;Q9Z279	ErbB signaling pathway;T cell receptor signaling pathway;Pathogenic Escherichia coli infection
O55033	ErbB signaling pathway;T cell receptor signaling pathway;Pathogenic Escherichia coli infection
Q09014;O70144;Q3UE58;Q9JI34	Chemokine signaling pathway;Phagosome;Osteoclast differentiation;Fc gamma R-mediated phagocytosis;Leukocyte transendothelial migration;Leishmaniasis
Q8BLF1;Q69ZL0;Q8BZK3	Bile secretion
O70145;Q3TC92;Q3U5S4	Phagosome;Osteoclast differentiation;Leukocyte transendothelial migration;Leishmaniasis
P28660;Q3UPY6;Q80TX0;Q8CG49;Q99KY0	Regulation of actin cytoskeleton
P97369;Q3TBC6	Phagosome;Osteoclast differentiation;Leukocyte transendothelial migration;Leishmaniasis
Q8K1X4	Regulation of actin cytoskeleton
Q9WU42;E9Q9V0;Q9WU43;Q9WUC1	Notch signaling pathway
Q8C567;Q1RLN4;Q80UY6;Q9Z0Q4	Natural killer cell mediated cytotoxicity
Q8VCB1	RNA transport
Q60867;Q545N9;Q60897	Maturity onset diabetes of the young
Q9WV84	Purine metabolism;Pyrimidine metabolism
Q9WV85;Q9D931;Q9EPA2	Purine metabolism;Pyrimidine metabolism
Q01768	Purine metabolism;Pyrimidine metabolism
Q99MH5;Q810R1	Purine metabolism;Pyrimidine metabolism
P15532	Purine metabolism;Pyrimidine metabolism
O88425;Q99M53	Purine metabolism;Pyrimidine metabolism
Q3UHN9;O70353;Q3TBX3;Q3TDS3;Q8BZE5;Q9R206	Glycosaminoglycan biosynthesis - heparan sulfate
O35683	Oxidative phosphorylation;Alzheimer's disease;Parkinson's disease;Huntington's disease
Q62425;Q9CQP6	Oxidative phosphorylation;Alzheimer's disease;Parkinson's disease;Huntington's disease
P52850;Q3UDF4;Q549P5	Glycosaminoglycan biosynthesis - heparan sulfate
Q9DCJ5;A2AL45	Oxidative phosphorylation;Alzheimer's disease;Parkinson's disease;Huntington's disease
Q7TMF3;Q3TIA0	Oxidative phosphorylation;Alzheimer's disease;Parkinson's disease;Huntington's disease
Q9CQ75;Q9WUB2	Oxidative phosphorylation;Alzheimer's disease;Parkinson's disease;Huntington's disease
Q99LC3;Q3UKK0;Q8BL57;Q9CW21	Oxidative phosphorylation;Alzheimer's disease;Parkinson's disease;Huntington's disease
Q9EQH7;Q6AXE0;Q9D557	Glycosaminoglycan biosynthesis - heparan sulfate
Q9CQZ5	Oxidative phosphorylation;Alzheimer's disease;Parkinson's disease;Huntington's disease
Q9EQW8;D3Z1R7	Glycosaminoglycan biosynthesis - heparan sulfate
Q9CQ91;Q0VBA7	Oxidative phosphorylation;Alzheimer's disease;Parkinson's disease;Huntington's disease
Q9CPP6;Q9CY90;Q9D2P2;Q9D703;Q9D739	Oxidative phosphorylation;Alzheimer's disease;Parkinson's disease;Huntington's disease
Q9Z1P6	Oxidative phosphorylation;Alzheimer's disease;Parkinson's disease;Huntington's disease
Q9DC69;Q6GTD3;Q99JP9	Oxidative phosphorylation;Alzheimer's disease;Parkinson's disease;Huntington's disease
Q9CQC7	Oxidative phosphorylation;Alzheimer's disease;Parkinson's disease;Huntington's disease
Q9ERS2;Q9DC98;Q9DCA1	Oxidative phosphorylation;Alzheimer's disease;Parkinson's disease;Huntington's disease
Q9CQJ8	Oxidative phosphorylation;Alzheimer's disease;Parkinson's disease;Huntington's disease
Q9CPU2	Oxidative phosphorylation;Alzheimer's disease;Parkinson's disease;Huntington's disease
Q9CQY9;Q58DY9	Oxidative phosphorylation;Alzheimer's disease;Parkinson's disease;Huntington's disease
Q9CR61	Oxidative phosphorylation;Alzheimer's disease;Parkinson's disease;Huntington's disease
Q9CQH3	Oxidative phosphorylation;Alzheimer's disease;Parkinson's disease;Huntington's disease
Q9CQZ6;Q3UUR9	Oxidative phosphorylation;Alzheimer's disease;Parkinson's disease;Huntington's disease
Q9DCS9;Q3UAE3	Oxidative phosphorylation;Alzheimer's disease;Parkinson's disease;Huntington's disease
Q9CQ54;Q3TLB2	Oxidative phosphorylation;Alzheimer's disease;Parkinson's disease;Huntington's disease
Q9D6J5;Q9D6M7	Oxidative phosphorylation;Alzheimer's disease;Parkinson's disease;Huntington's disease
Q91WD5;Q3TNA8;Q3U5Y9;Q3UJX7;Q99L23	Oxidative phosphorylation;Alzheimer's disease;Parkinson's disease;Huntington's disease
Q3UIU2	Oxidative phosphorylation;Alzheimer's disease;Parkinson's disease;Huntington's disease
Q99LY9;Q3U734	Oxidative phosphorylation;Alzheimer's disease;Parkinson's disease;Huntington's disease
Q91VD9;Q3UQ73;Q8BM16	Oxidative phosphorylation;Alzheimer's disease;Parkinson's disease;Huntington's disease
O09111	Oxidative phosphorylation;Alzheimer's disease;Parkinson's disease;Huntington's disease
Q9DC70	Oxidative phosphorylation;Alzheimer's disease;Parkinson's disease;Huntington's disease
Q9DCT2;Q8BTZ3;Q8R073	Oxidative phosphorylation;Alzheimer's disease;Parkinson's disease;Huntington's disease
Q9CXZ1;Q9WUB1	Oxidative phosphorylation;Alzheimer's disease;Parkinson's disease;Huntington's disease
P52503;Q5M9J7	Oxidative phosphorylation;Alzheimer's disease;Parkinson's disease;Huntington's disease
Q9D6J6;Q3U9L9;Q8BU07;Q8K2L0	Oxidative phosphorylation;Alzheimer's disease;Parkinson's disease;Huntington's disease
Q8R007;Q3U318;Q8CED8;Q9DBP8	Adherens junction
Q8K3J1	Oxidative phosphorylation;Alzheimer's disease;Parkinson's disease;Huntington's disease
Q8BK30	Oxidative phosphorylation;Alzheimer's disease;Parkinson's disease;Huntington's disease
Q91YT0	Oxidative phosphorylation;Alzheimer's disease;Parkinson's disease;Huntington's disease
Q9JKF6;Q6P9M9;Q9ERL5;Q9JI17	Cell adhesion molecules (CAMs);Adherens junction
Q8K203;Q4ADY6;Q8CD85;Q8R3P4	Base excision repair
P32507;Q62096	Cell adhesion molecules (CAMs);Adherens junction
Q80Z24;Q3UHQ8;Q80T70	Cell adhesion molecules (CAMs)
Q9JLB9;Q059N7;Q9D006;Q9JLB7;Q9JLB8	Cell adhesion molecules (CAMs);Adherens junction
Q8K4Q6;Q80V58;Q9CYT9	Base excision repair
Q6R2P8;G3X969	Base excision repair
P46935;O08758;Q3UZI2;Q8BGB3	Ubiquitin mediated proteolysis;Endocytosis
O35130	Ribosome biogenesis in eukaryotes
P97798	Cell adhesion molecules (CAMs)
O88522;Q924H4	MAPK signaling pathway;Chemokine signaling pathway;Apoptosis;Osteoclast differentiation;Toll-like receptor signaling pathway;NOD-like receptor signaling pathway;RIG-I-like receptor signaling pathway;Cytosolic DNA-sensing pathway;T cell receptor signaling pathway;B cell receptor signaling pathway;Adipocytokine signaling pathway;Epithelial cell signaling in Helicobacter pylori infection;Shigellosis;Chagas disease (American trypanosomiasis);Toxoplasmosis;Hepatitis C;Pathways in cancer;Pancreatic cancer;Prostate cancer;Chronic myeloid leukemia;Acute myeloid leukemia;Small cell lung cancer;Primary immunodeficiency
Q61391;Q6NXX5;Q8K251	Renin-angiotensin system;Hematopoietic cell lineage;Protein digestion and absorption;Alzheimer's disease
P35454	Neuroactive ligand-receptor interaction
Q9R1A3;Q9QY49;Q9WVA6	Axon guidance
Q99KK2;O88719;Q8C330;Q8K2G7	Amino sugar and nucleotide sugar metabolism
Q9JI33;E9QMT3	Axon guidance
Q91YP2;Q3UJP1;Q8R3F4	Renin-angiotensin system
P35455	Neuroactive ligand-receptor interaction;Vascular smooth muscle contraction;Vasopressin-regulated water reabsorption
O09118;B1ARR0;Q60832;Q9QY50	Axon guidance
O35657;O55220;Q99KG9	Other glycan degradation;Sphingolipid metabolism;Lysosome
Q9JMH3;Q99NA3	Other glycan degradation;Sphingolipid metabolism
Q9WV30;E9Q0P3;E9Q6U2;G5E8N9;Q91WY0;Q9JLA1	Wnt signaling pathway;Axon guidance;VEGF signaling pathway;Natural killer cell mediated cytotoxicity;T cell receptor signaling pathway;B cell receptor signaling pathway
Q60795;Q3UQK0	Protein processing in endoplasmic reticulum
Q9D3P9	Neuroactive ligand-receptor interaction
Q04690;Q61956;Q61957	MAPK signaling pathway
P19246;A1E2H9;Q5SVF6;Q61959	Amyotrophic lateral sclerosis (ALS)
Q9JMH7	Other glycan degradation;Sphingolipid metabolism
Q60591;A2APK2;A2APK3;A2AQC5;A2AQC6;A2AQC7;B5B2Q3;Q60984;Q60985;Q91Y65	Wnt signaling pathway;Axon guidance;VEGF signaling pathway;Natural killer cell mediated cytotoxicity;T cell receptor signaling pathway;B cell receptor signaling pathway
Q8BZL1;Q6NS66	Other glycan degradation;Sphingolipid metabolism
Q8K120;B5B2X2;Q3TXW7;Q9EP91	Wnt signaling pathway;Axon guidance;VEGF signaling pathway;Natural killer cell mediated cytotoxicity;T cell receptor signaling pathway;B cell receptor signaling pathway
Q9WTK5	MAPK signaling pathway;Osteoclast differentiation;Pathways in cancer
Q810U3	Cell adhesion molecules (CAMs)
P08551;Q8K0Z0	Amyotrophic lateral sclerosis (ALS)
Q9Z1J3;Q8C6I5	Thiamine metabolism;Sulfur relay system
P25799;B2RRQ6;Q3TZE8;Q3V2V6;Q6TDG8;Q75ZL1;Q80Y21;Q8C712	MAPK signaling pathway;Chemokine signaling pathway;Apoptosis;Osteoclast differentiation;Toll-like receptor signaling pathway;NOD-like receptor signaling pathway;RIG-I-like receptor signaling pathway;Cytosolic DNA-sensing pathway;T cell receptor signaling pathway;B cell receptor signaling pathway;Neurotrophin signaling pathway;Adipocytokine signaling pathway;Epithelial cell signaling in Helicobacter pylori infection;Shigellosis;Leishmaniasis;Chagas disease (American trypanosomiasis);Toxoplasmosis;Amoebiasis;ko05152;Hepatitis C;Measles;Pathways in cancer;Pancreatic cancer;Prostate cancer;Chronic myeloid leukemia;Acute myeloid leukemia;Small cell lung cancer
P23708	Antigen processing and presentation;ko05152
P63139;P22569;Q3UK54	Antigen processing and presentation;ko05152
P08553;A2VCT5;Q0VDM8;Q3HRJ6;Q3TNS4;Q3TPK2;Q61961;Q8BQ20	Amyotrophic lateral sclerosis (ALS)
P70353;O35088;Q6GU21	Antigen processing and presentation;ko05152
P01139;Q63864;Q6LDB7	MAPK signaling pathway;Apoptosis;Neurotrophin signaling pathway
Q8CHT1;Q8R204;Q923H2;Q9JHT9	Axon guidance
Q9JI78;Q8K113;Q9CTK3	Protein processing in endoplasmic reticulum
Q9D0T1;O08754;Q3UY64	Ribosome biogenesis in eukaryotes;Spliceosome
P70661	Maturity onset diabetes of the young
Q3KNJ2;A2RT39;Q99JK0;Q9D9U0	Non-homologous end-joining
Q9CRB2	Ribosome biogenesis in eukaryotes
Q8BR37	Ubiquitin mediated proteolysis
Q9JHL1;Q3TDR3;Q6P074;Q8BGL9;Q8BW05;Q9DCR6	Aldosterone-regulated sodium reabsorption
P57716;E9QLZ6;Q8VE20	Notch signaling pathway;Alzheimer's disease
Q6KCD5;Q6KC78;Q7TNS4;Q8BKV4;Q8CES9;Q9CUC6	Cell cycle - yeast
P30548;Q8BYR7	Calcium signaling pathway;Neuroactive ligand-receptor interaction;Measles
Q9JHW2;Q9CTG9	Alanine, aspartate and glutamate metabolism
Q99MH6;Q3TLD6;Q8K200;Q91Y46	Wnt signaling pathway
P42586	Maturity onset diabetes of the young
O54709	Natural killer cell mediated cytotoxicity;Malaria
P30549	Calcium signaling pathway;Neuroactive ligand-receptor interaction
Q8VE28;Q3TYU5;Q3UM34;Q8C4J8;Q91Y45;Q9D7U9	Wnt signaling pathway
Q99MA9;B2RQP4;Q9ERQ7	Maturity onset diabetes of the young
P47937;Q61968;Q8BL44;Q9JKN0	Calcium signaling pathway;Neuroactive ligand-receptor interaction
Q99K10	Cell adhesion molecules (CAMs)
O54949;Q5SYE6;Q6PF98	MAPK signaling pathway;Wnt signaling pathway;Adherens junction
P97436;O09087	Pathways in cancer;Prostate cancer
Q69ZK9;Q5F288	Cell adhesion molecules (CAMs)
Q3TL44;Q3UKJ1;Q80W30;Q8C249	RIG-I-like receptor signaling pathway
Q3UP24;Q3TAU8	NOD-like receptor signaling pathway
Q2LKU9;M4T3K8;M4T4C8;M4T632;M4TJP5;Q3U0B5;Q67EY4	NOD-like receptor signaling pathway
A1Z198;F6R9S5;Q2LK61;Q2LKV8	NOD-like receptor signaling pathway
Q8BYM5;A2AGI1;Q8BXR4	Cell adhesion molecules (CAMs)
Q9CR53	Neuroactive ligand-receptor interaction
Q03391;C9K0Z5	Calcium signaling pathway;Neuroactive ligand-receptor interaction;Long-term potentiation;Alzheimer's disease;Amyotrophic lateral sclerosis (ALS)
Q99L48;Q3UPR1;Q8BM61	Ribosome biogenesis in eukaryotes;RNA transport
Q8BNJ3	Nicotinate and nicotinamide metabolism
A2AIR5;A2AIR4;Q69Z52	Neuroactive ligand-receptor interaction
Q99JR6;Q58E37	Nicotinate and nicotinamide metabolism
P35438;A2AI15;A2AI18;Q8CFS4	Calcium signaling pathway;Neuroactive ligand-receptor interaction;Long-term potentiation;Alzheimer's disease;Amyotrophic lateral sclerosis (ALS);Huntington's disease
O54799	Neuroactive ligand-receptor interaction
P35436	Calcium signaling pathway;Neuroactive ligand-receptor interaction;Long-term potentiation;Alzheimer's disease;Amyotrophic lateral sclerosis (ALS);Systemic lupus erythematosus
Q91ZU9;Q8VHV0	Neuroactive ligand-receptor interaction
O55040;G5E871;Q0VB23	Neuroactive ligand-receptor interaction
Q8R4B8;Q1JQ87;Q1JQ88;Q6JEL0;T1W2H6	NOD-like receptor signaling pathway
O55239	Nicotinate and nicotinamide metabolism
Q8BZ39;Q91Z76	Neuroactive ligand-receptor interaction
Q01097;Q9DCB2	Neuroactive ligand-receptor interaction;Long-term potentiation;Alzheimer's disease;Amyotrophic lateral sclerosis (ALS);Huntington's disease;Systemic lupus erythematosus
Q9QXK8	Neuroactive ligand-receptor interaction
Q9EPA7;Q6B504	Nicotinate and nicotinamide metabolism
Q01098	Calcium signaling pathway;Neuroactive ligand-receptor interaction;Long-term potentiation;Alzheimer's disease;Amyotrophic lateral sclerosis (ALS)
Q8BW10;Q7TPR3;Q9CRD7	Ribosome biogenesis in eukaryotes
Q8BHB0;Q8BUT6	NOD-like receptor signaling pathway;Epithelial cell signaling in Helicobacter pylori infection;Shigellosis
Q99LH1;B1ASC3;Q8BIF8	Ribosome biogenesis in eukaryotes
P43021;Q8BH87	TGF-beta signaling pathway
Q8R5K4;Q3TL75;Q3U1P8;Q6PAN8;Q8C6V4;Q8R5K3;Q8VCG0;Q8WTY7	Ribosome biogenesis in eukaryotes
P97466	TGF-beta signaling pathway
Q9CQS2	Ribosome biogenesis in eukaryotes
Q6DFW4;O70396;Q3UYX9;Q3UZA3;Q8C8Y7	Ribosome biogenesis in eukaryotes
Q9D6Z1;Q3UD45;Q8BVL1;Q8VDT2;Q99LT8;Q9CT15	Ribosome biogenesis in eukaryotes
P29477;O70515;O70516;Q5SXT3;Q6P6A0;Q8R410	Arginine and proline metabolism;Calcium signaling pathway;Peroxisome;Leishmaniasis;Chagas disease (American trypanosomiasis);Toxoplasmosis;Amoebiasis;ko05152;Pathways in cancer;Small cell lung cancer
Q9Z0J4;Q3UR10;Q64208	Arginine and proline metabolism;Calcium signaling pathway;Phagosome;Long-term depression;Salivary secretion;Alzheimer's disease;Amyotrophic lateral sclerosis (ALS)
Q672J9;Q6Y4Q8	Phagosome;Osteoclast differentiation;Leukocyte transendothelial migration
Q61982	Dorso-ventral axis formation;Notch signaling pathway
P31695;A2CG28;O35442;O88314;O88316;Q62389;Q62390;Q9R1W9;Q9R1X0	Dorso-ventral axis formation;Notch signaling pathway
Q8CIZ9;A2AEK5;Q0KKX3;Q0KKX5;Q811U2	Phagosome;Osteoclast differentiation;Leukocyte transendothelial migration
P70313;O55056;Q7TSV7	Arginine and proline metabolism;Calcium signaling pathway
P49681	Neuroactive ligand-receptor interaction
P97460	Circadian rhythm - mammal
Q01705;Q06007;Q3TZW2;Q3U3Y2;Q61905;Q7TQ50;Q7TQ51;Q7TQ52;Q8K428;Q99JC2;Q9QW58;Q9R0X7	Dorso-ventral axis formation;Notch signaling pathway
O35604;G3X8W9;O35605	Lysosome
Q8K4P1	Neuroactive ligand-receptor interaction
Q9Z0J0;Q3UB23	Lysosome
O35516;G5E8J0;Q06008;Q60941	Dorso-ventral axis formation;Notch signaling pathway
Q924H0;Q8BKR6	Neuroactive ligand-receptor interaction
Q9WVA8	Neuroactive ligand-receptor interaction
Q9DCJ9	Amino sugar and nucleotide sugar metabolism
P60670;B1ATY4;B1ATY5	Protein processing in endoplasmic reticulum
Q04573;Q61993	Neuroactive ligand-receptor interaction
Q61041;Q3UN46	Neuroactive ligand-receptor interaction
P57774;Q925V2;Q9ET27	Neuroactive ligand-receptor interaction;Adipocytokine signaling pathway
O70342;O35380;Q9JMK1	Neuroactive ligand-receptor interaction
P97295;F7C6W7;Q8BWV1	Neuroactive ligand-receptor interaction
Q61212;Q3ZAW3	Neuroactive ligand-receptor interaction
Q62227;Q53Z53	Bile secretion
P12813	MAPK signaling pathway
P41251;Q3TB84	Lysosome;Mineral absorption
Q9Z0Y9;Q9QUH7	PPAR signaling pathway;Hepatitis C
Q3UV55;Q3UJJ1;Q62171;Q6EEZ6;Q922A5;Q9ESY4	Circadian rhythm - mammal
P49282;O54903;Q3UFV5;Q8BJL2;Q8BWV3;Q8CFA0;Q8VCU6	Lysosome;Mineral absorption
Q60641;D3YTT2;E9QJW2;Q60642;Q60643	Bile secretion
P45448;B9EHF9	Maturity onset diabetes of the young
Q810U4;Q80U33;Q8BLG8;Q8BX92;Q8BYJ8	Cell adhesion molecules (CAMs)
Q9WU00;Q9CXE4	Huntington's disease
Q923B3;Q8BS00;Q9D6I6;Q9QZ07	Neurotrophin signaling pathway
O35181	ErbB signaling pathway
Q9WTX4	ErbB signaling pathway
P97333;Q6PAR3	Axon guidance
Q6P9K9;E9PW93;E9Q466;Q8CCT8	Cell adhesion molecules (CAMs)
Q91W63;Q3TDW3	Nicotinate and nicotinamide metabolism
P0DI97	Cell adhesion molecules (CAMs)
P46460;A2A646;Q8BQ65;Q8C3R2;Q8CCT9;Q8CEF0;Q923C6	Vasopressin-regulated water reabsorption
O70572	Sphingolipid metabolism
Q9CZ44;A2AT03;Q80Y15;Q8BYL3	Protein processing in endoplasmic reticulum
Q8BVE8;B3VCH6;Q6ZPY1;Q7TSF5;Q811F0	Lysine degradation
Q9JJY3;Q3UTQ5	Sphingolipid metabolism
Q6P2L6;Q3TDS4;Q3U0L8;Q3V131;Q8BJT3	Lysine degradation
Q6ZPR5;Q3TPE0;Q3TPP1;Q8CBJ5;Q8CD12;Q8CD83;Q8R0J3;Q9CX74	Sphingolipid metabolism
Q9R1J0;O55109	Steroid biosynthesis
Q9JM14	Purine metabolism;Pyrimidine metabolism;Nicotinate and nicotinamide metabolism
P70172;Q8VI83;Q925U7	Bile secretion
P20181	MAPK signaling pathway;Neurotrophin signaling pathway
Q8VCE6	Purine metabolism;Pyrimidine metabolism;Nicotinate and nicotinamide metabolism
Q80VU4	MAPK signaling pathway;Neurotrophin signaling pathway
Q8R4G0;Q68FE5;Q69ZU3;Q8R4F3;Q8R4F4;Q8R4F5;Q8R4F6;Q8R4F7;Q8R4F8;Q8R4F9;Q9ESR3;Q9ESR4;Q9ESR5;Q9ESR6;Q9ESR7;Q9ESR8	Axon guidance
O08705;O35940;Q52L86	Bile secretion
Q9CQA9	Purine metabolism;Thiamine metabolism
O35980;E9QMW1	Base excision repair
O88319	Calcium signaling pathway;Neuroactive ligand-receptor interaction
P70310;Q8VIF5	Neuroactive ligand-receptor interaction
Q3UFB7	MAPK signaling pathway;Endocytosis;Apoptosis;Neurotrophin signaling pathway;Pathways in cancer;Thyroid cancer
Q8BH74;Q99KH5	RNA transport
Q6ZQH8;Q4VA15;Q80UL4;Q8C7A1;Q8R3F1	RNA transport
P15209;Q3TUF9;Q80WU0;Q91XJ9	MAPK signaling pathway;Neurotrophin signaling pathway
P03888;Q9G0S6	Oxidative phosphorylation;Parkinson's disease
Q99P88	RNA transport
Q8R0G9;E9QLJ8	RNA transport
Q6VNS1;A4QPD0;Q9Z2P9;Q9Z2Q0	Neurotrophin signaling pathway
Q9Z0W3;Q3TBI7;Q3TP11;Q3U250;Q6A0A7;Q7TME1;Q9CZD9	RNA transport
Q80U93;A2ATN2	RNA transport
P03893	Oxidative phosphorylation;Parkinson's disease
P03899;Q35039;Q35040;Q9MD73	Oxidative phosphorylation;Parkinson's disease
P03903	Oxidative phosphorylation;Parkinson's disease
P03911	Oxidative phosphorylation;Parkinson's disease
P03921	Oxidative phosphorylation;Parkinson's disease
P03925	Oxidative phosphorylation;Parkinson's disease
Q4FZG9	Oxidative phosphorylation;Alzheimer's disease;Parkinson's disease;Huntington's disease
O08600	Apoptosis
P09405;Q548M9;Q61991;Q8BQD8;Q99K50	Pathogenic Escherichia coli infection
P11930;B2RS21	Peroxisome
Q9DCN1;Q6PFA5	Nicotinate and nicotinamide metabolism;Peroxisome
Q9QZS3;P70422;Q8CIB1;Q9DC57;Q9QZR1;Q9QZS4	Notch signaling pathway
Q8BVU5;A2AH31;Q3TZ68;Q8K1J4	Purine metabolism
Q9JKX6;A2ATT6;Q99KM4	Purine metabolism
O08919;Q4QQQ2;Q6NVG8	Notch signaling pathway
Q8R4R6;A2ATJ3;Q9D7J2	RNA transport
Q8BTS4;Q3TSI2;Q8BU42	RNA transport
Q9CWU9;Q9CZ80	RNA transport
P59235;E9QPN3	RNA transport
Q8CEC0;Q80Z13;Q8K090	RNA transport
Q8CIC2;Q8BJX3;Q8BVP7;Q924S0	RNA transport
Q8R332;Q3UJF4;Q8BUA7;Q8BVG7;Q8C0W3	RNA transport
Q8R480;A2A9W9;A2A9X0;Q9CYI9	RNA transport
Q9JIH2;Q3TG43;Q3TN17;Q6P1F4;Q6PAL4;Q8C2Y6;Q9CU02;Q9JK85	RNA transport
Q8BJ71;Q3TED9;Q8BIK7;Q8K1R4;Q8R592	RNA transport
Q63850;Q99JN7	RNA transport
Q6PFD9;Q68G59	RNA transport
Q3UNA4;B1AVX3;B1AVX5;Q505F8;Q6NVE1;Q8C070	Ribosome biogenesis in eukaryotes;RNA transport;mRNA surveillance pathway
Q9QZV9;Q3THE3;Q9D1P7	Ribosome biogenesis in eukaryotes;RNA transport;mRNA surveillance pathway
Q9DBY8;Q3USC4;Q8BW27;Q8K2B5	Ribosome biogenesis in eukaryotes
Q99JX7;O88985;Q3TJA5	Ribosome biogenesis in eukaryotes;RNA transport;mRNA surveillance pathway
Q8VEY3	Olfactory transduction
Q62007	Olfactory transduction
Q60887;Q9EQ88	Olfactory transduction
Q8VGI1	Olfactory transduction
Q8VGK5;Q9Z1U9	Olfactory transduction
Q60883;A7E1Z7;Q7TQS9	Olfactory transduction
Q60891;Q8VGR1;Q9EPY8	Olfactory transduction
Q8VFD0	Olfactory transduction
Q8VG02	Olfactory transduction
Q8VFX2	Olfactory transduction
Q8VFD2	Olfactory transduction
Q8VFK2;A2ALD0	Olfactory transduction
Q8VFD1	Olfactory transduction
Q8VEW5	Olfactory transduction
Q9QY00;A2ALD1;Q0VBG5	Olfactory transduction
Q8VG07	Olfactory transduction
Q0VAX9;Q62337;Q7TRE8;Q8VFJ2	Olfactory transduction
Q8VF76;A2ALC8	Olfactory transduction
Q8VF12	Olfactory transduction
Q9JHB2;Q9JM32	Olfactory transduction
Q8VG08	Olfactory transduction
Q60892;Q7TQV0;Q9ERY5;Q9JM18	Olfactory transduction
Q8VEW2;A0A0R4J0X9	Olfactory transduction
Q7TRF3	Olfactory transduction
Q8VG09;Q0VBE2	Olfactory transduction
Q8VEX5	Olfactory transduction
Q8VG13	Olfactory transduction
Q8VG42	Olfactory transduction
Q60884;A3KMK0;Q9EQ89	Olfactory transduction
Q8VGQ7;E9QKY8;Q05A60;Q7TS47	Olfactory transduction
Q8VEW6	Olfactory transduction
P34983;Q7TRB4;Q9EQA1	Olfactory transduction
Q8VF66	Olfactory transduction
Q60881;Q8VGP2	Olfactory transduction
Q8VEZ0;Q9WU91	Olfactory transduction
Q8VF65	Olfactory transduction
Q60878;Q9R0K1	Olfactory transduction
Q8VES2;A2AVB4	Olfactory transduction
Q8VG43	Olfactory transduction
Q8VG44	Olfactory transduction
Q7TR96;Q8VG30	Olfactory transduction
Q8VFC9	Olfactory transduction
Q60894;Q7TQS5	Olfactory transduction
Q8VFV4	Olfactory transduction
Q8VGI6	Olfactory transduction
Q8VBV9	Olfactory transduction
Q8VG03	Olfactory transduction
Q8VFK7;A0A1L1STE7;Q0VEQ7	Olfactory transduction
Q8VG05	Olfactory transduction
Q8VFD3	Olfactory transduction
Q8VGS3	Olfactory transduction
Q60856;A8YPE5;A8YPE7;A8YPE8;A8YPE9;E9QKP6;Q78ZX0;Q8JZN0;Q8JZN4;Q8VI98	Hepatitis C;Measles
P29758	Arginine and proline metabolism
P11928;F2Z419;Q3UEC1;Q64440;Q91VI0	Hepatitis C;Measles
E9Q9A9;Q8K4E5;Q8VI92	Hepatitis C;Measles
Q8VI93;B9EIU4;Q8K4D2	Hepatitis C;Measles
Q9DC50;Q921I4	Peroxisome
Q6NVF0;Q8BXC9	Inositol phosphate metabolism;Phosphatidylinositol signaling system
Q61146;Q544A7	Cell adhesion molecules (CAMs);Tight junction;Leukocyte transendothelial migration;Pathogenic Escherichia coli infection;Hepatitis C
P53395;Q3TMF5	Valine, leucine and isoleucine degradation
Q6P3A8	Valine, leucine and isoleucine degradation
Q60597;Q3UDM7;Q5DTI4;Q5SVX7;Q5SVX9;Q6PFZ2;Q80Y57;Q8K0K7;Q8K2Z3;Q8R3M2;Q91WP2	Citrate cycle (TCA cycle);Lysine degradation;Tryptophan metabolism
Q8BMF4;Q8K2G8;Q8R339;Q91ZB1	Glycolysis / Gluconeogenesis;Citrate cycle (TCA cycle);Pyruvate metabolism
Q9D2G2;Q3UEA0;Q4FK55;Q8CIE8	Citrate cycle (TCA cycle);Lysine degradation
Q8BKZ9	Glycolysis / Gluconeogenesis;Citrate cycle (TCA cycle);Pyruvate metabolism
P35486	Glycolysis / Gluconeogenesis;Citrate cycle (TCA cycle);Valine, leucine and isoleucine biosynthesis;Pyruvate metabolism;Butanoate metabolism
Q9D051;Q3TL86;Q505N8;Q99LW9	Glycolysis / Gluconeogenesis;Citrate cycle (TCA cycle);Valine, leucine and isoleucine biosynthesis;Pyruvate metabolism;Butanoate metabolism
P35487;Q497M8	Glycolysis / Gluconeogenesis;Citrate cycle (TCA cycle);Valine, leucine and isoleucine biosynthesis;Pyruvate metabolism;Butanoate metabolism
Q91ZW2;Q3V1R0;Q8C8R4	Other types of O-glycan biosynthesis
O08760;O08733;O08910;O08991;O35617;O35915;Q9QXE8	Base excision repair
Q8VHI3;Q8VEM2;Q9CV66	Other types of O-glycan biosynthesis
Q8CGY8;A2ALY1;Q6PG10;Q8BXH6;Q91Y38	Other types of O-glycan biosynthesis
Q9EQ09;Q3U3M1	PPAR signaling pathway;Phagosome
P53347;Q3U1Y5;Q5SPX6	Cytokine-cytokine receptor interaction;Jak-STAT signaling pathway
Q8K010;Q8R3K2	Glutathione metabolism
P32300	Neuroactive ligand-receptor interaction
P33534	Neuroactive ligand-receptor interaction
P15409;Q8K0D8;Q96DZ2	Phototransduction
P35377;Q60645;Q8VI74;Q9QUT5;Q9Z2M8;Q9Z2M9;Q9Z2N0	Neuroactive ligand-receptor interaction
P42866;A1XGX3;A1XGX4;A1YAC3;A1YAC4;A5H7G2;Q4U2P4;Q4U2Q6;Q548C6;Q60768;Q6YC50;Q8CAN5;Q8CGW2;Q8CH73;Q8CH74;Q8CH75;Q8VBU3;Q8VBU6;Q8VBX8;Q8VI69;Q8VI70;Q8VI71;Q8VIN3;Q8VIN4;Q8VIN5;Q8VIN6;Q8VIP0;Q8VIP1;Q9JIY1;Q9R0D1;Q9R1L9;Q9R1M0	Neuroactive ligand-receptor interaction
P34984;Q8VFS2	Olfactory transduction
Q8VFM9;Q62340	Olfactory transduction
Q60879;Q8VFP7	Olfactory transduction
Q60890;Q7TQU3;Q8VFH1	Olfactory transduction
P23275;Q496W6;Q8VFF0	Olfactory transduction
Q8VGD6;Q8BKF2;Q9QUL1;Q9Z1U2	Olfactory transduction
Q7TQQ0;A0A0U1RP41;Q9R0K3	Olfactory transduction
Q8VFK1	Olfactory transduction
Q8VFL5	Olfactory transduction
Q9Z1V0;Q8VFB7	Olfactory transduction
Q8VGR8;A0PK46;A2AVX6	Olfactory transduction
Q60893;B2RQX1;Q7TRE7;Q9ERU6	Olfactory transduction
Q8VG06	Olfactory transduction
Q8VFT4	Olfactory transduction
P34986;A0PK63;Q9EPG1;Q9EPV0	Olfactory transduction
Q8VGI5	Olfactory transduction
Q8VG04	Olfactory transduction
Q60882;Q9EQB0	Olfactory transduction
Q9WUV0;Q3TMI6	Cell cycle;Cell cycle - yeast;Meiosis - yeast
Q8VFL9	Olfactory transduction
Q8VF13	Olfactory transduction
Q8VGS1	Olfactory transduction
Q60862	Cell cycle;Cell cycle - yeast;Meiosis - yeast
Q8VGR9	Olfactory transduction
O88708;Q91V62;Q9QYX1	Cell cycle;Cell cycle - yeast;Meiosis - yeast
Q60889;Q3MI75;Q8VGH4	Olfactory transduction
O55241	Neuroactive ligand-receptor interaction
Q9JK30;A2AMF4;A2AMF5;Q6P8H2;Q8BR83;Q8C395	Cell cycle;Cell cycle - yeast;Meiosis - yeast
Q9Z1N2;A2A8R3	Cell cycle;Cell cycle - yeast;Meiosis - yeast
Q9D8S4	Ribosome biogenesis in eukaryotes
Q8K2C7	Protein processing in endoplasmic reticulum
Q8VBT3;Q8VHT9	Osteoclast differentiation
O70458;O88821	Cytokine-cytokine receptor interaction;Jak-STAT signaling pathway
O54734;Q8C4P7	N-Glycan biosynthesis;Various types of N-glycan biosynthesis;Protein processing in endoplasmic reticulum
Q8R000	Bile secretion
Q80WK2;Q14BU3;Q3V4C1	Bile secretion
P10923;P19008;Q91VH4	Focal adhesion;ECM-receptor interaction;Toll-like receptor signaling pathway
P11725	Arginine and proline metabolism
Q3U2S4;Q3UE33;Q91YL5;Q9CV50;Q9JIG6	RIG-I-like receptor signaling pathway
Q8CB27;B2RSW9;Q8BPM9;Q8CB24	Protein processing in endoplasmic reticulum
P58307;Q0VDP5;Q3USS9;Q6VNS3;Q80T45	Neuroactive ligand-receptor interaction
P18894;Q64465;Q8VCW7	Glycine, serine and threonine metabolism;Penicillin and cephalosporin biosynthesis;Arginine and proline metabolism;D-Arginine and D-ornithine metabolism;Peroxisome
Q922Z0;Q3TT69;Q8R2R2	Alanine, aspartate and glutamate metabolism;Peroxisome
Q8BGA9;Q8BK01;Q8R091;Q9D8X7	Protein export;Bacterial secretion system
P58308;Q5SGC8;Q6VLX3;Q8BG12	Neuroactive ligand-receptor interaction
O09046;Q1LZI6;Q3T9N9;Q3U7S6;Q3V0K2;Q6Y632;Q6YBV6;Q6YDI8;Q8R2G8;Q9CXK7	Alanine, aspartate and glutamate metabolism;Cysteine and methionine metabolism;Valine, leucine and isoleucine degradation;Tyrosine metabolism;Phenylalanine metabolism;Tryptophan metabolism;Phenylalanine, tyrosine and tryptophan biosynthesis;Isoquinoline alkaloid biosynthesis
P97926;F8VQ78	Calcium signaling pathway;Neuroactive ligand-receptor interaction
Q9D404	Fatty acid biosynthesis
Q9D2F7	RNA transport
Q5SW25	RNA transport
P51576;Q5SRU4	Calcium signaling pathway;Neuroactive ligand-receptor interaction
Q9JK24;B2RR97;Q9CSA6;Q9JJD2	mRNA surveillance pathway
Q8K3P1;Q3KP15;Q3TYV0;Q812E6;Q812E7	Calcium signaling pathway;Neuroactive ligand-receptor interaction
Q3UR32;A2AW02;Q8R1U4	Calcium signaling pathway;Neuroactive ligand-receptor interaction
Q9Z1M0	Calcium signaling pathway;Neuroactive ligand-receptor interaction
Q9JJS7	Neuroactive ligand-receptor interaction
Q8BFU7;A2ASC0;Q7TMT1	Neuroactive ligand-receptor interaction
Q9ERK9	Neuroactive ligand-receptor interaction
P49650	Neuroactive ligand-receptor interaction
O54803;G3X8W3;Q3UUD0	Calcium signaling pathway;Neuroactive ligand-receptor interaction
P35383;O09031;Q9CPZ4	Neuroactive ligand-receptor interaction
Q60716;Q8VBU4	Arginine and proline metabolism
Q8CBQ5;Q91Z30;Q9D072;Q9D471	Inositol phosphate metabolism;Phosphatidylinositol signaling system
Q9D8I2;Q0VF10;Q8C412;Q8CAL2	Neuroactive ligand-receptor interaction
Q61194;Q61182	Inositol phosphate metabolism;Phosphatidylinositol signaling system
Q9ESG6	Neuroactive ligand-receptor interaction
Q64143	ErbB signaling pathway;Chemokine signaling pathway;Phosphatidylinositol signaling system;mTOR signaling pathway;Apoptosis;VEGF signaling pathway;Osteoclast differentiation;Focal adhesion;Toll-like receptor signaling pathway;Jak-STAT signaling pathway;Natural killer cell mediated cytotoxicity;T cell receptor signaling pathway;B cell receptor signaling pathway;Fc epsilon RI signaling pathway;Fc gamma R-mediated phagocytosis;Leukocyte transendothelial migration;Neurotrophin signaling pathway;Regulation of actin cytoskeleton;Insulin signaling pathway;Progesterone-mediated oocyte maturation;Type II diabetes mellitus;Aldosterone-regulated sodium reabsorption;Carbohydrate digestion and absorption;Bacterial invasion of epithelial cells;Chagas disease (American trypanosomiasis);Toxoplasmosis;Amoebiasis;Hepatitis C;Measles;Pathways in cancer;Colorectal cancer;Renal cell carcinoma;Pancreatic cancer;Endometrial cancer;Glioma;Prostate cancer;Melanoma;Chronic myeloid leukemia;Acute myeloid leukemia;Small cell lung cancer;Non-small cell lung cancer
Q922Q4	Arginine and proline metabolism
O70167;O70168	Inositol phosphate metabolism;Phosphatidylinositol signaling system
Q60715;Q3TEB7;Q80T05;Q91VJ7	Arginine and proline metabolism
Q2TBE6	Inositol phosphate metabolism;Phosphatidylinositol signaling system
Q9DCC4;Q8R0P9;Q9D0X2	Arginine and proline metabolism
Q922W5	Arginine and proline metabolism
O08908;Q5U3K7	ErbB signaling pathway;Chemokine signaling pathway;Phosphatidylinositol signaling system;mTOR signaling pathway;Apoptosis;VEGF signaling pathway;Osteoclast differentiation;Focal adhesion;Toll-like receptor signaling pathway;Jak-STAT signaling pathway;Natural killer cell mediated cytotoxicity;T cell receptor signaling pathway;B cell receptor signaling pathway;Fc epsilon RI signaling pathway;Fc gamma R-mediated phagocytosis;Leukocyte transendothelial migration;Neurotrophin signaling pathway;Regulation of actin cytoskeleton;Insulin signaling pathway;Progesterone-mediated oocyte maturation;Type II diabetes mellitus;Aldosterone-regulated sodium reabsorption;Carbohydrate digestion and absorption;Bacterial invasion of epithelial cells;Chagas disease (American trypanosomiasis);Toxoplasmosis;Amoebiasis;Hepatitis C;Measles;Pathways in cancer;Colorectal cancer;Renal cell carcinoma;Pancreatic cancer;Endometrial cancer;Glioma;Prostate cancer;Melanoma;Chronic myeloid leukemia;Acute myeloid leukemia;Small cell lung cancer;Non-small cell lung cancer
Q9Z110;Q8BGM2;Q9R1P6	Arginine and proline metabolism
Q61205	Ether lipid metabolism
Q9Z0Y2;A6H6K5;Q9D7E2;Q9D884	Glycerophospholipid metabolism;Ether lipid metabolism;Arachidonic acid metabolism;Linoleic acid metabolism;alpha-Linolenic acid metabolism;MAPK signaling pathway;Vascular smooth muscle contraction;VEGF signaling pathway;Fc epsilon RI signaling pathway;Long-term depression;GnRH signaling pathway;Pancreatic secretion;Fat digestion and absorption;Toxoplasmosis
Q9JJP2;B1AX89;B1AX90;Q3UT91;Q9CU77;Q9JJP1;Q9WUJ0	p53 signaling pathway;Neurotrophin signaling pathway;Measles
Q61206;Q6PKE6;Q7TNP3	Ether lipid metabolism
P26450;Q8K3B3	ErbB signaling pathway;Chemokine signaling pathway;Phosphatidylinositol signaling system;mTOR signaling pathway;Apoptosis;VEGF signaling pathway;Osteoclast differentiation;Focal adhesion;Toll-like receptor signaling pathway;Jak-STAT signaling pathway;Natural killer cell mediated cytotoxicity;T cell receptor signaling pathway;B cell receptor signaling pathway;Fc epsilon RI signaling pathway;Fc gamma R-mediated phagocytosis;Leukocyte transendothelial migration;Neurotrophin signaling pathway;Regulation of actin cytoskeleton;Insulin signaling pathway;Progesterone-mediated oocyte maturation;Type II diabetes mellitus;Aldosterone-regulated sodium reabsorption;Carbohydrate digestion and absorption;Bacterial invasion of epithelial cells;Chagas disease (American trypanosomiasis);Toxoplasmosis;Amoebiasis;Hepatitis C;Measles;Pathways in cancer;Colorectal cancer;Renal cell carcinoma;Pancreatic cancer;Endometrial cancer;Glioma;Prostate cancer;Melanoma;Chronic myeloid leukemia;Acute myeloid leukemia;Small cell lung cancer;Non-small cell lung cancer
P47713	Glycerophospholipid metabolism;Ether lipid metabolism;Arachidonic acid metabolism;Linoleic acid metabolism;alpha-Linolenic acid metabolism;MAPK signaling pathway;Vascular smooth muscle contraction;VEGF signaling pathway;Fc epsilon RI signaling pathway;Long-term depression;GnRH signaling pathway;Pancreatic secretion;Fat digestion and absorption;Toxoplasmosis
P0C871;A2AP62;Q4QQM1;Q80VV8;Q91W88	Glycerophospholipid metabolism;Ether lipid metabolism;Arachidonic acid metabolism;Linoleic acid metabolism;alpha-Linolenic acid metabolism;MAPK signaling pathway;Vascular smooth muscle contraction;VEGF signaling pathway;Fc epsilon RI signaling pathway;Long-term depression;GnRH signaling pathway;Pancreatic secretion;Fat digestion and absorption;Toxoplasmosis
Q50L43;A2AQJ1;Q3TJC5	Glycerophospholipid metabolism;Ether lipid metabolism;Arachidonic acid metabolism;Linoleic acid metabolism;alpha-Linolenic acid metabolism;MAPK signaling pathway;Vascular smooth muscle contraction;VEGF signaling pathway;Fc epsilon RI signaling pathway;Long-term depression;GnRH signaling pathway;Pancreatic secretion;Fat digestion and absorption;Toxoplasmosis
P02340;Q9QUP3	MAPK signaling pathway;Cell cycle;p53 signaling pathway;Apoptosis;Wnt signaling pathway;Neurotrophin signaling pathway;Amyotrophic lateral sclerosis (ALS);Huntington's disease;Hepatitis C;Measles;Pathways in cancer;Colorectal cancer;Pancreatic cancer;Endometrial cancer;Glioma;Prostate cancer;Thyroid cancer;Basal cell carcinoma;Melanoma;Bladder cancer;Chronic myeloid leukemia;Small cell lung cancer;Non-small cell lung cancer
Q50L42;Q8BX44	Glycerophospholipid metabolism;Ether lipid metabolism;Arachidonic acid metabolism;Linoleic acid metabolism;alpha-Linolenic acid metabolism;MAPK signaling pathway;Vascular smooth muscle contraction;VEGF signaling pathway;Fc epsilon RI signaling pathway;Long-term depression;GnRH signaling pathway;Pancreatic secretion;Fat digestion and absorption;Toxoplasmosis
P48076	Glycerophospholipid metabolism;Ether lipid metabolism;Arachidonic acid metabolism;Linoleic acid metabolism;alpha-Linolenic acid metabolism;MAPK signaling pathway;Vascular smooth muscle contraction;VEGF signaling pathway;Fc epsilon RI signaling pathway;Long-term depression;GnRH signaling pathway;Pancreatic secretion;Fat digestion and absorption;Toxoplasmosis
Q9WVF6;Q3V4B8;Q9JLK0	Glycerophospholipid metabolism;Ether lipid metabolism;Arachidonic acid metabolism;Linoleic acid metabolism;alpha-Linolenic acid metabolism;MAPK signaling pathway;Vascular smooth muscle contraction;VEGF signaling pathway;Fc epsilon RI signaling pathway;Long-term depression;GnRH signaling pathway;Pancreatic secretion;Fat digestion and absorption;Toxoplasmosis
Q8BZT7	Glycerophospholipid metabolism;Ether lipid metabolism;Arachidonic acid metabolism;Linoleic acid metabolism;alpha-Linolenic acid metabolism;MAPK signaling pathway;Vascular smooth muscle contraction;VEGF signaling pathway;Fc epsilon RI signaling pathway;Long-term depression;GnRH signaling pathway;Pancreatic secretion;Fat digestion and absorption;Toxoplasmosis
Q9QUL3	Glycerophospholipid metabolism;Ether lipid metabolism;Arachidonic acid metabolism;Linoleic acid metabolism;alpha-Linolenic acid metabolism;MAPK signaling pathway;Vascular smooth muscle contraction;VEGF signaling pathway;Fc epsilon RI signaling pathway;Long-term depression;GnRH signaling pathway;Pancreatic secretion;Fat digestion and absorption;Toxoplasmosis
Q9QZT4;Q8CE14	Glycerophospholipid metabolism;Ether lipid metabolism;Arachidonic acid metabolism;Linoleic acid metabolism;alpha-Linolenic acid metabolism;MAPK signaling pathway;Vascular smooth muscle contraction;VEGF signaling pathway;Fc epsilon RI signaling pathway;Long-term depression;GnRH signaling pathway;Pancreatic secretion;Fat digestion and absorption;Toxoplasmosis
Q9QXX3;Q9EQK6	Glycerophospholipid metabolism;Ether lipid metabolism;Arachidonic acid metabolism;Linoleic acid metabolism;alpha-Linolenic acid metabolism;MAPK signaling pathway;Vascular smooth muscle contraction;VEGF signaling pathway;Fc epsilon RI signaling pathway;Long-term depression;GnRH signaling pathway;Pancreatic secretion;Fat digestion and absorption;Toxoplasmosis
P97391;Q9QZU6	Glycerophospholipid metabolism;Ether lipid metabolism;Arachidonic acid metabolism;Linoleic acid metabolism;alpha-Linolenic acid metabolism;MAPK signaling pathway;Vascular smooth muscle contraction;VEGF signaling pathway;Fc epsilon RI signaling pathway;Long-term depression;GnRH signaling pathway;Pancreatic secretion;Fat digestion and absorption;Toxoplasmosis
P31482;Q60871	Glycerophospholipid metabolism;Ether lipid metabolism;Arachidonic acid metabolism;Linoleic acid metabolism;alpha-Linolenic acid metabolism;MAPK signaling pathway;Vascular smooth muscle contraction;VEGF signaling pathway;Fc epsilon RI signaling pathway;Long-term depression;GnRH signaling pathway;Pancreatic secretion;Fat digestion and absorption;Toxoplasmosis
O70176	Neuroactive ligand-receptor interaction
P29341;Q99L36	RNA transport;mRNA surveillance pathway;RNA degradation
P70205	Neuroactive ligand-receptor interaction
Q8CCS6;O35935	mRNA surveillance pathway
Q60963;Q8BKM3;Q921T4	Ether lipid metabolism
Q8VDG7;E9QNW7;Q8R0Y7	Ether lipid metabolism
P10601	Neuroactive ligand-receptor interaction
Q8VE62;Q9WUC9	RNA transport
Q61036;O88645;Q8K1R5;Q8K1R6	ErbB signaling pathway;Axon guidance;Focal adhesion;T cell receptor signaling pathway;Regulation of actin cytoskeleton;Renal cell carcinoma
Q8VEB4;Q3TCB1;Q3U303	Glycerophospholipid metabolism;Lysosome
O35386;O08527	Peroxisome
P12388;O35687;Q9QWP6;Q9QWP7;Q9QWP8;Q9QWP9;Q9QWQ0;Q9QWZ5;Q9QWZ6	Amoebiasis
Q8BTW9;Q6ZPX0;Q80Z97;Q9CS71	ErbB signaling pathway;Axon guidance;Focal adhesion;T cell receptor signaling pathway;Regulation of actin cytoskeleton;Renal cell carcinoma
Q8C015;Q3TQJ7;Q6RWS7	ErbB signaling pathway;Axon guidance;Focal adhesion;T cell receptor signaling pathway;Regulation of actin cytoskeleton;Renal cell carcinoma
Q3ULB5;Q3TY26	ErbB signaling pathway;Axon guidance;Focal adhesion;T cell receptor signaling pathway;Regulation of actin cytoskeleton;Renal cell carcinoma
Q8CIN4	MAPK signaling pathway;ErbB signaling pathway;Axon guidance;Focal adhesion;T cell receptor signaling pathway;Regulation of actin cytoskeleton;Renal cell carcinoma
Q640Q5;H3BKF3;Q3U5F2;Q8CE75;Q9CZM6	RNA degradation
Q8BGF7;Q3TZK5;Q68FH6;Q6ZQ63	RNA degradation
Q9JLB2	Tight junction
Q7M753;Q3U4S0	Pantothenate and CoA biosynthesis
Q8R2W9	Pantothenate and CoA biosynthesis
Q80YV4;B1AZN5;B1AZN6;Q7M751;Q8BQE9	Pantothenate and CoA biosynthesis
Q8K4K6;Q9D3K1;Q9QXM8	Pantothenate and CoA biosynthesis
Q8C0L6;Q8K254	Peroxisome
Q61183;Q61208;Q61209;Q8K4X2	mRNA surveillance pathway
Q9Z101;Q5RL03;Q6P8R2	Endocytosis;Tight junction
Q91VH1;Q9CZA0	Adipocytokine signaling pathway
Q9WVP6;Q9R1R3	mRNA surveillance pathway
P55086	Neuroactive ligand-receptor interaction;African trypanosomiasis
Q6PB75;G3X948	RNA degradation
Q60967;Q3U647	Purine metabolism;Selenocompound metabolism;Sulfur metabolism
Q9JK83;A2ANX8;Q8R3J8	Endocytosis;Tight junction
Q8BQS5;Q8CA45;Q8CID6	Adipocytokine signaling pathway
Q6PCL9;Q8BZC9	mRNA surveillance pathway
Q9JK84	Endocytosis;Tight junction
O88428;Q5BKP4;Q9Z274	Purine metabolism;Selenocompound metabolism;Sulfur metabolism
O08675;B9EIT2;Q3UXV3	Neuroactive ligand-receptor interaction
Q99NH2;Q58T10;Q58T11;Q8CB21	Chemokine signaling pathway;Neuroactive ligand-receptor interaction;Endocytosis;Adherens junction;Tight junction
O88634;Q8BZ77	Neuroactive ligand-receptor interaction
P30558;P97507;Q3TVP3	Calcium signaling pathway;Neuroactive ligand-receptor interaction;Endocytosis;Complement and coagulation cascades;Regulation of actin cytoskeleton
Q3ULW8;A0A1L1SRP6;E9PX17;E9Q992;Q3UGL7;Q8BHN6;Q8BXU2;Q8CFB8;Q91YR6	Base excision repair
Q9EPC1;Q9JJ65	Focal adhesion
E9PYK3;Q6A0B1;Q80UW6;Q8BW82;Q8R3A5	Base excision repair
Q9ES46	Focal adhesion
Q9ERD8;Q8BH45;Q91X89	Focal adhesion
Q8VDG3;Q8C7N6;Q9DC46	RNA degradation
Q99LX0;O88306;Q3THB9;Q3U509	Parkinson's disease
Q3TC46;Q3TD30;Q3U4Q3;Q3UD09;Q6PD49;Q8BN50;Q8C3S7	RNA degradation
P32115;B7ZNC7;P97341;Q9QUR1;Q9R091	Maturity onset diabetes of the young
Q00288;P97342;Q6GU20	Pathways in cancer;Thyroid cancer
O88554;Q99N29	Base excision repair
P63015;P32117;P70601;Q3UTV5;Q62222;Q64037;Q8CEI5;Q8VDB5;Q921Q8	Maturity onset diabetes of the young
Q8VI36;Q3TB62;Q3TZQ6;Q8VI37	Chemokine signaling pathway;VEGF signaling pathway;Focal adhesion;Leukocyte transendothelial migration;Regulation of actin cytoskeleton;Bacterial invasion of epithelial cells
Q8BYI6;A3KBM0;A9Q1G2;A9Q1G3	Glycerophospholipid metabolism;Ether lipid metabolism
Q99MN9;Q9DBG2	Valine, leucine and isoleucine degradation;Glyoxylate and dicarboxylate metabolism;Propanoate metabolism;Carbon fixation pathways in prokaryotes
P60335	Spliceosome
Q91ZA3;Q80VU5;Q922N3	Valine, leucine and isoleucine degradation;Glyoxylate and dicarboxylate metabolism;Propanoate metabolism;Carbon fixation pathways in prokaryotes
Q3TFD2;Q3TAX4;Q6NXZ6;Q8BG23;Q8BUX7;Q99JU6	Glycerophospholipid metabolism;Ether lipid metabolism
G3X9Z4;B2RX07;F6UFZ5;Q3TT32;Q3TTQ0;Q69ZY3;Q8K0S1;Q8R2P5;Q99KH9	mRNA surveillance pathway
Q9Z2V4;Q3UEH3	Glycolysis / Gluconeogenesis;Citrate cycle (TCA cycle);Pyruvate metabolism;PPAR signaling pathway;Insulin signaling pathway;Adipocytokine signaling pathway;Proximal tubule bicarbonate reclamation
Q8BH04;Q8BMM9;Q91Z10	Glycolysis / Gluconeogenesis;Citrate cycle (TCA cycle);Pyruvate metabolism;PPAR signaling pathway;Insulin signaling pathway;Adipocytokine signaling pathway;Proximal tubule bicarbonate reclamation
P17918	DNA replication;Base excision repair;Nucleotide excision repair;Mismatch repair;Cell cycle
Q7TMR0;Q3TLW3;Q3V302;Q8BKK3;Q8R0T8;Q9D049	Protein digestion and absorption
P49586;Q542W4	Phosphonate and phosphinate metabolism;Glycerophospholipid metabolism
Q9EP73	Cell adhesion molecules (CAMs)
P0C1Q2;A2AKR2	Purine metabolism
Q9WUL5	Cell adhesion molecules (CAMs)
Q811Q9;Q3UEW0;Q80Y63;Q811Q8;Q8BKD2;Q8C085	Phosphonate and phosphinate metabolism;Glycerophospholipid metabolism
Q9WU78;O88695;O89014;Q3TED2;Q8BSL8;Q8R0H5;Q99LR3;Q9QZN8	Endocytosis
P70263;A2RSY4;Q8CCM3	Neuroactive ligand-receptor interaction
Q922E4;Q99J50	Phosphonate and phosphinate metabolism;Glycerophospholipid metabolism
Q922S4;Q3TCR8;Q3TXZ6;Q8K2U1	Purine metabolism
Q61481;E9Q6V1;O35388;Q5I7S8;Q8BRR9;Q9JLL9	Purine metabolism;Calcium signaling pathway
O89084;Q8R078;Q9JHQ4;Q9QX48;Q9QX49;Q9QXI8	Purine metabolism
Q8CG03;Q0VBW0	Purine metabolism
Q8CA95;Q3TLU6;Q3TRG6;Q69C21;Q9WVI1	Purine metabolism
Q01065;O35384	Purine metabolism;Calcium signaling pathway
O55057	Purine metabolism
Q02242	Cell adhesion molecules (CAMs);T cell receptor signaling pathway
Q64338;Q62045;Q8BSV6	Purine metabolism;Calcium signaling pathway
O70628	Purine metabolism
P70453;Q3TFY5;Q9ERB3	Purine metabolism
Q9Z0X4	Purine metabolism;Insulin signaling pathway;Progesterone-mediated oocyte maturation
Q9QXQ1;A1L3T2	Purine metabolism
P20033	MAPK signaling pathway;Cytokine-cytokine receptor interaction;Focal adhesion;Gap junction;Regulation of actin cytoskeleton;Pathways in cancer;Glioma;Prostate cancer;Melanoma
Q3UEI1;Q8K0P4	Purine metabolism
Q61409;Q8CIX5;Q9Z1J9	Purine metabolism;Insulin signaling pathway;Progesterone-mediated oocyte maturation
P23440;Q80UF0	Purine metabolism;Phototransduction
O88502;Q059P6	Purine metabolism
P31240;Q6P3C4	MAPK signaling pathway;Cytokine-cytokine receptor interaction;Focal adhesion;Gap junction;Regulation of actin cytoskeleton;Pathways in cancer;Glioma;Prostate cancer;Melanoma
Q91ZQ1;Q8R0D4	Purine metabolism
Q01063;B2KF58;Q6TRH9;Q8C4Q7;Q8CG05	Purine metabolism
Q922R8;Q8BK54	Protein processing in endoplasmic reticulum
Q8CI19;Q99JM4;Q9JHV8;Q9QY71	Cytokine-cytokine receptor interaction;Focal adhesion;Gap junction;Regulation of actin cytoskeleton;Prostate cancer;Melanoma
P27773;Q3TEI9;Q3TIL2;Q3UZK8;Q8C2F4;Q99LF6	Protein processing in endoplasmic reticulum;Antigen processing and presentation
P09103;Q922C8	Protein processing in endoplasmic reticulum
Q925I7;Q3URF6;Q8K2L3;Q9D1L8	Cytokine-cytokine receptor interaction;Focal adhesion;Gap junction;Regulation of actin cytoskeleton;Prostate cancer;Melanoma
Q8BFP9;Q3U5E5	T cell receptor signaling pathway;Fc epsilon RI signaling pathway;Neurotrophin signaling pathway;Toxoplasmosis;Hepatitis C
P08003;P15841;Q3TT79;Q3UJW0;Q6NXW4;Q8BMT8	Protein processing in endoplasmic reticulum;Vibrio cholerae infection
Q9Z2A0;A6H6U3;Q9R1D8;Q9R215	PPAR signaling pathway;mTOR signaling pathway;Focal adhesion;Insulin signaling pathway;Aldosterone-regulated sodium reabsorption;Endometrial cancer;Prostate cancer;Non-small cell lung cancer
P52946;Q3ZB03	Type II diabetes mellitus;Maturity onset diabetes of the young
Q8K183;Q3TM83;Q8BJQ5	Vitamin B6 metabolism
P35375	Calcium signaling pathway;Neuroactive ligand-receptor interaction
Q62053	Neuroactive ligand-receptor interaction
P32240	Neuroactive ligand-receptor interaction
Q99MZ7;Q9CX01;Q9JIF4	Biosynthesis of unsaturated fatty acids;Peroxisome
Q80X73;Q3TCN0;Q6PG91;Q91UZ2	mRNA surveillance pathway
Q9CQR7	Notch signaling pathway;Alzheimer's disease
Q61907;Q3UZN8;Q7TNW6;Q8R0I1	Glycerophospholipid metabolism
Q08481;B1ARB1;B1ARB2;Q3TES6;Q922E0	Cell adhesion molecules (CAMs);Leukocyte transendothelial migration;Malaria
Q9D106;Q9JKE6	Protein digestion and absorption
O70361;A2A894	Circadian rhythm - mammal;Circadian rhythm - fly
O54943;O54954	Circadian rhythm - mammal;Circadian rhythm - fly
O35973;B1ASX0	Circadian rhythm - mammal;Circadian rhythm - fly
P49290;Q5SW51;Q61798	Asthma
P10820	Natural killer cell mediated cytotoxicity;Type I diabetes mellitus;Autoimmune thyroid disease;Allograft rejection;Graft-versus-host disease;Viral myocarditis
P35419;Q8C8B1	Tyrosine metabolism;Cytokine-cytokine receptor interaction;Jak-STAT signaling pathway;Hematopoietic cell lineage;Autoimmune thyroid disease
P11247;Q5NCP1	Phagosome
Q9JK95;Q9JI77	p53 signaling pathway
Q5SW46	Salivary secretion
Q9D0K1;Q3U5T1;Q8CCJ5;Q8CCW5;Q99MM2;Q9EPK1	Peroxisome
Q91XC9;Q3UPY2	Peroxisome
Q8VC48	Peroxisome
O09012;Q3UM58;Q8K2V5;Q91YC7	Peroxisome
Q8BGI5;Q3UGH5;Q9D661	Peroxisome
Q5BL07;Q3UEC7;Q9CU85	Peroxisome
Q9R0A0	Peroxisome
B1AUE5	Peroxisome
Q8VCI5;Q4FJU7;Q8CEE1;Q921H0;Q9CZC1;Q9QUQ1	Peroxisome
Q9QXY9	Peroxisome
P55098;O35467	Peroxisome
P97865;A2RSR2	Peroxisome
P43117	Calcium signaling pathway;Neuroactive ligand-receptor interaction
Q99LC9;Q6YNQ9	Peroxisome
P47857;C8CMN5;C8CMN6;C8CMN7;O35513;Q543L1;Q9JK94	Glycolysis / Gluconeogenesis;Pentose phosphate pathway;Fructose and mannose metabolism;Galactose metabolism;Methane metabolism
Q9WUA3;Q3TNA9;Q3U4P1;Q3U7G4;Q4KUG1;Q543K8;Q8C5I6;Q9JI86	Glycolysis / Gluconeogenesis;Pentose phosphate pathway;Fructose and mannose metabolism;Galactose metabolism;Methane metabolism
P12382;Q8VDX7	Glycolysis / Gluconeogenesis;Pentose phosphate pathway;Fructose and mannose metabolism;Galactose metabolism;Methane metabolism
Q9EPR2;Q3TQC4;Q9CQR3;Q9CTL1;Q9D7L3;Q9EPR1	Glycerophospholipid metabolism;Ether lipid metabolism;Arachidonic acid metabolism;Linoleic acid metabolism;alpha-Linolenic acid metabolism;MAPK signaling pathway;Vascular smooth muscle contraction;VEGF signaling pathway;Fc epsilon RI signaling pathway;Long-term depression;GnRH signaling pathway;Pancreatic secretion;Fat digestion and absorption;Toxoplasmosis
Q9DBJ1;Q9D6W0;Q9ERT3	Glycolysis / Gluconeogenesis;Methane metabolism
Q05793	ECM-receptor interaction
O70250	Glycolysis / Gluconeogenesis;Methane metabolism
Q3UUQ7;E9QKG7;Q8BQ77	Glycosylphosphatidylinositol(GPI)-anchor biosynthesis
P22437	Arachidonic acid metabolism
P09041;Q5RKV3;Q6P8V2	Glycolysis / Gluconeogenesis;Carbon fixation in photosynthetic organisms
P05622;E9QPE2	MAPK signaling pathway;Calcium signaling pathway;Cytokine-cytokine receptor interaction;Focal adhesion;Gap junction;Regulation of actin cytoskeleton;Pathways in cancer;Glioma;Prostate cancer;Melanoma
Q8BWM0;A2ASQ2;Q99J30	Arachidonic acid metabolism
P09411;Q3TPE6;Q3UKV8;Q5XJE7	Glycolysis / Gluconeogenesis;Carbon fixation in photosynthetic organisms
P26618;Q3TQ37;Q62046;Q7TSJ3;Q8C4N3	MAPK signaling pathway;Calcium signaling pathway;Cytokine-cytokine receptor interaction;Endocytosis;Focal adhesion;Gap junction;Regulation of actin cytoskeleton;Pathways in cancer;Glioma;Prostate cancer;Melanoma
Q05769;Q543K3	Arachidonic acid metabolism;VEGF signaling pathway;Leishmaniasis;Pathways in cancer;Small cell lung cancer
Q8CAA7	Starch and sucrose metabolism
Q7TSV4;Q8K0P7;Q9CRS8	Glycolysis / Gluconeogenesis;Pentose phosphate pathway;Galactose metabolism;Purine metabolism;Starch and sucrose metabolism;Amino sugar and nucleotide sugar metabolism;Streptomycin biosynthesis
Q8CHP8	Glyoxylate and dicarboxylate metabolism
Q8BYB9;Q8R0H7	Other types of O-glycan biosynthesis
Q9D0F9;Q3UGE3;Q922D6	Glycolysis / Gluconeogenesis;Pentose phosphate pathway;Galactose metabolism;Purine metabolism;Starch and sucrose metabolism;Amino sugar and nucleotide sugar metabolism;Streptomycin biosynthesis
Q8BHF7;Q8QZT9;Q8R4R7	Glycerophospholipid metabolism
P28654	TGF-beta signaling pathway
P16331;Q91WV1	Phenylalanine metabolism;Phenylalanine, tyrosine and tryptophan biosynthesis
Q9JJT9;Q8BSR8	RNA transport
P07934	Calcium signaling pathway;Insulin signaling pathway
P83870;Q3TQX7;Q9UH06	Spliceosome
Q9DB30;A6H632	Calcium signaling pathway;Insulin signaling pathway
Q8R2H9;A2A619	Glycerophospholipid metabolism
Q9D9M5;A2AR04;Q3V1M5	Vitamin B6 metabolism
Q9QW08	Olfactory transduction
Q9DAK9	Fructose and mannose metabolism
Q8BKC8;Q14CH6;Q14DJ4;Q3TA58;Q68FH2;Q8C146	Inositol phosphate metabolism;Phosphatidylinositol signaling system
O70161;Q505A1;Q80TW9;Q8VCU5	Inositol phosphate metabolism;Phosphatidylinositol signaling system;Endocytosis;Fc gamma R-mediated phagocytosis;Regulation of actin cytoskeleton
Q80XI4;Q8VHB2	Inositol phosphate metabolism;Phosphatidylinositol signaling system;Regulation of actin cytoskeleton
Q9JM05;Q8R165	Ubiquitin mediated proteolysis;Jak-STAT signaling pathway;Hepatitis C;Pathways in cancer;Small cell lung cancer
Q8VD65;Q56A65;Q8C948;Q8C9D7;Q9CVC5	Regulation of autophagy
Q9ERV7;A6H6F4	p53 signaling pathway
Q91XU3;Q3UFU5;Q99K02	Inositol phosphate metabolism;Phosphatidylinositol signaling system;Regulation of actin cytoskeleton
P43252;Q52KE5	Neuroactive ligand-receptor interaction;Vascular smooth muscle contraction
P70182;F8WIX5;Q3U917;Q8K0D3;Q99L80	Inositol phosphate metabolism;Phosphatidylinositol signaling system;Endocytosis;Fc gamma R-mediated phagocytosis;Regulation of actin cytoskeleton
Q5SW28;Q3TU01;Q3UDZ2;Q8C215;Q8CGQ7	ErbB signaling pathway;Chemokine signaling pathway;Phosphatidylinositol signaling system;mTOR signaling pathway;Apoptosis;VEGF signaling pathway;Osteoclast differentiation;Focal adhesion;Toll-like receptor signaling pathway;Jak-STAT signaling pathway;Natural killer cell mediated cytotoxicity;T cell receptor signaling pathway;B cell receptor signaling pathway;Fc epsilon RI signaling pathway;Fc gamma R-mediated phagocytosis;Leukocyte transendothelial migration;Neurotrophin signaling pathway;Regulation of actin cytoskeleton;Insulin signaling pathway;Progesterone-mediated oocyte maturation;Type II diabetes mellitus;Aldosterone-regulated sodium reabsorption;Carbohydrate digestion and absorption;Bacterial invasion of epithelial cells;Chagas disease (American trypanosomiasis);Toxoplasmosis;Amoebiasis;Hepatitis C;Measles;Pathways in cancer;Colorectal cancer;Renal cell carcinoma;Pancreatic cancer;Endometrial cancer;Glioma;Prostate cancer;Melanoma;Chronic myeloid leukemia;Acute myeloid leukemia;Small cell lung cancer;Non-small cell lung cancer
O88907;Q8C6H5	Ubiquitin mediated proteolysis;Jak-STAT signaling pathway;Hepatitis C;Pathways in cancer;Small cell lung cancer
E9Q3L2;Q3UVT5;Q6DIC7;Q7TNG2;Q80Y45	Inositol phosphate metabolism;Phosphatidylinositol signaling system
Q6U7H8;A2ASY7;A2ASY9;Q3TNU0;Q3V0C8;Q52KH3;Q8K345	Inositol phosphate metabolism;Endocytosis
P70181;O70335;Q8JZY6	Inositol phosphate metabolism;Phosphatidylinositol signaling system;Endocytosis;Fc gamma R-mediated phagocytosis;Regulation of actin cytoskeleton
P59644;Q3TDM9	Inositol phosphate metabolism;Phosphatidylinositol signaling system
Q8C5D8;O54987;Q8C384;Q8CDQ8;Q8K208;Q99JX5;Q9D5W7;Q9QZ63	Ubiquitin mediated proteolysis;Jak-STAT signaling pathway;Hepatitis C;Pathways in cancer;Small cell lung cancer
O70172	Inositol phosphate metabolism;Phosphatidylinositol signaling system;Regulation of actin cytoskeleton
Q5SX19	Glycosylphosphatidylinositol(GPI)-anchor biosynthesis
Q99LV7	Glycosylphosphatidylinositol(GPI)-anchor biosynthesis
O09101	Glycosylphosphatidylinositol(GPI)-anchor biosynthesis
Q64323;Q6LD71;Q8CCQ6	Glycosylphosphatidylinositol(GPI)-anchor biosynthesis
O54714;Q80WF8;Q8R598	Ubiquitin mediated proteolysis;Jak-STAT signaling pathway;Hepatitis C;Pathways in cancer;Small cell lung cancer
Q9JHG1	Glycosylphosphatidylinositol(GPI)-anchor biosynthesis
P0C1P0	Glycosylphosphatidylinositol(GPI)-anchor biosynthesis
Q8C2R7;Q8C917;Q99J22;Q9D315	Glycosylphosphatidylinositol(GPI)-anchor biosynthesis
Q8BXQ2;A2A5G2;Q3U2X2;Q99JA3	Glycosylphosphatidylinositol(GPI)-anchor biosynthesis
Q9QYT7;O35120;O35456;Q99L11	Glycosylphosphatidylinositol(GPI)-anchor biosynthesis
Q8BTP0;Q149K0	Glycosylphosphatidylinositol(GPI)-anchor biosynthesis
Q9JJQ0;Q3U585;Q7TQ01	Glycosylphosphatidylinositol(GPI)-anchor biosynthesis
Q5M9N4	Glycosylphosphatidylinositol(GPI)-anchor biosynthesis
O70570	Intestinal immune network for IgA production
Q9CXR4;Q3U7H3	Glycosylphosphatidylinositol(GPI)-anchor biosynthesis
Q7TPN3;Q8BGL2;Q8BJR5;Q8BWH9;Q8BXF5	Glycosylphosphatidylinositol(GPI)-anchor biosynthesis
Q8C398;Q8C4S0;Q9CSX1	Glycosylphosphatidylinositol(GPI)-anchor biosynthesis
Q6PD26	Glycosylphosphatidylinositol(GPI)-anchor biosynthesis
P06803;F6XDQ5;Q8CFN8	Jak-STAT signaling pathway;Acute myeloid leukemia
Q62070;A2AER1;Q62071;Q62072;Q8R2P0	Acute myeloid leukemia
Q9QUR7;Q543B3	RIG-I-like receptor signaling pathway
O35691;Q8CD89;Q8CGU3	RNA transport;mRNA surveillance pathway
Q8BSF4;Q8BSD6	Glycerophospholipid metabolism
Q99MQ3;A2AM77;Q7TMZ3;Q811I8;Q91XU5	Parkinson's disease
P97474;O08646;O70336;P97933;Q9JLA0;Q9QXB8;Q9R1V9;Q9Z141	TGF-beta signaling pathway
Q8CDG1;A6H617;Q3TQE8;Q99MV6;Q9JMB6	Dorso-ventral axis formation
Q9JMB7;A1L324;A1L325;Q6NXX0	Dorso-ventral axis formation
P42337;Q0VGQ5	Inositol phosphate metabolism;ErbB signaling pathway;Chemokine signaling pathway;Phosphatidylinositol signaling system;mTOR signaling pathway;Apoptosis;VEGF signaling pathway;Osteoclast differentiation;Focal adhesion;Toll-like receptor signaling pathway;Jak-STAT signaling pathway;Natural killer cell mediated cytotoxicity;T cell receptor signaling pathway;B cell receptor signaling pathway;Fc epsilon RI signaling pathway;Fc gamma R-mediated phagocytosis;Leukocyte transendothelial migration;Neurotrophin signaling pathway;Regulation of actin cytoskeleton;Insulin signaling pathway;Progesterone-mediated oocyte maturation;Type II diabetes mellitus;Aldosterone-regulated sodium reabsorption;Carbohydrate digestion and absorption;Bacterial invasion of epithelial cells;Chagas disease (American trypanosomiasis);Toxoplasmosis;Amoebiasis;Hepatitis C;Measles;Pathways in cancer;Colorectal cancer;Renal cell carcinoma;Pancreatic cancer;Endometrial cancer;Glioma;Prostate cancer;Melanoma;Chronic myeloid leukemia;Acute myeloid leukemia;Small cell lung cancer;Non-small cell lung cancer
Q8BTI9;Q3U4Q1	Inositol phosphate metabolism;ErbB signaling pathway;Chemokine signaling pathway;Phosphatidylinositol signaling system;mTOR signaling pathway;Apoptosis;VEGF signaling pathway;Osteoclast differentiation;Focal adhesion;Toll-like receptor signaling pathway;Jak-STAT signaling pathway;Natural killer cell mediated cytotoxicity;T cell receptor signaling pathway;B cell receptor signaling pathway;Fc epsilon RI signaling pathway;Fc gamma R-mediated phagocytosis;Leukocyte transendothelial migration;Neurotrophin signaling pathway;Regulation of actin cytoskeleton;Insulin signaling pathway;Progesterone-mediated oocyte maturation;Type II diabetes mellitus;Aldosterone-regulated sodium reabsorption;Carbohydrate digestion and absorption;Bacterial invasion of epithelial cells;Chagas disease (American trypanosomiasis);Toxoplasmosis;Amoebiasis;Hepatitis C;Measles;Pathways in cancer;Colorectal cancer;Renal cell carcinoma;Pancreatic cancer;Endometrial cancer;Glioma;Prostate cancer;Melanoma;Chronic myeloid leukemia;Acute myeloid leukemia;Small cell lung cancer;Non-small cell lung cancer
Q6PF93;Q8R3S8	Inositol phosphate metabolism;Phosphatidylinositol signaling system;Regulation of autophagy;Phagosome;ko05152
O35904;Q8CJ28	Inositol phosphate metabolism;ErbB signaling pathway;Chemokine signaling pathway;Phosphatidylinositol signaling system;mTOR signaling pathway;Apoptosis;VEGF signaling pathway;Osteoclast differentiation;Focal adhesion;Toll-like receptor signaling pathway;Jak-STAT signaling pathway;Natural killer cell mediated cytotoxicity;T cell receptor signaling pathway;B cell receptor signaling pathway;Fc epsilon RI signaling pathway;Fc gamma R-mediated phagocytosis;Leukocyte transendothelial migration;Neurotrophin signaling pathway;Regulation of actin cytoskeleton;Insulin signaling pathway;Progesterone-mediated oocyte maturation;Type II diabetes mellitus;Aldosterone-regulated sodium reabsorption;Carbohydrate digestion and absorption;Bacterial invasion of epithelial cells;Chagas disease (American trypanosomiasis);Toxoplasmosis;Amoebiasis;Hepatitis C;Measles;Pathways in cancer;Colorectal cancer;Renal cell carcinoma;Pancreatic cancer;Endometrial cancer;Glioma;Prostate cancer;Melanoma;Chronic myeloid leukemia;Acute myeloid leukemia;Small cell lung cancer;Non-small cell lung cancer
Q9JHG7;Q80V09	Inositol phosphate metabolism;ErbB signaling pathway;Chemokine signaling pathway;Phosphatidylinositol signaling system;mTOR signaling pathway;Apoptosis;VEGF signaling pathway;Osteoclast differentiation;Focal adhesion;Toll-like receptor signaling pathway;Jak-STAT signaling pathway;Natural killer cell mediated cytotoxicity;T cell receptor signaling pathway;B cell receptor signaling pathway;Fc epsilon RI signaling pathway;Fc gamma R-mediated phagocytosis;Leukocyte transendothelial migration;Neurotrophin signaling pathway;Regulation of actin cytoskeleton;Insulin signaling pathway;Progesterone-mediated oocyte maturation;Type II diabetes mellitus;Aldosterone-regulated sodium reabsorption;Carbohydrate digestion and absorption;Bacterial invasion of epithelial cells;Chagas disease (American trypanosomiasis);Toxoplasmosis;Amoebiasis;Hepatitis C;Measles;Pathways in cancer;Colorectal cancer;Renal cell carcinoma;Pancreatic cancer;Endometrial cancer;Glioma;Prostate cancer;Melanoma;Chronic myeloid leukemia;Acute myeloid leukemia;Small cell lung cancer;Non-small cell lung cancer
Q9CQ73;Q3TIY5	Arrhythmogenic right ventricular cardiomyopathy (ARVC)
Q62028;A2AS64;B9EJ68;Q80ZL5	Phagosome;ko05152
P27612;A4QPD6;Q8C6C4	Protein processing in endoplasmic reticulum
Q8K3R3;Q3USN9;Q6NZF7;Q8CAB1;Q9CUC1	Inositol phosphate metabolism;Calcium signaling pathway;Phosphatidylinositol signaling system
Q3TTY0;Q0VEX7;Q9D4Y6	Glycerophospholipid metabolism;Ether lipid metabolism;Arachidonic acid metabolism;Linoleic acid metabolism;alpha-Linolenic acid metabolism;Vitamin digestion and absorption
O35083;O35446	Glycerolipid metabolism;Glycerophospholipid metabolism;Fat digestion and absorption
Q02257;Q8CGD3	Pathways in cancer;Acute myeloid leukemia;Arrhythmogenic right ventricular cardiomyopathy (ARVC)
Q8K3K7	Glycerolipid metabolism;Glycerophospholipid metabolism;Fat digestion and absorption
Q9Z1B3;Q62075;Q6PDH1;Q8K5A5;Q8K5A6;Q9Z0E5;Q9Z2T5	Inositol phosphate metabolism;Calcium signaling pathway;Chemokine signaling pathway;Phosphatidylinositol signaling system;Vascular smooth muscle contraction;Wnt signaling pathway;Gap junction;Long-term potentiation;Long-term depression;Phototransduction - fly;GnRH signaling pathway;Melanogenesis;Endocrine and other factor-regulated calcium reabsorption;Salivary secretion;Gastric acid secretion;Pancreatic secretion;Alzheimer's disease;Huntington's disease;Chagas disease (American trypanosomiasis);African trypanosomiasis;Amoebiasis
Q9D517;C4B4E7;Q7TT39;Q8BST2	Glycerolipid metabolism;Glycerophospholipid metabolism
Q62077;Q6P1G1	Inositol phosphate metabolism;ErbB signaling pathway;Calcium signaling pathway;Phosphatidylinositol signaling system;VEGF signaling pathway;Natural killer cell mediated cytotoxicity;Fc epsilon RI signaling pathway;Fc gamma R-mediated phagocytosis;Leukocyte transendothelial migration;Neurotrophin signaling pathway;Vibrio cholerae infection;Epithelial cell signaling in Helicobacter pylori infection;Pathways in cancer;Glioma;Non-small cell lung cancer
Q8K4X7;Q3TKN0;Q9DB84	Glycerolipid metabolism;Glycerophospholipid metabolism
A3KGF7;Q2M4J1;Q3TER8;Q8BI81	Inositol phosphate metabolism;Calcium signaling pathway;Chemokine signaling pathway;Phosphatidylinositol signaling system;Vascular smooth muscle contraction;Wnt signaling pathway;Gap junction;Long-term potentiation;Long-term depression;Phototransduction - fly;GnRH signaling pathway;Melanogenesis;Endocrine and other factor-regulated calcium reabsorption;Salivary secretion;Gastric acid secretion;Pancreatic secretion;Alzheimer's disease;Huntington's disease;Chagas disease (American trypanosomiasis);African trypanosomiasis;Amoebiasis
Q8K4D7;Q3KPE5	Inositol phosphate metabolism;Calcium signaling pathway;Phosphatidylinositol signaling system;Oocyte meiosis
Q8R3B1;Q9Z1B4	Inositol phosphate metabolism;Calcium signaling pathway;Phosphatidylinositol signaling system
P97813	Glycerophospholipid metabolism;Ether lipid metabolism;Endocytosis;Fc gamma R-mediated phagocytosis;GnRH signaling pathway
Q8CIH5;Q3UBA8;Q3UQT0;Q8VE69	Inositol phosphate metabolism;ErbB signaling pathway;Calcium signaling pathway;Phosphatidylinositol signaling system;VEGF signaling pathway;Natural killer cell mediated cytotoxicity;Fc epsilon RI signaling pathway;Fc gamma R-mediated phagocytosis;Leukocyte transendothelial migration;Neurotrophin signaling pathway;Vibrio cholerae infection;Epithelial cell signaling in Helicobacter pylori infection;Pathways in cancer;Glioma;Non-small cell lung cancer
P51432;Q3UIS0	Inositol phosphate metabolism;Calcium signaling pathway;Chemokine signaling pathway;Phosphatidylinositol signaling system;Vascular smooth muscle contraction;Wnt signaling pathway;Gap junction;Long-term potentiation;Long-term depression;Phototransduction - fly;GnRH signaling pathway;Melanogenesis;Endocrine and other factor-regulated calcium reabsorption;Salivary secretion;Gastric acid secretion;Pancreatic secretion;Alzheimer's disease;Huntington's disease;Chagas disease (American trypanosomiasis);African trypanosomiasis;Amoebiasis
Q8K4S1;B9EHS1;E9Q5G0;Q3TS68;Q80TC4;Q8BZF3;Q9JKM2	Inositol phosphate metabolism;Calcium signaling pathway;Phosphatidylinositol signaling system
Q8K2J0;A2AHR0;A2AHR1;Q3UME8;Q69Z55;Q8BL19	Inositol phosphate metabolism;Calcium signaling pathway;Phosphatidylinositol signaling system
P49764	Cytokine-cytokine receptor interaction;mTOR signaling pathway;Focal adhesion;Pathways in cancer;Renal cell carcinoma;Pancreatic cancer;Bladder cancer;Rheumatoid arthritis
Q9Z126	Cytokine-cytokine receptor interaction;Chemokine signaling pathway
Q8CGN5;Q4V9U2;Q8C0F5	PPAR signaling pathway
Q9R0E2	Lysine degradation
Q07832	Cell cycle;Oocyte meiosis;Progesterone-mediated oocyte maturation
Q9R0B9;E9QM54;Q8VDT4	Lysine degradation
P20918;Q8CIS2;Q91WJ5	Neuroactive ligand-receptor interaction;Complement and coagulation cascades;Staphylococcus aureus infection
Q9R0E1;Q542E0;Q9CYY9	Lysine degradation;Other types of O-glycan biosynthesis
Q3TRM4;Q7TQD6;Q9R114	Glycerophospholipid metabolism
Q9DAX2;Q9WUA4	Glycerolipid metabolism;Glycerophospholipid metabolism;Ether lipid metabolism;Sphingolipid metabolism;Fc gamma R-mediated phagocytosis;Fat digestion and absorption
Q922V4;O55039	Spliceosome
A2AJ88;A9YTK0;B0LS74;B0ZTC6;B9EJ75;Q3TD21;Q3UFP1;Q66JS2;Q6P3F9;Q8BTY7;Q8R064;Q8R3C5	Glycerophospholipid metabolism
P60487	Vitamin B6 metabolism
Q61469;Q61690;Q6GT30;Q8BPB8	Glycerolipid metabolism;Glycerophospholipid metabolism;Ether lipid metabolism;Sphingolipid metabolism;Fc gamma R-mediated phagocytosis;Fat digestion and absorption
Q99JY8;Q3TVM4;Q3TXR7;Q8BTB7	Glycerolipid metabolism;Glycerophospholipid metabolism;Ether lipid metabolism;Sphingolipid metabolism;Fc gamma R-mediated phagocytosis;Fat digestion and absorption
Q91WW7	Glycerolipid metabolism
P97819;Q99LA9;Q9JK61	Glycerophospholipid metabolism;Ether lipid metabolism;Arachidonic acid metabolism;Linoleic acid metabolism;alpha-Linolenic acid metabolism;MAPK signaling pathway;Vascular smooth muscle contraction;VEGF signaling pathway;Fc epsilon RI signaling pathway;Long-term depression;GnRH signaling pathway;Pancreatic secretion;Fat digestion and absorption;Toxoplasmosis
Q80UG2;E9QN64;Q5DTW8;Q8BKK9	Axon guidance
P55065;Q99L70	PPAR signaling pathway
Q8CJH3;E9QKS4;Q6ZQC3;Q80ZZ1	Axon guidance
O70579	Peroxisome
B2RXS4;Q3UH76	Axon guidance
P70206;B2RQP7;Q5DTR0	Axon guidance
Q9QY40;A2AFF9;Q80TH8	Axon guidance
P70207;Q6NVE6;Q6PHN4;Q80TZ7;Q8R1I4	Axon guidance
Q9QZC2;Q8CGW1	Axon guidance
P70208;A5D6Q5;Q684J0;Q8BWZ5	Axon guidance
Q91X88;A2A8F8;Q9D2H7;Q9D5D3;Q9DCN3	Other types of O-glycan biosynthesis
P15327;Q543Z6	Glycolysis / Gluconeogenesis
Q9D1G2;Q8R021;Q9D6K3	Terpenoid backbone biosynthesis;Peroxisome
P54279;B9EJ22	Mismatch repair
Q60953;Q8CEJ1;Q8VCC4	Ubiquitin mediated proteolysis;Endocytosis;Pathways in cancer;Acute myeloid leukemia
Q9ESG9;Q3TNN2;Q8R3L4	Cell cycle;Oocyte meiosis;Progesterone-mediated oocyte maturation
O35621	Fructose and mannose metabolism;Amino sugar and nucleotide sugar metabolism
Q9Z2M7	Fructose and mannose metabolism;Amino sugar and nucleotide sugar metabolism
Q8CC86;Q8C7W2	Nicotinate and nicotinamide metabolism
P40935	Tyrosine metabolism
Q91XF0;Q3TP70;Q3U445;Q3U4X1	Vitamin B6 metabolism
P23492;Q4FJT6	Purine metabolism;Pyrimidine metabolism;Nicotinate and nicotinamide metabolism
Q8K1R3;Q3UEP9;Q810U7;Q812B3;Q8R2U3;Q9DC52	Purine metabolism;Pyrimidine metabolism;RNA degradation
Q8K3Z9;Q7TSH5	RNA transport
Q9QY81;Q3U031;Q69ZW2;Q7TQM1	RNA transport
Q62086;Q3TAD3;Q8CFK3	Bisphenol degradation;Aminobenzoate degradation
Q8BGQ4;Q8R4Z0	Other types of O-glycan biosynthesis
Q62087;Q4FZK0;Q8C2I7	Bisphenol degradation;Aminobenzoate degradation
P52430;Q91X30	Bisphenol degradation;Aminobenzoate degradation
Q9DB28;Q9CSC3;Q9CSL4	Ribosome biogenesis in eukaryotes;RNA transport
Q9CQT5;Q9CXV8;Q9CZL7	Proteasome
Q9DCH2	Ribosome biogenesis in eukaryotes;RNA transport
Q8R2R1;Q3UYD8;Q64J18;Q8BPJ6;Q8BPU1;Q8R474	Other types of O-glycan biosynthesis
Q9JJJ7;A2AC30;A2AC32;A2AC33;Q9CWT0;Q9JJJ8;Q9JJJ9;Q9JJK0	Wnt signaling pathway
Q9WUP4;D3YZB6;D3Z3J5;Q3UU82;Q8BGE3	Steroid hormone biosynthesis
Q91VC7;Q99MB9	Vascular smooth muscle contraction
P62141;P37140;Q3TBE5;Q3TL90;Q542E7;Q8C285;Q9DBY2	Meiosis - yeast;Oocyte meiosis;Vascular smooth muscle contraction;Focal adhesion;Long-term potentiation;Regulation of actin cytoskeleton;Insulin signaling pathway
P62137;P08129;P20653;P22802;Q3U7G7;Q9Z1G2	Meiosis - yeast;Oocyte meiosis;Vascular smooth muscle contraction;Focal adhesion;Long-term potentiation;Regulation of actin cytoskeleton;Insulin signaling pathway
P62715;P11082	mRNA surveillance pathway;Cell cycle - yeast;Meiosis - yeast;Oocyte meiosis;Wnt signaling pathway;TGF-beta signaling pathway;Tight junction;Long-term depression;Chagas disease (American trypanosomiasis);Hepatitis C
P63087;O09186;O09189;P37139;Q64679	Meiosis - yeast;Oocyte meiosis;Vascular smooth muscle contraction;Focal adhesion;Long-term potentiation;Regulation of actin cytoskeleton;Insulin signaling pathway
P63330;O88591;P13353;Q5SNY5	mRNA surveillance pathway;Cell cycle - yeast;Meiosis - yeast;Oocyte meiosis;Wnt signaling pathway;TGF-beta signaling pathway;Tight junction;Long-term depression;Chagas disease (American trypanosomiasis);Hepatitis C
P63328;B2RRX2;P12816;P20652;Q3UCU1;Q64135	MAPK signaling pathway;Calcium signaling pathway;Oocyte meiosis;Apoptosis;Wnt signaling pathway;Axon guidance;VEGF signaling pathway;Osteoclast differentiation;Natural killer cell mediated cytotoxicity;T cell receptor signaling pathway;B cell receptor signaling pathway;Long-term potentiation;Alzheimer's disease;Amyotrophic lateral sclerosis (ALS);ko05152
P48453;Q6NZR4	MAPK signaling pathway;Calcium signaling pathway;Oocyte meiosis;Apoptosis;Wnt signaling pathway;Axon guidance;VEGF signaling pathway;Osteoclast differentiation;Natural killer cell mediated cytotoxicity;T cell receptor signaling pathway;B cell receptor signaling pathway;Long-term potentiation;Alzheimer's disease;Amyotrophic lateral sclerosis (ALS);ko05152
P48455;Q3V074	MAPK signaling pathway;Calcium signaling pathway;Oocyte meiosis;Apoptosis;Wnt signaling pathway;Axon guidance;VEGF signaling pathway;Osteoclast differentiation;Natural killer cell mediated cytotoxicity;T cell receptor signaling pathway;B cell receptor signaling pathway;Long-term potentiation;Alzheimer's disease;Amyotrophic lateral sclerosis (ALS);ko05152
Q9D358;O88739;O88740;Q9QWF5	Riboflavin metabolism
Q8BP40;Q3TNE2;Q8BN33;Q9JMG5;Q9QXG5	Riboflavin metabolism
Q05117	Riboflavin metabolism;Osteoclast differentiation;Rheumatoid arthritis
Q8CE08;A4QPG2;B8JJZ5;B8JJZ6;Q8C682;Q9QXH7	Riboflavin metabolism
P37238	PPAR signaling pathway;Osteoclast differentiation;Huntington's disease;Pathways in cancer;Thyroid cancer
P24638;Q8QZT5	Riboflavin metabolism
P24823;Q3ULC9	Aminobenzoate degradation;Folate biosynthesis;Two-component system
Q8VDG5;Q3TVW0;Q9D376;Q9DA06	Pantothenate and CoA biosynthesis
P23204	PPAR signaling pathway;Adipocytokine signaling pathway;Hepatitis C
P35396;P37239	PPAR signaling pathway;Wnt signaling pathway;Pathways in cancer;Acute myeloid leukemia
P09242;Q6P1B0	Aminobenzoate degradation;Folate biosynthesis;Two-component system
P16675;Q8VEF6	Lysosome;Renin-angiotensin system
Q9QZH3;Q9D8C0	Spliceosome
Q9D0W5;Q3UA03	Spliceosome
Q9CR16;Q543G1	Calcium signaling pathway;Parkinson's disease;Huntington's disease
Q99KR7	Toxoplasmosis
Q9D868;Q9CQU7	Spliceosome
Q9D787;Q542A2;Q9CZL1	Ubiquitin mediated proteolysis
P97814;Q4V9R4	NOD-like receptor signaling pathway
P61014;P20006;Q3UQ75	Calcium signaling pathway;Dilated cardiomyopathy
P49443	MAPK signaling pathway
P36993	MAPK signaling pathway
Q9QZ67;B1B0B0	p53 signaling pathway
P51175;P97344;Q99M34	Porphyrin and chlorophyll metabolism
Q9Z2E4	Long-term depression
Q8C767;Q6PAJ7	Insulin signaling pathway
Q7TMB3;O08541;Q8BJW8	Insulin signaling pathway
Q9ERT9	Long-term potentiation
Q60676;G5E819;O35299	MAPK signaling pathway
Q99MR9;Q32MS0;Q8BUJ4;Q8BUL0	Insulin signaling pathway
O35448;Q80WP5	Fatty acid elongation in mitochondria;Lysosome
Q91VJ5;Q80WW2;Q9ER43;Q9QYY2	Spliceosome
O88531;Q9D681;Q9WTY3	Fatty acid elongation in mitochondria;Lysosome
P17564;Q3TJS6;Q3U3L5;Q8C579	Protein processing in endoplasmic reticulum
Q4FK66;Q6PB58;Q8BVY2	Spliceosome
Q80SY5;Q9CTD9;Q9CU48;Q9CUI6	Spliceosome
Q9R1C7;Q61049;Q8BQ76;Q8BRW4;Q8C2U1	Spliceosome
Q80W14;Q5XKB4;Q9CS39;Q9WVC9	Spliceosome
Q80V63;B2RTL4	Neurotrophin signaling pathway
P35700;Q3UBV4;Q9CWI2	Peroxisome
O08709;Q91WT2;Q9QWP4;Q9QWW0	Phenylalanine metabolism;Methane metabolism;Phenylpropanoid biosynthesis
Q9WUQ2;Q9QZ99	Protein processing in endoplasmic reticulum
P99029;Q9QX45;Q9QZ75	Peroxisome
Q69ZK0;A2A5U1;Q6PFD4;Q8BN08	Chemokine signaling pathway
P33610;Q3U4Z3	Purine metabolism;Pyrimidine metabolism;DNA replication
Q61878	Asthma
P20664	Purine metabolism;Pyrimidine metabolism;DNA replication
Q3U5C7	Wnt signaling pathway
Q00175;A6H6A5;E9QPW3	Oocyte meiosis;Progesterone-mediated oocyte maturation
Q80Y24;A6H652	Wnt signaling pathway
O70343;L0AM20;L0AN96;L0APB0;Q3UP72	Insulin signaling pathway;Adipocytokine signaling pathway;Huntington's disease
Q08501;P15212;P15213;Q62099	Cytokine-cytokine receptor interaction;Neuroactive ligand-receptor interaction;Jak-STAT signaling pathway
Q6VMN6;E9QJU3;Q059H6	Neuroactive ligand-receptor interaction
P04925	Prion diseases
P97313;E9QN15;O88187;P97928;Q307W9;Q3V2W8;Q8C2A7;Q9Z341	Non-homologous end-joining;Cell cycle
Q9WVS6;Q2KHJ9;Q9ES22;Q9ES23	Ubiquitin mediated proteolysis;Protein processing in endoplasmic reticulum;Parkinson's disease
Q922R0;B1AVU0;Q3UCD1;Q8BHD6;Q9QZ12	MAPK signaling pathway;Calcium signaling pathway;Chemokine signaling pathway;Meiosis - yeast;Oocyte meiosis;Apoptosis;Vascular smooth muscle contraction;Wnt signaling pathway;Hedgehog signaling pathway;Gap junction;Long-term potentiation;Olfactory transduction;Taste transduction;Insulin signaling pathway;GnRH signaling pathway;Progesterone-mediated oocyte maturation;Melanogenesis;Endocrine and other factor-regulated calcium reabsorption;Vasopressin-regulated water reabsorption;Salivary secretion;Gastric acid secretion;Bile secretion;Prion diseases;Vibrio cholerae infection;Amoebiasis;Dilated cardiomyopathy
Q9D6I3;Q6JEK6	Regulation of actin cytoskeleton;Shigellosis
P62962;P10924	Regulation of actin cytoskeleton;Shigellosis
Q9JJV2;Q3TPT7;Q3V171;Q9ES48;Q9ES49;Q9ES50	Regulation of actin cytoskeleton;Shigellosis
P33587;O35498;Q91WN8;Q99PC6	Complement and coagulation cascades
Q9DAD6	Regulation of actin cytoskeleton;Shigellosis
Q9WU79;A0JLW6;Q3UNR4;Q9QX61	Arginine and proline metabolism
Q08761;P43483	Complement and coagulation cascades
Q99KP6;Q3TP64;Q4ADG5;Q8BKZ5;Q8BVQ4	Spliceosome;Ubiquitin mediated proteolysis
Q9DC48;B2RY33	Spliceosome
Q8BM39;Q3UX46;Q8BZ54	Spliceosome
Q8CCF0;E9QPM6;Q6P7X2;Q8BQ91;Q8C8U4;Q8C8V5;Q8CCG6;Q8CF52;Q8VBW3	Spliceosome
Q9DAW6	Spliceosome
Q91YR7;Q3ULJ7;Q542P0;Q8CIK9;Q8R3M8;Q99JN1;Q9CSZ0	Spliceosome
Q922U1;Q3TJH4;Q9D6C6	Spliceosome
Q9D7G0;Q76MX9	Pentose phosphate pathway;Purine metabolism
Q9CS42;Q9CZA9	Pentose phosphate pathway;Purine metabolism
P15499	Amyotrophic lateral sclerosis (ALS)
Q99PV0;A5D6Q4;Q5ND30;Q5ND31;Q7TQK2;Q8BRZ5;Q8K001	Spliceosome
P62334;P49719;Q3TKK1;Q810A6;Q92524;Q9CXH9	Proteasome
O88685;Q99JN8	Proteasome
P62196;O35051;P47210;P52915;P52916;Q3UL51;Q9CWN5	Proteasome
P62192;P49014;Q03527;Q96AZ3	Proteasome
P46471;O08531;Q3TGX5;Q9DBA1	Proteasome
P54775;Q6ZWN9	Proteasome
Q8BIW1;Q80VU0	Purine metabolism
Q9R1P4	Proteasome
Q9QUM9;Q0VGS3;Q3TT07;Q3U6Y2	Proteasome
Q9R1P0;Q3THT1	Proteasome
Q9Z2U0	Proteasome
P49722;E9Q3A4;Q6ZWV8	Proteasome
Q9Z2U1	Proteasome
O70435	Proteasome
O35955;O08687;Q99KC5	Proteasome
Q8BG41;Q149K8	Proteasome
O09061;Q62038;Q62039	Proteasome
Q9R1P3	Proteasome
P70195;O09084;Q542F7;Q9CZH4;Q9DCF7	Proteasome
P99026;Q3THC0;Q3THI3;Q3U0S0;Q3UVQ4;Q62008;Q8BK27;Q91VV7	Proteasome
Q9R1P1	Proteasome
Q60692;Q3V240;Q60693;Q8BJX9;Q91VH5	Proteasome
P28063;Q3UK42;Q64300;Q792S8;Q7TMX9;Q91VH7	Proteasome
P28076;O09085;O09151;Q07704;Q60827;Q64278	Proteasome
O55234;Q3UZI1;Q91X53;Q9CWR4;Q9R1P2	Proteasome
Q8BG32	Proteasome
Q5DTT2;B2RS07;B7ZNN7;Q3TY69;Q6PE10	Endocytosis
Q2PFD7;Q3TTA1;Q80TN6;Q80UZ7;Q8CEA6	Endocytosis
Q9D8W5;Q9CQT4;Q9CYB3	Proteasome
Q8BLR5;A2AIU4;Q3TE33;Q3TQF5;Q3UD59;Q3UFH9;Q80V44	Endocytosis
Q9WVJ2;Q3TB19;Q3TR74;Q542R0	Proteasome
Q6P1I6;Q6NZP0;Q6PHQ7;Q8BHR9;Q9D3B8	Endocytosis
O35593;Q3UB50;Q9CZY6	Proteasome
Q9CWH6;Q14A44	Proteasome
P97371;O35561;Q9D841	Proteasome;Antigen processing and presentation
P26516;Q3TW61;Q8C0I8	Proteasome
O35226;Q91V59;Q9JJM0;Q9JJM1;Q9JJM2;Q9JJM3	Proteasome
P97372;O35562	Proteasome;Antigen processing and presentation
Q8VDM4	Proteasome
Q3TXS7;B2RRP8	Proteasome
Q9CX56	Proteasome
Q8BHL8;Q8C0G9	Proteasome
P61290;O35563;P97373;Q12920;Q13172;Q9BQD9	Proteasome;Antigen processing and presentation;Hepatitis C
Q99JI4;Q9CWZ1	Proteasome
Q5SSW2;C4IXU5;Q3TER7;Q3V2B7;Q6ZQJ7;Q7TMY9;Q8K0K0;Q99KM2;Q9ESY1	Proteasome
P14685;Q3TP95;Q99LL7	Proteasome
Q61144;O54977;P97934;P97935;Q91VS3;Q9D616	Notch signaling pathway;Neurotrophin signaling pathway;Alzheimer's disease
Q8BP74;Q0D2I7;Q14C09	Selenocompound metabolism;Aminoacyl-tRNA biosynthesis
Q62035;B1B170;Q8C017	Calcium signaling pathway;Neuroactive ligand-receptor interaction;Staphylococcus aureus infection
O35595;A2AE82;Q546T0	Hedgehog signaling pathway;Pathways in cancer;Basal cell carcinoma
P0C6B2	Notch signaling pathway
Q61115	Hedgehog signaling pathway;Pathways in cancer;Basal cell carcinoma
Q9JM51;Q3T9C5	Arachidonic acid metabolism
P41593;Q62119;Q80WU8	Neuroactive ligand-receptor interaction;Endocrine and other factor-regulated calcium reabsorption
O08586;Q3UFB0;Q542G1	Inositol phosphate metabolism;Phosphatidylinositol signaling system;p53 signaling pathway;Focal adhesion;Tight junction;Pathways in cancer;Endometrial cancer;Glioma;Prostate cancer;Melanoma;Small cell lung cancer
O35074	Arachidonic acid metabolism
O09114;O09157;O35091;Q3V2G5;Q62169	Arachidonic acid metabolism
Q91V95	Neuroactive ligand-receptor interaction
P35821;Q60840;Q62131;Q64498;Q99JS1	Adherens junction;Insulin signaling pathway
P35235;Q3TQ84;Q64509;Q6PCL5	MAPK signaling pathway - fly;Jak-STAT signaling pathway;Natural killer cell mediated cytotoxicity;Leukocyte transendothelial migration;Neurotrophin signaling pathway;Adipocytokine signaling pathway;Epithelial cell signaling in Helicobacter pylori infection;Renal cell carcinoma;Chronic myeloid leukemia
P54830;Q64694;Q8CAN0	MAPK signaling pathway
P29351;O35128;Q63872;Q63873;Q63874;Q921G3;Q9QVA6;Q9QVA7;Q9QVA8;Q9R0V6	Adherens junction;Jak-STAT signaling pathway;Natural killer cell mediated cytotoxicity;T cell receptor signaling pathway;B cell receptor signaling pathway;Leishmaniasis
Q62132;Q64491;Q64492;Q9QUH9	MAPK signaling pathway
Q8BUM3	MAPK signaling pathway
B2RU80;Q3UGZ7;Q8CIW2	Adherens junction
Q9R1Z7;Q3UIB6;Q9Z2N2	Folate biosynthesis
P80560;O09134;P70328;Q1RLJ1	Type I diabetes mellitus
Q64455;Q3UH64;Q3UHL5;Q541R5;Q8CIW9;Q8K3Q2	Adherens junction
P06800;E9QLT5;Q61812;Q61813;Q61814;Q61815;Q78EF1;S4R1S4;S4R2V1	Cell adhesion molecules (CAMs);T cell receptor signaling pathway;Fc gamma R-mediated phagocytosis;Primary immunodeficiency
P28828;E9QKU4;Q571L8	Cell adhesion molecules (CAMs);Adherens junction
Q9CQJ7;O88887;Q9Z2E6	Cell cycle;Oocyte meiosis
Q99LH2;O55024;Q3UV14;Q8C2S8	Glycerophospholipid metabolism
Q9Z1X2;Q8BHL2;Q8CCI8;Q8CCY7;Q922A1;Q9CY68	Glycerophospholipid metabolism
B9EKR1	Epithelial cell signaling in Helicobacter pylori infection
A2A8L5;Q6PG86;Q9EQ17	Cell adhesion molecules (CAMs);Adherens junction;Insulin signaling pathway
Q3UEB3;Q3TGC6;Q91VR6	Spliceosome
Q64737;Q3TGI3;Q6NS48	Purine metabolism;One carbon pool by folate
Q8CIH9;Q3TKC5;Q3TUW2;Q3UGU3	Purine metabolism;Alanine, aspartate and glutamate metabolism
Q5SUR0;A4FUJ6;Q6A080	Purine metabolism
Q9DCL9;Q9CQ38	Purine metabolism
P54822;Q8VCD4	Purine metabolism;Alanine, aspartate and glutamate metabolism
Q9CWJ9;Q3UTQ3;Q80UH0;Q8BPF0;Q8BQV9;Q9CRI1;Q9CZW9	Purine metabolism;One carbon pool by folate
P46664;Q9CQL9	Purine metabolism;Alanine, aspartate and glutamate metabolism
P28650;Q8CHQ1	Purine metabolism;Alanine, aspartate and glutamate metabolism
Q9Z211;Q8C5B8	Peroxisome
Q9Z210;Q8C4G1;Q9D090	Peroxisome
P42925;Q9ERF1	Peroxisome
Q6P6M5;Q9D8P0;Q9D8X4	Peroxisome
Q9JJW0;Q3U0L9;Q9CQV9	Peroxisome
Q8BU03;Q8BTR0	Ribosome biogenesis in eukaryotes
Q9ET01;Q3UKJ0	Starch and sucrose metabolism;Insulin signaling pathway
Q8CI94;Q8K283	Starch and sucrose metabolism;Insulin signaling pathway
Q9WUB3	Starch and sucrose metabolism;Insulin signaling pathway
Q8CHP5;Q80YD2	RNA transport;mRNA surveillance pathway
B2RQC6;B7ZN27	Pyrimidine metabolism;Alanine, aspartate and glutamate metabolism
O35435	Pyrimidine metabolism
P70698;Q922Y4	Pyrimidine metabolism
P70303;Q3TPQ2;Q3TT59	Pyrimidine metabolism
Q9EPS2;Q91XD0	Neuroactive ligand-receptor interaction
Q9DB77;Q8BK11;Q9CVK7	Oxidative phosphorylation;Cardiac muscle contraction;Alzheimer's disease;Parkinson's disease;Huntington's disease
Q9CPX8;Q3TFX1	Oxidative phosphorylation;Cardiac muscle contraction;Alzheimer's disease;Parkinson's disease;Huntington's disease
Q8R1I1	Oxidative phosphorylation;Cardiac muscle contraction;Alzheimer's disease;Parkinson's disease;Huntington's disease
Q9CQ69	Oxidative phosphorylation;Cardiac muscle contraction;Alzheimer's disease;Parkinson's disease;Huntington's disease
Q9CZ13;Q3TV75;Q9CWL6	Oxidative phosphorylation;Cardiac muscle contraction;Alzheimer's disease;Parkinson's disease;Huntington's disease
P99028;Q542K2;Q9CQP4	Oxidative phosphorylation;Cardiac muscle contraction;Alzheimer's disease;Parkinson's disease;Huntington's disease
O55230	Homologous recombination
Q6PFE3;A2AIV0	Homologous recombination
O35719;Q8BSH6;Q9D555	Homologous recombination
Q924H5;B2KGK7;Q5SX32;Q8C653	Homologous recombination
Q9DD03	Tight junction
P35278;Q8R1V8;Q8R2N8	Endocytosis;Phagosome;Vasopressin-regulated water reabsorption;Amoebiasis;ko05152
Q921E2;Q8BKP0	Endocytosis
Q9CZT8;Q80WV9;Q920F1	Tight junction
P51150	Endocytosis;Phagosome;Amoebiasis;ko05152
Q9CQD1;Q3UCX7;Q4VAA1;Q9DCN5	Endocytosis;Phagosome;Vasopressin-regulated water reabsorption;Amyotrophic lateral sclerosis (ALS);Amoebiasis;ko05152
Q9R0M6	Measles
P35276	Pancreatic secretion
P56371;Q3TSQ6	Endocytosis
P55258;Q8VCF6	Pancreatic secretion
Q8BHH2	Measles
Q8VEA8;Q0PD09;Q8BJT0;Q8BZB1	Phagosome;Amoebiasis
P61021;P35239;P35277	Endocytosis;Phagosome;Vasopressin-regulated water reabsorption;Amoebiasis;ko05152
P63001;O95501;P15154;Q9BTB4	MAPK signaling pathway;Chemokine signaling pathway;Phagosome;Wnt signaling pathway;Axon guidance;VEGF signaling pathway;Osteoclast differentiation;Focal adhesion;Adherens junction;Toll-like receptor signaling pathway;Natural killer cell mediated cytotoxicity;B cell receptor signaling pathway;Fc epsilon RI signaling pathway;Fc gamma R-mediated phagocytosis;Leukocyte transendothelial migration;Neurotrophin signaling pathway;Regulation of actin cytoskeleton;Pancreatic secretion;Amyotrophic lateral sclerosis (ALS);Bacterial invasion of epithelial cells;Epithelial cell signaling in Helicobacter pylori infection;Shigellosis;Pathways in cancer;Colorectal cancer;Renal cell carcinoma;Pancreatic cancer;Viral myocarditis
O35551;A1L322;Q5QNU3;Q99L08;Q9CRP3;Q9EQF9;Q9JI94	Endocytosis
Q61550;P70219;Q3TQ09;Q810A8;Q91VB9;Q9DBU4	Cell cycle;Cell cycle - yeast
Q05144;Q3TBC4;Q9D8X9	MAPK signaling pathway;Chemokine signaling pathway;Wnt signaling pathway;Axon guidance;VEGF signaling pathway;Focal adhesion;Adherens junction;Natural killer cell mediated cytotoxicity;B cell receptor signaling pathway;Fc epsilon RI signaling pathway;Fc gamma R-mediated phagocytosis;Leukocyte transendothelial migration;Regulation of actin cytoskeleton;Pathways in cancer;Colorectal cancer;Pancreatic cancer;Viral myocarditis
Q6NXW6;O88934;O89024	Cell cycle - yeast;Meiosis - yeast
P68040;P25388;P99049;Q3THP0;Q3THY7;Q3TKQ0;Q3TW88;Q5NCC5;Q5NCC6;Q9CSQ0;Q9ERM6	Measles
P60764;O14658	MAPK signaling pathway;Wnt signaling pathway;Axon guidance;VEGF signaling pathway;Focal adhesion;Adherens junction;Natural killer cell mediated cytotoxicity;B cell receptor signaling pathway;Fc epsilon RI signaling pathway;Regulation of actin cytoskeleton;Pathways in cancer;Colorectal cancer;Pancreatic cancer;Viral myocarditis
Q9QWZ1;O70452;O88391;Q3TGU1;Q3UG66;Q9QWZ3	Cell cycle - yeast;Meiosis - yeast
P43352	Homologous recombination
P70270;Q8BSR5;Q8C2C4;Q8K3D4	Homologous recombination
Q08297;Q3UAY5	Homologous recombination;Pathways in cancer;Pancreatic cancer
O08602;B9EI05	Natural killer cell mediated cytotoxicity
Q99N57;Q3UR68;Q58E75;Q91WH1;Q99N58;Q9QUU8	MAPK signaling pathway;ErbB signaling pathway;Chemokine signaling pathway;Vascular smooth muscle contraction;VEGF signaling pathway;Focal adhesion;Gap junction;Natural killer cell mediated cytotoxicity;T cell receptor signaling pathway;B cell receptor signaling pathway;Fc epsilon RI signaling pathway;Fc gamma R-mediated phagocytosis;Long-term potentiation;Neurotrophin signaling pathway;Long-term depression;Regulation of actin cytoskeleton;Insulin signaling pathway;GnRH signaling pathway;Progesterone-mediated oocyte maturation;Melanogenesis;ko05152;Hepatitis C;Pathways in cancer;Colorectal cancer;Renal cell carcinoma;Pancreatic cancer;Endometrial cancer;Glioma;Prostate cancer;Melanoma;Bladder cancer;Chronic myeloid leukemia;Acute myeloid leukemia;Non-small cell lung cancer
O08603;A2RS95	Natural killer cell mediated cytotoxicity
P26043;Q3TS85;Q9QW27	Regulation of actin cytoskeleton
P46061;Q60801;Q6NZB5	RNA transport
O08604;A2RSA1	Natural killer cell mediated cytotoxicity
Q9JI58;Q3KQI0	Natural killer cell mediated cytotoxicity
Q9CZQ6;A2RSZ5	Natural killer cell mediated cytotoxicity
P63321;P05810	Pathways in cancer;Pancreatic cancer
P15919;A2AVN8	Primary immunodeficiency
Q8C570;Q3UKD4	RNA transport
Q9WTJ5	Vascular smooth muscle contraction
Q9JIW9;Q3TVS5	Pathways in cancer;Pancreatic cancer
Q9WUP0;Q6IS25	Vascular smooth muscle contraction
Q61820;Q4FZF4;Q6P8M7;Q80YD4;Q9D9Y0	Ribosome biogenesis in eukaryotes;RNA transport
P21784	Primary immunodeficiency
Q9WUP1;Q5SWP4	Vascular smooth muscle contraction
P62835;P10113	MAPK signaling pathway;Chemokine signaling pathway;Focal adhesion;Leukocyte transendothelial migration;Long-term potentiation;Neurotrophin signaling pathway;Pancreatic secretion;Renal cell carcinoma
Q99JI6	MAPK signaling pathway;Chemokine signaling pathway;Focal adhesion;Leukocyte transendothelial migration;Long-term potentiation;Neurotrophin signaling pathway;Pancreatic secretion;Renal cell carcinoma
P62827;P17080;P28746;P28747;Q3U954;Q811M2;Q86V08;Q9CSP3;Q9CWI7;Q9CZA2;Q9UDJ5;Q9UEU9	Ribosome biogenesis in eukaryotes;RNA transport
P11416;P22603	Pathways in cancer;Acute myeloid leukemia
Q61411;F7BIB2;Q6P716;Q80WD2;Q811B9	MAPK signaling pathway;ErbB signaling pathway;Chemokine signaling pathway;Endocytosis;Axon guidance;VEGF signaling pathway;Focal adhesion;Tight junction;Gap junction;Natural killer cell mediated cytotoxicity;T cell receptor signaling pathway;B cell receptor signaling pathway;Fc epsilon RI signaling pathway;Long-term potentiation;Neurotrophin signaling pathway;Long-term depression;Regulation of actin cytoskeleton;Insulin signaling pathway;GnRH signaling pathway;Melanogenesis;Hepatitis C;Pathways in cancer;Renal cell carcinoma;Endometrial cancer;Glioma;Prostate cancer;Thyroid cancer;Melanoma;Bladder cancer;Chronic myeloid leukemia;Acute myeloid leukemia;Non-small cell lung cancer
Q5EBH1;O70407;Q6KAR0;Q8C2E8	Leukocyte transendothelial migration;Pathways in cancer;Non-small cell lung cancer
P58069;G3X918	MAPK signaling pathway
P22605;P11417;P22604	Pathways in cancer;Small cell lung cancer;Non-small cell lung cancer
Q60790;Q6PG24;Q925V1	MAPK signaling pathway - fly
O08989	MAPK signaling pathway;Tight junction;Regulation of actin cytoskeleton
Q99MK9;Q9WUF5	Pathways in cancer;Bladder cancer;Non-small cell lung cancer
P32883;P04200;P08643	MAPK signaling pathway;ErbB signaling pathway;MAPK signaling pathway - fly;Chemokine signaling pathway;Dorso-ventral axis formation;Axon guidance;VEGF signaling pathway;Tight junction;Gap junction;Natural killer cell mediated cytotoxicity;T cell receptor signaling pathway;B cell receptor signaling pathway;Fc epsilon RI signaling pathway;Long-term potentiation;Neurotrophin signaling pathway;Long-term depression;Regulation of actin cytoskeleton;Insulin signaling pathway;GnRH signaling pathway;Progesterone-mediated oocyte maturation;Melanogenesis;Aldosterone-regulated sodium reabsorption;Hepatitis C;Pathways in cancer;Colorectal cancer;Renal cell carcinoma;Pancreatic cancer;Endometrial cancer;Glioma;Prostate cancer;Thyroid cancer;Melanoma;Bladder cancer;Chronic myeloid leukemia;Acute myeloid leukemia;Non-small cell lung cancer
Q99P58;Q8CIX0	Pancreatic secretion
P62492;P24410;Q3V1Z6;Q9JLX1	Endocytosis;Endocrine and other factor-regulated calcium reabsorption;Vasopressin-regulated water reabsorption;Pancreatic secretion
P35285;Q3UCA7;Q91VD4	Endocytosis
P46638	Endocytosis;Vasopressin-regulated water reabsorption
Q64701;Q3U1D4	Cell cycle;TGF-beta signaling pathway
Q64700;Q3TVP8	Cell cycle;TGF-beta signaling pathway
B2RY56;Q3TPH6;Q3U976;Q3UQU7;Q6NWW2;Q8BVT8;Q91XE6;Q9CT27;Q9CT49	Spliceosome
Q9CWZ3;A0A023T672;Q3UT38;Q6GTD4;Q9D6U5	RNA transport;mRNA surveillance pathway;Spliceosome
Q9WV02;Q8C2U6;Q9R0Y0	Spliceosome
Q8BHS3;Q3TJB0;Q9CXA0	Spliceosome
Q8CGC6;E9QKF8;Q3U0K5;Q8BG25;Q8VEJ8;Q9CS22;Q9CSE6	Ribosome biogenesis in eukaryotes
Q80Y56;Q8K0L6;Q9CTW0	Endocytosis
O08674	Notch signaling pathway
Q9ERU9;E9QM01;Q61992;Q8C9K9	RNA transport
Q62172;Q6NXH5;Q9CRE5	Pathways in cancer;Pancreatic cancer
Q8R1Q9	Pentose phosphate pathway
Q9WTZ1;Q3UKF8	Ubiquitin mediated proteolysis
P62878;Q8N6Z8;Q9D1S2;Q9WUK9;Q9Y254	Nucleotide excision repair;Cell cycle;Cell cycle - yeast;Oocyte meiosis;Ubiquitin mediated proteolysis;Protein processing in endoplasmic reticulum;Wnt signaling pathway;TGF-beta signaling pathway;Circadian rhythm - mammal;Pathways in cancer;Renal cell carcinoma
Q9JJT0	Ribosome biogenesis in eukaryotes
P13405;Q4VA62	Cell cycle;Pathways in cancer;Pancreatic cancer;Glioma;Prostate cancer;Melanoma;Bladder cancer;Chronic myeloid leukemia;Small cell lung cancer;Non-small cell lung cancer
Q8CFE3;K3W4P9;Q3V092;Q8BK28;Q8CHI2	Huntington's disease
P54726;B7ZNQ1	Nucleotide excision repair;Protein processing in endoplasmic reticulum
P54728;Q3TUA4	Nucleotide excision repair;Protein processing in endoplasmic reticulum
Q8VCH7;Q8CJ68	Retinol metabolism
O54909	Retinol metabolism
Q9QYF1;Q3UXM9;Q9D0U5	Retinol metabolism
Q8BYK4;Q91WA5;Q9D1Y4	Retinol metabolism
O55240	Retinol metabolism
Q8C5S7;Q3UIN9;Q9JK52	Oocyte meiosis
P34057	Phototransduction
Q04863;Q8VE46	MAPK signaling pathway;Osteoclast differentiation
Q60841;E9PZ78;Q9CUA6	Focal adhesion;ECM-receptor interaction
A2AT37	RNA transport;mRNA surveillance pathway
P82343;Q3TIZ6;Q3UJ23;Q80Z67;Q91WI9;Q9CXI1	Amino sugar and nucleotide sugar metabolism
P06281;P97911;Q543E5;Q62153;Q62154	Renin-angiotensin system
P00796;P70229;P97955;Q62155	Renin-angiotensin system
Q64FW2;Q149J8;Q3UNN9;Q78JX8;Q8VHE7;Q9CW85	Retinol metabolism
Q9EPU0;Q3UG00;Q6GYP5;Q6PHQ5;Q8K0N4;Q99PR4	RNA transport;mRNA surveillance pathway
Q8VIG1;A0JNY8;Q155C6;Q3U0W0;Q4VAD6;Q9CW43	Huntington's disease
Q7TT28;Q3UMP1;Q69ZR0;Q6NSQ6;Q6PI95;Q9DA29	Ribosome biogenesis in eukaryotes
Q08652;Q9D1N1	Vitamin digestion and absorption
P35546;Q8BQ34;Q9QXH9	Endocytosis;Pathways in cancer;Thyroid cancer
Q62193;Q3TE40	DNA replication;Nucleotide excision repair;Mismatch repair;Homologous recombination
P35601	DNA replication;Nucleotide excision repair;Mismatch repair
Q8VEE4;Q3TEJ8	DNA replication;Nucleotide excision repair;Mismatch repair;Homologous recombination
Q8R323	DNA replication;Nucleotide excision repair;Mismatch repair
Q9CQ71	DNA replication;Nucleotide excision repair;Mismatch repair;Homologous recombination
Q9WUK4	DNA replication;Nucleotide excision repair;Mismatch repair
Q99J62	DNA replication;Nucleotide excision repair;Mismatch repair
Q9D0F6	DNA replication;Nucleotide excision repair;Mismatch repair
Q9D620;Q05A58;Q3UBC2;Q8BN24	Endocytosis
O09009;B1ATU3	Other types of O-glycan biosynthesis;Notch signaling pathway
Q8VCG9;Q91Y54	Antigen processing and presentation;ko05152;Primary immunodeficiency
G3XA57;B9EID4;Q5HZI0	Endocytosis
Q9Z205	Antigen processing and presentation;ko05152;Primary immunodeficiency
Q8C3B8;B2RUN9	N-Glycan biosynthesis
Q8CHD8;Q8JZT3	Endocytosis
Q9JL61;D3Z1N0;G3X9S6;Q3U180	Antigen processing and presentation;ko05152;Primary immunodeficiency
Q8BQP8;Q80T87	Endocytosis
Q8R361;C4IXU4	Endocytosis
P27671	MAPK signaling pathway;Focal adhesion
P70392;Q3TYN3;Q9QX51	MAPK signaling pathway
O54828;A1L352;Q9Z0S0	Phototransduction
Q9DC04;Q5SRB1;Q5SRB4;Q5SRB8;Q8CEE3;Q8VI25;Q925G9;Q9JL22;Q9JL23;Q9QXA2	Axon guidance
Q9DAK3;B2RPX3	Ubiquitin mediated proteolysis
Q91V93;Q8BYU3;Q8K1A8	Ubiquitin mediated proteolysis
Q921J2	mTOR signaling pathway;Insulin signaling pathway
Q6Y5D8;Q6Y5D6;Q6Y5D7;Q99MT3;Q99MT4	Bacterial invasion of epithelial cells
P97393;E9PYT0;E9Q0L8	Focal adhesion;Leukocyte transendothelial migration
Q91YM2;Q3UGY1;Q69ZC4	Focal adhesion;Leukocyte transendothelial migration;Regulation of actin cytoskeleton
P97348;O09104	Axon guidance
Q8R527;Q7TNC0;Q80VH4	Insulin signaling pathway
P84096;P35238;Q8NI04	Bacterial invasion of epithelial cells;Shigellosis
Q9QUI0;O88336	Chemokine signaling pathway;Endocytosis;Vascular smooth muscle contraction;Wnt signaling pathway;TGF-beta signaling pathway;Axon guidance;Focal adhesion;Adherens junction;Tight junction;T cell receptor signaling pathway;Leukocyte transendothelial migration;Neurotrophin signaling pathway;Regulation of actin cytoskeleton;Pancreatic secretion;Bacterial invasion of epithelial cells;Pathogenic Escherichia coli infection;ko05152;Pathways in cancer;Colorectal cancer
Q9D3G9	Leukocyte transendothelial migration
Q6QI06;E9QPE0;Q0VAV4;Q69Z40;Q6PDL2;Q6RI74;Q8BPH9;Q8CBF2	mTOR signaling pathway
Q8CFV9;O35471;O35472;Q9CQ95	Riboflavin metabolism
Q6Q899;A2AP28;Q8C320;Q8C5I3;Q8C7T2	RIG-I-like receptor signaling pathway;Cytosolic DNA-sensing pathway;Hepatitis C;Measles
Q5ND29;Q80WB8;Q8CHY9	Phagosome
Q922Q2;Q3U7D5;Q99LZ1;Q9CU84;Q9CXN9	Ribosome biogenesis in eukaryotes
Q60855;Q3U0J3;Q8CD90	Apoptosis;Toll-like receptor signaling pathway;RIG-I-like receptor signaling pathway;Cytosolic DNA-sensing pathway;Hepatitis C
Q9CQS5;Q91XF3	Ribosome biogenesis in eukaryotes
P58801	NOD-like receptor signaling pathway;Neurotrophin signaling pathway;Shigellosis;ko05152
P07742;Q91YM8	Purine metabolism;Pyrimidine metabolism;Glutathione metabolism
Q9QZL0;G3X8V8;Q3U3Z9;Q8K2Y2	Cytosolic DNA-sensing pathway
P11157;Q3UI23;Q542E2	Purine metabolism;Pyrimidine metabolism;Glutathione metabolism;p53 signaling pathway
Q6PEE3	Purine metabolism;Pyrimidine metabolism;Glutathione metabolism;p53 signaling pathway
Q6ZWV3;P45634;Q569M8;Q5M9K8	Ribosome
Q9CXW4;Q3TPE3;Q6ZWY0	Ribosome
P35979;Q9CQK4	Ribosome
P19253	Ribosome
P47963;Q9CRZ9;Q9DCH1	Ribosome
Q9CR57;Q9D8Q1	Ribosome
Q9CZM2;Q9CWI5	Ribosome
Q9CPR4;Q6ZWZ7	Ribosome
P62717;P11249;Q3TSN0	Ribosome
P35980;Q9CQF1;Q9D987	Ribosome
P84099;P14118;P22908	Ribosome
O09167;Q9CQM8	Ribosome
Q9D7S7;Q9CXU8	Ribosome
P67984;P41104	Ribosome
P62751;P29316;P39024;Q92774	Ribosome
P62830;P23131;P24048;Q29246;Q3THU4;Q9CZE6;Q9DCQ4	Ribosome
Q8BP67;P38663;Q58EA4	Ribosome
P14115;Q9CQ16;Q9R1X6	Ribosome
P61255;Q02877	Ribosome
P61358	Ribosome
P41105	Ribosome
P47915	Ribosome
P62889;P04645	Ribosome
P62900;P12947	Ribosome
P62911;P02433;Q3UFJ7	Ribosome
Q9D1R9;Q497V4	Ribosome
O55142	Ribosome
Q6ZWV7	Ribosome
P83882;P09896;P10661	Ribosome
P47964;Q6ZWZ4	Ribosome
P61514;P12751	Ribosome
Q9JJI8	Ribosome
Q9D823;Q6ZWV1	Ribosome
Q9CQD0	Ribosome
P62892;P02404;P39025;Q9BYF2	Ribosome
E9PWZ3;Q5U470;Q9CQ09	Ribosome
P27659;O89071;Q91VJ6	Ribosome
P62984;P02248;P02249;P02250;P62991;Q29120;Q62317;Q64223;Q8VCH1;Q91887;Q91888;Q9CXY4;Q9CZM0;Q9D1R5;Q9D8D9;Q9ET23;Q9ET24;Q9Z0H9	Ribosome
P62947;A6H625;P28751;Q3UCJ7	Ribosome
Q9D8E6;Q9CY08	Ribosome
P47962;Q9CR19	Ribosome
P47911;Q6P5I2;Q925C3	Ribosome
P12970;Q91YM3	Ribosome
P14148;Q80UR0	Ribosome
P62918;P25120;Q3V288	Ribosome
P51410;Q9JK58	Ribosome
P47955	Ribosome
P14869;Q99L54	Ribosome
P99027;Q3TKY3;Q9CQ99;Q9CZJ8	Ribosome
Q99L28	Ribosome
Q9D1P0	Ribosome
Q91VM5;O35479	Spliceosome
Q9D9R0;Q0VG32;Q52KL4;Q8C7F2	RIG-I-like receptor signaling pathway
Q05921;Q9ERU7	Hepatitis C
Q5HZJ0	Ribosome biogenesis in eukaryotes
Q925F4	Ubiquitin mediated proteolysis
Q8BLR7;Q3TSQ9;Q80ZR7;Q8BYF2	Axon guidance
Q8BH75;Q8BGJ2;Q8BMC9;Q8VEA2;Q9CRK6;Q9D568	Endocytosis
O35445	Protein processing in endoplasmic reticulum
Q9CQ18;Q8R1N2	DNA replication
Q9CWY8;Q8CHY8	DNA replication
Q80ZV0;Q9D014	DNA replication
Q99M28;Q3TMJ1;Q922H8	RNA transport;mRNA surveillance pathway
Q8VEB6;Q9CXB1;Q9ERF4	RNA transport
Q80Y81;B1ATP6;Q99MF0;Q99MF1;Q9CTA2;Q9D1A8;Q9EPZ2	RNA transport
P70336;A5XDA7;Q8BR64;Q8CBR0	Chemokine signaling pathway;Vascular smooth muscle contraction;Wnt signaling pathway;TGF-beta signaling pathway;Axon guidance;Focal adhesion;Leukocyte transendothelial migration;Regulation of actin cytoskeleton;Pathogenic Escherichia coli infection;Shigellosis
P49312;P97312;Q3V269	Spliceosome
O89026	Axon guidance
O08848;Q9QYD8	Systemic lupus erythematosus
P70335;Q8C3G4;Q8C7H0	Chemokine signaling pathway;Vascular smooth muscle contraction;Wnt signaling pathway;TGF-beta signaling pathway;Axon guidance;Focal adhesion;Leukocyte transendothelial migration;Regulation of actin cytoskeleton;Pathogenic Escherichia coli infection;Shigellosis
Q8BG05;Q8BHF8	Spliceosome
P51448;P70283;P97741;P97773;Q923G1	Circadian rhythm - mammal
Q99JH1;Q9CYX4	Ribosome biogenesis in eukaryotes;RNA transport
Q8R1B8;Q0PQZ2;Q0PQZ3;Q1MVR9	Circadian rhythm - mammal
P51450;E9Q8I1;Q3U513;Q61027;Q91YT5;Q9QXD9;Q9R177	Circadian rhythm - mammal
P70700;Q3UMX7	Purine metabolism;Pyrimidine metabolism;RNA polymerase
O35134;Q7TSA9	Purine metabolism;Pyrimidine metabolism;RNA polymerase
Q791N7	Purine metabolism;Pyrimidine metabolism;RNA polymerase
P52432;Q3UJZ9	Purine metabolism;Pyrimidine metabolism;RNA polymerase;Cytosolic DNA-sensing pathway
P61219	Purine metabolism;Pyrimidine metabolism;RNA polymerase;Cytosolic DNA-sensing pathway;Huntington's disease
Q78DX7;Q60705	MAPK signaling pathway - fly
Q80UW8	Purine metabolism;Pyrimidine metabolism;RNA polymerase;Cytosolic DNA-sensing pathway;Huntington's disease
P62876;P52436;Q3UF14	Purine metabolism;Pyrimidine metabolism;RNA polymerase;Cytosolic DNA-sensing pathway;Huntington's disease
P97304	Purine metabolism;Pyrimidine metabolism;RNA polymerase;Cytosolic DNA-sensing pathway
Q9D7M8;Q6ZWW0;Q78KE6	Purine metabolism;Pyrimidine metabolism;RNA polymerase;Huntington's disease
Q923G2;Q3TT30	Purine metabolism;Pyrimidine metabolism;RNA polymerase;Cytosolic DNA-sensing pathway;Huntington's disease
Q8CFI7	Purine metabolism;Pyrimidine metabolism;RNA polymerase;Huntington's disease
Q8K202;B1AXQ6;B1AXQ7;Q62034;Q8BQG9	Purine metabolism;Pyrimidine metabolism;RNA polymerase
P62488;P52433	Purine metabolism;Pyrimidine metabolism;RNA polymerase;Huntington's disease
P08775;Q5F298	Purine metabolism;Pyrimidine metabolism;RNA polymerase;Huntington's disease
P60898	Purine metabolism;Pyrimidine metabolism;RNA polymerase;Huntington's disease
P59470;Q6NVF3	Purine metabolism;Pyrimidine metabolism;RNA polymerase;Cytosolic DNA-sensing pathway
P97760;Q99M46	Purine metabolism;Pyrimidine metabolism;RNA polymerase;Huntington's disease
Q921X6;Q544K6	Purine metabolism;Pyrimidine metabolism;RNA polymerase;Cytosolic DNA-sensing pathway
Q91WD1;Q3U0T3;Q9CZ02	Purine metabolism;Pyrimidine metabolism;RNA polymerase;Cytosolic DNA-sensing pathway
Q9CQZ7;Q9D1U1	Purine metabolism;Pyrimidine metabolism;RNA polymerase;Cytosolic DNA-sensing pathway
Q9D483;Q8R0I2	Purine metabolism;Pyrimidine metabolism;RNA polymerase;Cytosolic DNA-sensing pathway
Q8R0C0;Q9D8G0	Purine metabolism;Pyrimidine metabolism;RNA polymerase;Cytosolic DNA-sensing pathway
Q6NXY9;Q8K0W5;Q9CV05	Purine metabolism;Pyrimidine metabolism;RNA polymerase;Cytosolic DNA-sensing pathway
Q9CZT4;Q8CI35;Q9DBD1	Purine metabolism;Pyrimidine metabolism;RNA polymerase;Cytosolic DNA-sensing pathway
Q9D2C6;Q91XE5	Purine metabolism;Pyrimidine metabolism;RNA polymerase;Cytosolic DNA-sensing pathway
Q8VEE0;Q8C130;Q9BSB5;Q9CQZ3	Pentose phosphate pathway;Pentose and glucuronate interconversions;Carbon fixation in photosynthetic organisms
Q91ZQ5;A1L3D1;E9QNS6;H9KUX9;Q8VHP2	Retinol metabolism
Q8VCC8;Q8BZK9;Q8R1R1	Leukocyte transendothelial migration;Long-term potentiation
Q9EQZ6;Q8VIP9;Q9CW52;Q9Z1P0	Leukocyte transendothelial migration
P47968;Q3UVI8	Pentose phosphate pathway;Carbon fixation in photosynthetic organisms
Q9DBG6;A2ACG6;Q3TKY0;Q91XH0	N-Glycan biosynthesis;Various types of N-glycan biosynthesis;Protein processing in endoplasmic reticulum
Q91YQ5;Q3U985	N-Glycan biosynthesis;Various types of N-glycan biosynthesis;Protein processing in endoplasmic reticulum
Q9CR08;Q3U6V7	Ribosome biogenesis in eukaryotes;RNA transport
Q9CQH8	RNA transport
O88796	Ribosome biogenesis in eukaryotes;RNA transport
Q8R040;Q80XY3;Q811B7;Q9CPX1	RNA transport
Q8R1F9;Q8BX66	Ribosome biogenesis in eukaryotes;RNA transport
Q91WE3	Ribosome biogenesis in eukaryotes;RNA transport
Q9JJ72;Q8K1G8	p53 signaling pathway
P62071;P17082;Q3TA79;Q8C5D1;Q9D0H6	MAPK signaling pathway;Tight junction;Regulation of actin cytoskeleton
P10833	MAPK signaling pathway;Tight junction;Regulation of actin cytoskeleton
Q99PL5;A2AVJ8;Q99PK5;Q99PK6;Q99PK7;Q99PK8;Q99PK9;Q99PL0;Q99PL1;Q99PL2;Q99PL3;Q99PL4;Q9CS20	Protein processing in endoplasmic reticulum
Q9CSH3;Q6ZQ07;Q8C074	RNA degradation
Q9D1C9;Q3TWT8;Q8CCK8	Ribosome biogenesis in eukaryotes
P63325;P09900;Q9DCR5	Ribosome
P62281;P04643	Ribosome
P63323;P09388;P12728;Q6ZWZ6	Ribosome
P62301	Ribosome
P62264;P06366;Q544W4	Ribosome
P62245;P39027;P39031;Q8C023;Q9BV24	Ribosome
P62843;P11174;Q52KC9	Ribosome
P14131;Q3THM9	Ribosome
P63276;P06584	Ribosome
P62270;P25232	Ribosome
Q9CZX8;Q5M9J4	Ribosome
P60867;P17075	Ribosome
Q9CQR2;Q5M9L3	Ribosome
P62267;P39028;Q542K7	Ribosome
P62849;P16632;Q642L0;Q6PDB5	Ribosome
P62855;P02383;P70394;Q06722	Ribosome
P62852;P25111	Ribosome
Q6ZWY3;Q3UB68	Ribosome
P62983;P02248;P02249;P02250;P49664;P62991;Q29120;Q62317;Q64223;Q8VCH1;Q91887;Q91888;Q9CXY4;Q9CZM0;Q9D1R5;Q9D2W3;Q9D8D9;Q9ET23;Q9ET24;Q9Z0H9	Ribosome
Q6ZWU9;Q3TLE3	Ribosome
P62858;P25112;Q5BKQ7	Ribosome
P62274;P30054	Ribosome
P25444	Ribosome
P62862;P35545;Q05472;Q642K5;Q95261;Q9JJ24	Ribosome
P97351	Ribosome
P62908;P17073;P47933	Ribosome
P62702;P12631;P12750;P27576;P55831;Q14727;Q9CXN0	Ribosome
P97461;O08607;Q91V55	Ribosome
P62754;P08227;P10660	Ribosome;mTOR signaling pathway;Insulin signaling pathway
P62082;P23821;P24818	Ribosome
P62242;P09058;Q8C2G6	Ribosome
Q6ZWN5;Q3UBF1;Q8K2D1	Ribosome
P27048;Q3UJT1	Spliceosome;Systemic lupus erythematosus
P14206;Q58E74;Q8BHL0;Q8BNL2;Q91V31;Q9CY13	Ribosome
Q62376;Q3UIW4	Spliceosome
P57784;Q3U7R8;Q8K2W4;Q91YW1;Q9JKQ3	Spliceosome
Q62241	Spliceosome
Q9CQI7;Q9CW35;Q9CZ66	Spliceosome
Q8BIJ7;Q8BKQ4;Q8BL21;Q9EPM6	Endocytosis
P60122;O35753	Wnt signaling pathway
P62309;Q15357;Q52KC7	Spliceosome
P62307;Q15356	Spliceosome
P62305;P08578;Q15498	Spliceosome
Q91ZZ5;Q0VB90	Neuroactive ligand-receptor interaction
Q6R6I7;Q80UD3	Neuroactive ligand-receptor interaction
P97816	Mineral absorption
P28700	PPAR signaling pathway;Adipocytokine signaling pathway;Bile secretion;Hepatitis C;Pathways in cancer;Thyroid cancer;Small cell lung cancer;Non-small cell lung cancer
P28704;P33243	PPAR signaling pathway;Adipocytokine signaling pathway;Pathways in cancer;Thyroid cancer;Small cell lung cancer;Non-small cell lung cancer
P28705	PPAR signaling pathway;Adipocytokine signaling pathway;Pathways in cancer;Thyroid cancer;Small cell lung cancer;Non-small cell lung cancer
E9PZQ0;Q60834;Q61779;Q61780;Q62173;Q62196;Q62235;Q78EJ6;Q7TNG1;Q80UQ5;Q80X16;Q99JF9	Calcium signaling pathway;Long-term depression
P55012;E9PYU3	Salivary secretion;Pancreatic secretion;Vibrio cholerae infection
Q9WVL3;Q3TB23;Q3TDX1;Q3UE50;Q6KAS8	Collecting duct acid secretion
Q9EQN9;Q8BRH5;Q8R4Y1	Vitamin digestion and absorption
Q9JIP7;E9QMX3	Protein digestion and absorption
O08530;Q9DC35;Q9R235	Neuroactive ligand-receptor interaction
Q99PL8;Q32MF5	Vitamin digestion and absorption
P52592;Q8C3Q7;Q9R236	Neuroactive ligand-receptor interaction
E9Q401;O70181;Q62174;Q62197;Q9ERN6	Calcium signaling pathway;Cardiac muscle contraction;Pancreatic secretion;Hypertrophic cardiomyopathy (HCM);Arrhythmogenic right ventricular cardiomyopathy (ARVC);Dilated cardiomyopathy
Q8BN82;Q3TE25	Lysosome
Q9Z0U9;Q8BP20	Neuroactive ligand-receptor interaction
P41438;Q62450;Q62451	Vitamin digestion and absorption
Q9Z0L1;Q3U4H3;Q8C6E2;Q8K1R9	Neuroactive ligand-receptor interaction
O08966;Q9R1Q4	Bile secretion
Q91X56;Q99MN8	Neuroactive ligand-receptor interaction
O88909;Q3TZF9;Q8CCX3;Q8CFH5;Q91WJ9	Bile secretion
Q8BU91;Q8BVC3	Mineral absorption
Q91WU2;Q3UNX2;Q8BUQ9;Q8K4S9;Q8R0M7;Q8R125	Bile secretion
Q60714	PPAR signaling pathway
O35488;O70550;O88560;Q91WV6	PPAR signaling pathway;Peroxisome
Q9WVC8;B2RTD9	Pancreatic secretion;Mineral absorption
Q8CIW6;E9Q4D3;Q3TQD3;Q812E2;Q8CJD0;Q8K142;Q923J3	Mineral absorption
Q8R2Z3;A2AJZ4;B1AWS0	Gastric acid secretion
Q91VE0;O88562;Q3TD48	PPAR signaling pathway
Q4LDG0;A6H6C1;O88694;Q91VD5	Primary bile acid biosynthesis;PPAR signaling pathway;Bile secretion
E9Q9W4	PPAR signaling pathway
Q8K4D3;Q811N9	Protein digestion and absorption
Q8CFE6;Q3TEX3;Q6PFR1;Q6ZPS7;Q810U9;Q8CC66;Q8CD21	Protein digestion and absorption
Q9JHI9;Q3UHZ9;Q8BME5;Q8BUM5;Q9JIM9;Q9JKP4	Mineral absorption
Q78IQ7;Q8CHL4	Mineral absorption
Q9DCP2;Q8BS53;Q9JLL8	Proximal tubule bicarbonate reclamation
Q68FF9;Q505K7	Steroid hormone biosynthesis
O88343;Q3USE4;Q8BUG0;Q8QZR9;Q9R1C4	Proximal tubule bicarbonate reclamation;Pancreatic secretion;Bile secretion
Q9D6X5;A2AQU3;Q3TDJ6;Q3U328;Q8CE36;Q91WB9	Vitamin digestion and absorption
Q9JLR1	Protein export;Protein processing in endoplasmic reticulum;Phagosome;Vibrio cholerae infection
Q99N99;Q3UTZ9	Steroid hormone biosynthesis;Prostate cancer
P61620;P38378;P57726;Q3TXA5	Protein export;Protein processing in endoplasmic reticulum;Phagosome;Vibrio cholerae infection
Q9D687	Protein digestion and absorption;Mineral absorption
Q9R1T2;Q3TRG9;Q3TWJ0;Q9CSW9	Ubiquitin mediated proteolysis
Q9Z1F9;Q3TQN3;Q3U819;Q3U9J5;Q8BVX9	Ubiquitin mediated proteolysis
P50247;Q91WF1	Cysteine and methionine metabolism
Q80SW1	Cysteine and methionine metabolism
Q68FL4;Q8BIH1	Cysteine and methionine metabolism
O55128;Q545L4	RNA transport;mRNA surveillance pathway
Q60648;Q61610;Q61819	Lysosome
Q8C1C1;Q8BJV5;Q8C1N0	Lysosome
Q99LB7	Glycine, serine and threonine metabolism
Q9CQC9;Q3UBL6	Protein processing in endoplasmic reticulum
Q61207;Q60861;Q64006;Q64219	Lysosome
Q6P8J2;Q5F299	Arginine and proline metabolism
P48026;Q3U444	Arginine and proline metabolism
Q8R197;Q3UWY0	Fatty acid biosynthesis
P70122;Q3TG78;Q9CR18	Ribosome biogenesis in eukaryotes
Q9R0P6	Protein export
Q9D8V7	Protein export
Q01405;Q8JZL4	Protein processing in endoplasmic reticulum
O08547;Q91VU3	SNARE interactions in vesicular transport;Phagosome
Q3UPL0;Q3UYH3;Q6IQZ3;Q7TQJ7;Q811J4	Protein processing in endoplasmic reticulum
Q3U2P1;A2AA70;A2AA73;A4FUV4;Q3TQ05;Q3TRG7;Q8BIS0	Protein processing in endoplasmic reticulum
Q9CQS8	Protein export;Protein processing in endoplasmic reticulum;Phagosome;Vibrio cholerae infection
Q9D662;A2ANA1;Q3U6B3;Q99K49;Q9QZ68	Protein processing in endoplasmic reticulum
Q3TZ89;Q811L4	Protein processing in endoplasmic reticulum
Q8C3K6	Carbohydrate digestion and absorption;Bile secretion;Mineral absorption
P60060;P38384	Protein export;Protein processing in endoplasmic reticulum;Phagosome;Vibrio cholerae infection
O88822;Q8BGI0	Steroid biosynthesis
Q5U4D8;Q8BTU3	Vitamin digestion and absorption
Q61327;Q60719;Q9R1I2	Parkinson's disease
Q99PL7;Q3UWK5;Q9D550	Biosynthesis of unsaturated fatty acids;PPAR signaling pathway
Q6T707;B9EIY5	Biosynthesis of unsaturated fatty acids;PPAR signaling pathway
P13011;Q8BH96	Biosynthesis of unsaturated fatty acids;PPAR signaling pathway
P20826;P97332;Q3TNJ7;Q62524;Q64222;Q921N5	Cytokine-cytokine receptor interaction;Hematopoietic cell lineage;Melanogenesis;Pathways in cancer
Q60604;O08988;O08990;Q6P4N8	Fc gamma R-mediated phagocytosis;Regulation of actin cytoskeleton
Q9JLI6;Q8CB57;Q8CB94	Selenocompound metabolism
Q9WU38	Taste transduction;Aldosterone-regulated sodium reabsorption
Q9JJN4;B9EHG5	Synthesis and degradation of ketone bodies;Valine, leucine and isoleucine degradation;Butanoate metabolism
Q9ESL0;Q2HJ06	Synthesis and degradation of ketone bodies;Valine, leucine and isoleucine degradation;Butanoate metabolism
Q9D0K2;Q3TIW6;Q9CV92	Synthesis and degradation of ketone bodies;Valine, leucine and isoleucine degradation;Butanoate metabolism
Q9WU39	Taste transduction;Aldosterone-regulated sodium reabsorption
Q61180;Q9WU37	Taste transduction;Aldosterone-regulated sodium reabsorption
P32020;A2APS2;A2APS3;Q9DBM7	Primary bile acid biosynthesis;PPAR signaling pathway;Peroxisome
Q61009;D3Z2V4;Q3TZ42;Q4FK30;Q9CWJ7	Phagosome;Fat digestion and absorption;Bile secretion;Vitamin digestion and absorption;Hepatitis C
O35114;Q3UNF8	Lysosome
Q5FWI2;Q80T66	Neuroactive ligand-receptor interaction;Pancreatic secretion;Bile secretion
P43407	ECM-receptor interaction;Cell adhesion molecules (CAMs);Malaria
Q64519;Q3UDD9;Q6ZQA4;Q7TQD4	ECM-receptor interaction;Cell adhesion molecules (CAMs);Malaria
P18828;Q62278;Q9WVD2	ECM-receptor interaction;Cell adhesion molecules (CAMs);Malaria
O35988	ECM-receptor interaction;Cell adhesion molecules (CAMs);Malaria
P40224;Q4FJL5;Q543V6	Cytokine-cytokine receptor interaction;Chemokine signaling pathway;Leukocyte transendothelial migration;Intestinal immune network for IgA production;Rheumatoid arthritis
Q8K2B3;Q0QF19;Q3UH25;Q3UKP7;Q3V4B1;Q921P5;Q9Z1Z4	Citrate cycle (TCA cycle);Oxidative phosphorylation;Alzheimer's disease;Parkinson's disease;Huntington's disease
Q9CQA3;Q3TF82;Q9DC91	Citrate cycle (TCA cycle);Oxidative phosphorylation;Alzheimer's disease;Parkinson's disease;Huntington's disease
Q8VBT2	Glycine, serine and threonine metabolism;Cysteine and methionine metabolism
Q9Z2G6;Q9DBD8	Protein processing in endoplasmic reticulum
Q6QD59;B0V2Q1;Q5M9M2	SNARE interactions in vesicular transport
Q9D1M0;Q99M12;Q9D712	RNA transport;Protein processing in endoplasmic reticulum
Q8BU14;Q6NX81	Protein export;Protein processing in endoplasmic reticulum
Q8VHE0;E9QKG1;Q8VEB9	Protein export;Protein processing in endoplasmic reticulum
Q08535	Neuroactive ligand-receptor interaction;Pancreatic secretion
Q8R2U0;Q3TLC9;Q3UP79;Q9D0K7	RNA transport
Q9BCZ4;Q921S1;Q9DB55	Protein processing in endoplasmic reticulum
Q9WTM3	Axon guidance
Q8BH34	Axon guidance
Q9Z123;Q505G0;Q9R1Y1	Axon guidance
Q76KF0;A2AW72;Q76KF1;Q76KF2;Q76KF3;Q76KF4;Q80TD0	Axon guidance
P70275;O09078;O09079;Q9QX23	Axon guidance
Q9WUH7	Axon guidance
O88632;E9QNC5;O88633	Axon guidance
O08665;E9QK85;Q5BL08;Q62180;Q62215	Axon guidance
Q9QUR8;O88371	Axon guidance
Q4LFA9;Q3UVA7	Axon guidance
P60897;Q13437;Q61067	Proteasome;Homologous recombination
Q60519;B1B1A9;Q6ZPQ8;Q7TT33;Q8BVE5	Axon guidance
Q62178;D3Z5L2	Axon guidance
Q62181;Q6NXW7	Axon guidance
Q62179;Q4PKI6;Q69ZB7	Axon guidance
Q91ZX6;Q544T8;Q811R3;Q9D4Z0	RNA transport;Wnt signaling pathway
O35464;Q6P5A8;Q6PCN9;Q9EQ71	Axon guidance
Q64151	Axon guidance
O54951	Axon guidance
O09126;Q6GTM9	Axon guidance
Q9Z2Q6;B2RUC5;Q3UYG4;Q6PB74	Parkinson's disease
P42209;B2RU74	Bacterial invasion of epithelial cells
Q99LS3;Q3TI16;Q5XHW3	Glycine, serine and threonine metabolism;Methane metabolism
Q61753;Q3TEE5;Q75SV9;Q8C603	Glycine, serine and threonine metabolism;Methane metabolism
Q99K85	Glycine, serine and threonine metabolism;Methane metabolism;Vitamin B6 metabolism
P58006;E9QPK0;Q7TNF3	p53 signaling pathway
E9PYH6	Lysine degradation
P58043	p53 signaling pathway
Q9CYP7;Q3U2A0	p53 signaling pathway
Q8CFT2;Q80TK9;Q8CFQ8;Q8CGD1	Lysine degradation
Q8VHL1;Q6ZPJ6;Q80UU3;Q8C7Y6	Lysine degradation
Q80UJ9;E9QLD6	Lysine degradation
Q923D4	Spliceosome
Q8K4Z5;Q8C0M7;Q8C128;Q8C175;Q921T3	Spliceosome
P59708;Q3U9T9	Spliceosome
Q9D554	Spliceosome
E9Q5F9;Q69ZC0;Q6PCY9;Q8K0F3	Lysine degradation
Q921M3;Q3UGI3;Q6ZQL0;Q8BUD9;Q8K2J8	Spliceosome
P97299;O08862;O35297	Wnt signaling pathway
Q8QZY9	Spliceosome
Q9Z1N6;Q91ZX9	Wnt signaling pathway
Q9WU66;Q8K269	Wnt signaling pathway
Q8C4U3;O08861;Q505A2;Q8R1J4	Wnt signaling pathway
P82350;O35311;O88490	Hypertrophic cardiomyopathy (HCM);Arrhythmogenic right ventricular cardiomyopathy (ARVC);Dilated cardiomyopathy;Viral myocarditis
P82349;Q3TEU9	Hypertrophic cardiomyopathy (HCM);Arrhythmogenic right ventricular cardiomyopathy (ARVC);Dilated cardiomyopathy;Viral myocarditis
P82348	Hypertrophic cardiomyopathy (HCM);Arrhythmogenic right ventricular cardiomyopathy (ARVC);Dilated cardiomyopathy;Viral myocarditis
P50404	Phagosome
P82347	Hypertrophic cardiomyopathy (HCM);Arrhythmogenic right ventricular cardiomyopathy (ARVC);Dilated cardiomyopathy;Viral myocarditis
Q9JI99	Sphingolipid metabolism
Q810K3;B2RWL5	Sphingolipid metabolism
Q8R0X7;O54955;Q8C942	Sphingolipid metabolism
Q9CXH7;Q3U4K4;Q588H1;Q8BKW2	Oocyte meiosis
Q9QXK9;Q9JHP6	VEGF signaling pathway
Q9CX34;Q3UF88;Q9CRE7;Q9D8M6	NOD-like receptor signaling pathway;Plant-pathogen interaction
Q9WVC6;Q3TJN4;Q3UKD0;Q3UKF2;Q3V1V1;Q6NS85	Aldosterone-regulated sodium reabsorption
O88890;A2ANL8;Q9QWV6	Natural killer cell mediated cytotoxicity;Measles
Q62419	Endocytosis
Q91ZM2;O54867;Q05DJ7;Q792R7;Q91ZM3;Q91ZV5;Q9WVM5	Neurotrophin signaling pathway
Q8R550;B1AZ86;B1AZ87;Q8CAL8;Q8CEF6;Q8R545;Q8R546;Q8R547;Q8R548;Q8R549;Q8R551;Q9CTQ9;Q9DC14;Q9JKC3	Endocytosis
Q8BMC3	ErbB signaling pathway;Chemokine signaling pathway;Focal adhesion;Natural killer cell mediated cytotoxicity;Neurotrophin signaling pathway;Insulin signaling pathway;Bacterial invasion of epithelial cells;Glioma;Chronic myeloid leukemia
Q62420;Q3UTL7;Q3UY49;Q8BXS6;Q8VBV1	Endocytosis
Q9JID9;O88936;Q6PG00	Neurotrophin signaling pathway;Insulin signaling pathway
Q61120;Q3ZAX2	ErbB signaling pathway;Chemokine signaling pathway;Focal adhesion;Natural killer cell mediated cytotoxicity;Neurotrophin signaling pathway;Insulin signaling pathway;Bacterial invasion of epithelial cells;Glioma;Chronic myeloid leukemia
Q6S5L9	ErbB signaling pathway;Chemokine signaling pathway;Focal adhesion;Natural killer cell mediated cytotoxicity;Neurotrophin signaling pathway;Insulin signaling pathway;Bacterial invasion of epithelial cells;Glioma;Chronic myeloid leukemia
O09039	Neurotrophin signaling pathway
Q62421;Q8R0B7	Endocytosis
Q62226	Hedgehog signaling pathway;Pathways in cancer;Basal cell carcinoma
P98083;Q3U2Q7;Q8BFY3;Q8K4C6;Q8K4C7	ErbB signaling pathway;Chemokine signaling pathway;Focal adhesion;Natural killer cell mediated cytotoxicity;Neurotrophin signaling pathway;Insulin signaling pathway;Bacterial invasion of epithelial cells;Glioma;Chronic myeloid leukemia
Q9JK48;Q3TYR7;Q6A059;Q8CDS9;Q8VI52;Q9CT31	Endocytosis
Q8R3V5;Q3TIQ1;Q3U2J4;Q3U824;Q8K140;Q91ZI7	Endocytosis
Q9ES52;Q3UPF9;Q4U212;Q61034;Q61173;Q61181;Q9JKR7;Q9JLF9;Q9JLG0;Q9QVN8;Q9WUC2	Phosphatidylinositol signaling system;B cell receptor signaling pathway;Fc epsilon RI signaling pathway;Fc gamma R-mediated phagocytosis;Insulin signaling pathway
Q9D5J6;Q5SSE0	Carbon fixation in photosynthetic organisms
Q9D7I0;Q8BJ86;Q8BJ87;Q8BLE9;Q8K4W3;Q91Z37;Q9CQP5	p53 signaling pathway
Q6P549;O08611;Q0VDX5;Q80YB9;Q9JLL7	Inositol phosphate metabolism;Phosphatidylinositol signaling system
Q11204;Q8BPL0	Mucin type O-Glycan biosynthesis;Glycosaminoglycan biosynthesis - keratan sulfate;Glycosphingolipid biosynthesis - globo series;Glycosphingolipid biosynthesis - ganglio series
P97797;A0A0R4J1Z7;E0CYM8;E9QPT7;O08907;O35924;O88555;O88556;P97796;Q8R559;Q9QX57;Q9WTN4	Osteoclast differentiation
Q9QYJ1;Q9R0K6	Glycosphingolipid biosynthesis - ganglio series
Q8VIB3;Q3TRN3;Q80UR7;Q9WVG2	Glycosphingolipid biosynthesis - lacto and neolacto series
P70126;E9QKY5;P70127;P70128	Glycosphingolipid biosynthesis - ganglio series
Q91Y74;P97354;Q61325	Glycosphingolipid biosynthesis - lacto and neolacto series
Q99J77;Q9JJH0	Amino sugar and nucleotide sugar metabolism
P61092;Q06984	p53 signaling pathway;Ubiquitin mediated proteolysis;Wnt signaling pathway
Q9JM95;A2AK72;A2AK76;A2AK77;A2AK78;A2AK79;Q05CN1;Q8CDC3;Q9R0G9	Glycosphingolipid biosynthesis - ganglio series
Q06985;Q7TPV6	p53 signaling pathway;Ubiquitin mediated proteolysis;Wnt signaling pathway
O88829;B2RRS1;Q3TMT6;Q3TY01;Q91YF2;Q91YF3;Q9CZ65;Q9QWF8;Q9QWF9	Glycosphingolipid biosynthesis - ganglio series
Q61711;Q61363;Q80VR6	Focal adhesion;ECM-receptor interaction
Q64685;Q8K1L1	N-Glycan biosynthesis;Other types of O-glycan biosynthesis
Q64687;Q8K1C1	Glycosphingolipid biosynthesis - lacto and neolacto series;Glycosphingolipid biosynthesis - globo series;Glycosphingolipid biosynthesis - ganglio series
Q9QZ39;A2AA23;Q9JJP5	Mucin type O-Glycan biosynthesis
P54751;Q11202	Mucin type O-Glycan biosynthesis;Glycosaminoglycan biosynthesis - keratan sulfate;Glycosphingolipid biosynthesis - globo series;Glycosphingolipid biosynthesis - ganglio series
Q9WUV2;Q9JHP5	Glycosphingolipid biosynthesis - ganglio series
Q76K27;A9C434;Q6ZPG5;Q8BUU4	N-Glycan biosynthesis;Other types of O-glycan biosynthesis
Q9R2B6;O88725;Q9JHP0;Q9QUP9;Q9R2B5	Glycosphingolipid biosynthesis - ganglio series
P97325;Q922X5	Various types of N-glycan biosynthesis;Other types of O-glycan biosynthesis;Glycosaminoglycan biosynthesis - keratan sulfate;Glycosphingolipid biosynthesis - lacto and neolacto series
Q9EPK6;Q91V34	Protein processing in endoplasmic reticulum
Q9CPR7;Q8CBP5	RIG-I-like receptor signaling pathway
Q60520;Q570Z7;Q60820;Q62139;Q62140;Q7TPU8;Q7TSZ2	Huntington's disease
F8VPK0	RNA degradation
Q6NZR5;Q3TW36	RNA degradation
Q9WTX5;Q8C5H6	Cell cycle;Cell cycle - yeast;Oocyte meiosis;Ubiquitin mediated proteolysis;Protein processing in endoplasmic reticulum;Wnt signaling pathway;TGF-beta signaling pathway;Circadian rhythm - mammal
Q9Z0Z3;Q8BSG7;Q8C8Y9;Q8CB22;Q99J53	Cell cycle;Ubiquitin mediated proteolysis;Pathways in cancer;Small cell lung cancer
Q9ERF3;Q3U562;Q9CZP1	RNA degradation
Q61165	Cardiac muscle contraction;Regulation of actin cytoskeleton;Salivary secretion;Gastric acid secretion;Pancreatic secretion;Bile secretion
Q9QUM4;Q9QXZ3	Measles
G3X939;Q8BZU0	Proximal tubule bicarbonate reclamation;Protein digestion and absorption;Bile secretion;Mineral absorption
Q91WV7	Protein digestion and absorption
Q8BUE1;Q3TCU9;Q9WUJ6	Gastric acid secretion
O54988;A2RRK4;Q80U65;Q8CAU2;Q8CDW2;Q9WU41	Oocyte meiosis
Q80TR4;Q9WVB5	Axon guidance
P16043	Neuroactive ligand-receptor interaction
Q9R1B9;E9QKB4;Q9Z166	Axon guidance
Q9WVB4;B1ATW4	Axon guidance
Q8BHJ9;Q3KQQ3;Q5SRU1;Q63ZX3;Q6P923;Q8BL59;Q8BXD5;Q8R5C1;Q91YV6	Spliceosome
O35182;Q9CW62	Endocytosis;TGF-beta signaling pathway
Q920F6	Cell cycle;Cell cycle - yeast;Meiosis - yeast;Oocyte meiosis
O35253;O88709	Endocytosis;TGF-beta signaling pathway
Q9CW03;O35667;Q9QUS3	Cell cycle;Cell cycle - yeast;Meiosis - yeast;Oocyte meiosis
Q7TN29;Q3U798	Endocytosis
Q9JIW5;Q8CFF9	TGF-beta signaling pathway
Q8BUN5;O09064;O09144;O14510;O35273;Q8BX84;Q92940;Q93002;Q9GKR4	Cell cycle;Endocytosis;Wnt signaling pathway;TGF-beta signaling pathway;Adherens junction;Chagas disease (American trypanosomiasis);Pathways in cancer;Colorectal cancer;Pancreatic cancer
P70340;P70442;Q6GT95;Q9CYK6	TGF-beta signaling pathway
Q8CG48;Q52KE9;Q61076;Q9CS17;Q9CSD8	Cell cycle - yeast
Q91VZ6;Q497I6;Q68EF3	Endocytosis
Q8CG47;Q8BTS7;Q8BTY9;Q99K21	Cell cycle - yeast
P97471;Q6GTP6;Q9CW56	Cell cycle;Wnt signaling pathway;TGF-beta signaling pathway;Adherens junction;Pathways in cancer;Colorectal cancer;Pancreatic cancer;Chronic myeloid leukemia
Q9CU62;A2AFQ5;Q3V480;Q9CUX9;Q9D959;Q9WTU1	Cell cycle;Cell cycle - yeast;Meiosis - yeast;Oocyte meiosis
Q62432;Q6GU18;Q6VP00;Q9D8P6	Cell cycle;Endocytosis;Wnt signaling pathway;TGF-beta signaling pathway;Adherens junction;Chagas disease (American trypanosomiasis);Pathways in cancer;Colorectal cancer;Pancreatic cancer
P97454;P70341;Q810K0	TGF-beta signaling pathway
P62317;P43330	Spliceosome
P62315;P13641;Q3UYM0	Spliceosome;Systemic lupus erythematosus
Q8BKX6;E9QLR6;Q5DU42;Q6ZQC0;Q8BLU4;Q8BWJ5;Q8BXD3	mRNA surveillance pathway
P62320;P43331;Q3TV81	Spliceosome;Systemic lupus erythematosus
Q6ZPY2;Q497S2;Q8R3S4	mRNA surveillance pathway
Q5RJH6;Q63ZW5;Q6ZQF3	mRNA surveillance pathway
Q8VCQ6;Q3UIS8;Q5J3R0;Q8C464;Q8C583;Q8C652	Sphingolipid metabolism
P97801;O09092	RNA transport
P56726	Hedgehog signaling pathway;Pathways in cancer;Basal cell carcinoma
Q9D4B1;Q149I0	Sphingolipid metabolism
P60041;P01167	Neuroactive ligand-receptor interaction;Gastric acid secretion
Q9CUN6;Q3U412;Q8K300	Ubiquitin mediated proteolysis;Endocytosis;TGF-beta signaling pathway
A2A5Z6;A2A5Z7;Q5IRE6	Ubiquitin mediated proteolysis;Endocytosis;TGF-beta signaling pathway
Q6P5C5;Q9DBV1	Base excision repair
Q02085	Adherens junction
Q99ME3;A2BDD1	Parkinson's disease
O88816	Tryptophan metabolism
P97469;O09096;Q9R211	Adherens junction
Q9CZ28;A2A6M2	Endocytosis
Q8R570;Q3UNK4;Q8BK87	SNARE interactions in vesicular transport
P60879;A2AIC2;A2AIC3;P13795;P36974;P70557;P70558;Q8IXK3;Q96FM2;Q9BR45	SNARE interactions in vesicular transport
Q62189;Q52LA2	Spliceosome
Q8K194;Q8BRA8;Q9CSV0	Spliceosome
O09044;O35620	SNARE interactions in vesicular transport
Q9Z315;Q8K155;Q9R1I9;Q9R270	Spliceosome
Q6PE01;Q3TEJ3;Q9DCX3	Spliceosome
Q9ERB0;Q3UGN0;Q9DBC5	SNARE interactions in vesicular transport
Q9CSN1	Spliceosome;Notch signaling pathway
Q62230;D3YVZ3;D3YVZ4;O55216;Q62228;Q62229	Cell adhesion molecules (CAMs)
Q9QXZ6	Bile secretion
Q8VHQ2;B1AQY1;Q3UH08	Jak-STAT signaling pathway
Q9EP96	Bile secretion
O35717	Jak-STAT signaling pathway;Insulin signaling pathway;Type II diabetes mellitus
Q91YY5;Q91XS2	Bile secretion
Q99J94;Q3UQC6;Q9CUP7	Bile secretion
Q61263;Q5XK32;Q64180	Steroid biosynthesis
O35718;P97803;Q3U7X5	Ubiquitin mediated proteolysis;Osteoclast differentiation;Jak-STAT signaling pathway;Insulin signaling pathway;Adipocytokine signaling pathway;Type II diabetes mellitus;Hepatitis C
Q91ZA6;Q149F7;Q149F8	Jak-STAT signaling pathway;Insulin signaling pathway;Type II diabetes mellitus
O35716;A2RT46;O35960;Q3U3L0	Ubiquitin mediated proteolysis;Osteoclast differentiation;Jak-STAT signaling pathway;Insulin signaling pathway;Type II diabetes mellitus;Toxoplasmosis
Q9JJL3;Q9JI79;Q9JJJ1	Bile secretion
O88908;Q8R0Y9	Steroid biosynthesis
O54928;Q7TSK1	Jak-STAT signaling pathway
P08228	Peroxisome;Amyotrophic lateral sclerosis (ALS);Huntington's disease;Prion diseases
P09671;Q64670;Q8VEM5	Peroxisome;Huntington's disease
P06880;Q544X1	Cytokine-cytokine receptor interaction;Neuroactive ligand-receptor interaction;Jak-STAT signaling pathway
Q62245;Q62244	MAPK signaling pathway;ErbB signaling pathway;MAPK signaling pathway - fly;Chemokine signaling pathway;Dorso-ventral axis formation;Focal adhesion;Gap junction;Jak-STAT signaling pathway;Natural killer cell mediated cytotoxicity;T cell receptor signaling pathway;B cell receptor signaling pathway;Fc epsilon RI signaling pathway;Neurotrophin signaling pathway;Regulation of actin cytoskeleton;Insulin signaling pathway;GnRH signaling pathway;Hepatitis C;Pathways in cancer;Renal cell carcinoma;Endometrial cancer;Glioma;Prostate cancer;Chronic myeloid leukemia;Acute myeloid leukemia;Non-small cell lung cancer
Q6PHU5;A2AEE8;Q3UHE2;Q8K043;Q9QXW6	Lysosome;Neurotrophin signaling pathway
Q61473;Q61472;Q62248	Wnt signaling pathway
Q9D826;O55223	Glycine, serine and threonine metabolism;Lysine degradation;Peroxisome
O89090;O89087;Q62251;Q64167	TGF-beta signaling pathway;Huntington's disease
Q8CDC0;Q148S5;Q148S6	Amoebiasis
P70124;Q3ULZ0	p53 signaling pathway
Q60854	Amoebiasis
Q6P6M7;Q8BZS6	Selenocompound metabolism;Aminoacyl-tRNA biosynthesis
Q9D958;Q8BJM2	Protein export
Q6ZWQ7;Q8C1D0	Protein export
Q9CYN2;Q3THR2;Q80X74;Q921V8;Q9CXK1	Protein export
Q5IBH7;B8JJC0;Q5IBH8;Q8C5T5	Oocyte meiosis;Progesterone-mediated oocyte maturation
Q5IBH6	Oocyte meiosis;Progesterone-mediated oocyte maturation
Q64674	Cysteine and methionine metabolism;Arginine and proline metabolism;beta-Alanine metabolism;Glutathione metabolism
Q8JZX4;A2AP41;O75939	Spliceosome
Q9D287;Q3TKJ5;Q91YX8;Q9D2U4;Q9DAI0	Spliceosome
P17433;Q99L57	Osteoclast differentiation;Pathways in cancer;Acute myeloid leukemia
Q8BGT7;Q4QQL0	Spliceosome
Q8CI15;O88886;Q3U2E3;Q91ZN3	Sphingolipid metabolism;Calcium signaling pathway;VEGF signaling pathway;Fc gamma R-mediated phagocytosis;ko05152
Q8K1S6;Q8R0R2	Dorso-ventral axis formation
Q9JIA7;Q91VA9;Q9DBH6	Sphingolipid metabolism;Calcium signaling pathway;VEGF signaling pathway;Fc gamma R-mediated phagocytosis;ko05152
Q80W37	RNA transport
Q9WTK8;Q8VIH6;Q9QUK2;Q9QY57;Q9QZS1	Meiosis - yeast
Q6P6N5;Q7TNJ8	Jak-STAT signaling pathway
Q924S8;Q3U2W6;Q6PET8	Jak-STAT signaling pathway
Q924S7	Jak-STAT signaling pathway
Q3UUD2	Jak-STAT signaling pathway
P97364;Q3TGI4;Q80ZY9	Selenocompound metabolism
P97355;A2AC82;Q3TL65;Q3TUP0;Q3UDT8;Q8C7P4;Q9CT09;Q9R282	Cysteine and methionine metabolism;Arginine and proline metabolism;beta-Alanine metabolism;Glutathione metabolism
Q8BH69	Selenocompound metabolism
P97363;P97356	Sphingolipid metabolism
Q8BG54;Q505L2	Sphingolipid metabolism
Q9WTP2;Q543R1;Q9QXV7	Jak-STAT signaling pathway
Q9QXV9	Jak-STAT signaling pathway
O35704;O54813;Q8BH11	Sphingolipid metabolism
Q9QXV8;Q9WUQ9	Jak-STAT signaling pathway
Q64337;Q99JM8	Osteoclast differentiation
Q6NV83;E9QK93;Q9CSW7;Q9CT00	Spliceosome
Q62417;Q80TF8;Q8BZI3;Q8K3Y2;Q921F8;Q9Z0Z8;Q9Z0Z9	PPAR signaling pathway;Adherens junction;Insulin signaling pathway
Q9WTN3;Q3U458;Q3UDJ3;Q5SRX5;Q8C733;Q99JK7	Insulin signaling pathway
Q60598;Q3UGC2	Tight junction;Bacterial invasion of epithelial cells;Pathogenic Escherichia coli infection;Shigellosis
Q812A2;Q80U09;Q8BKP4;Q8BLD0;Q925I2	Axon guidance
Q91Z69;Q08E84	Axon guidance
P49962;Q9D085	Protein export
P05480;F8WI90;Q2M4I4	ErbB signaling pathway;Endocytosis;VEGF signaling pathway;Focal adhesion;Adherens junction;Tight junction;Gap junction;GnRH signaling pathway;Bacterial invasion of epithelial cells;Epithelial cell signaling in Helicobacter pylori infection;ko05152
Q9JM73	MAPK signaling pathway
Q91Z67;B2RY13;Q3V1V8;Q61054	Axon guidance
P16254;Q3TIK2	Protein export
P14576;Q3UWX8;Q9CWH7;Q9D008	Protein export;Bacterial secretion system
Q8BMA6;A2AAN1;Q6NS76	Protein export
Q9R0U0;B1AV44;B1AV45;O70307;O88468;Q3TGW7;Q8CFZ1;Q9R0T9	Spliceosome
P84104;O08831;P23152;Q564E9	Spliceosome
Q52KI8;E9QNW8;O70495;Q9CVG5	RNA transport;mRNA surveillance pathway
Q9DBG7;Q8VC45;Q921H1	Protein export
O35326;Q640L9	Spliceosome
Q6PDM2;B2KGJ5;Q3UCH2;Q5SXC5;Q8BJV3;Q8C1H9	Spliceosome
Q9QZX7;Q401M7;Q5SWE4;Q5SWE5;Q5SWE7;Q8BT19;Q8CD11	Glycine, serine and threonine metabolism
P47758;Q544X9;Q9D872	Protein export
Q3TWW8;Q3UJV5;Q921K3;Q9DBP1	Spliceosome
Q62093;Q542L3;Q60701	Spliceosome
Q8BL97;Q8BMC6;Q8BUR2;Q8R2N4;Q8R3E9;Q91YS1	Spliceosome
Q9CYR0	DNA replication;Mismatch repair;Homologous recombination
Q9D0B0;Q9CRN3	Spliceosome
Q8BWF0;Q5SZW1	Alanine, aspartate and glutamate metabolism;Butanoate metabolism
Q76I79;Q3TDG3;Q69ZM4;Q811E5	Regulation of actin cytoskeleton
Q5SW75;B9EJ94;Q3TDK8;Q3TYP8;Q3U2K3;Q5F268;Q5SW74;Q69ZC3;Q76I78	Regulation of actin cytoskeleton
Q8K330;Q3UDX0	Regulation of actin cytoskeleton
P49660;Q8BQ97	Neuroactive ligand-receptor interaction
P30873	Neuroactive ligand-receptor interaction
Q9CPW5;Q91Z43;Q9CR94;Q9CX54	Protein processing in endoplasmic reticulum
O08858;A6H6N8;O08998;Q3UZM7	Neuroactive ligand-receptor interaction
Q62186	Protein processing in endoplasmic reticulum
P30875;P30934;Q91Y73	Neuroactive ligand-receptor interaction;Gastric acid secretion
Q9DCF9;Q8C0Z8	Protein processing in endoplasmic reticulum
Q9CY50;Q3TIM3;Q99MP2	Protein processing in endoplasmic reticulum
P30935;Q0VB04;Q3UVV5	Neuroactive ligand-receptor interaction
P52843	Bile secretion
Q9D3E6;O08982;Q6P5D1	Cell cycle;Cell cycle - yeast;Meiosis - yeast
P42230	ErbB signaling pathway;Jak-STAT signaling pathway;ko05152;Measles;Pathways in cancer;Chronic myeloid leukemia;Acute myeloid leukemia
O88811;A2AU00;Q8C8Y4	Endocytosis;Jak-STAT signaling pathway
O35400;Q8K472;Q91V03	Steroid hormone biosynthesis;Sulfur metabolism
Q9CQ26;Q3UTI9	Endocytosis
O35638;A2AFF5;Q6NZN7	Cell cycle;Cell cycle - yeast;Meiosis - yeast
P42228	Jak-STAT signaling pathway
P42232;A2A5D5;Q541Q5;Q60804;Q8K3Q1;Q9JKM1;Q9R0X8	ErbB signaling pathway;Chemokine signaling pathway;Jak-STAT signaling pathway;ko05152;Measles;Pathways in cancer;Chronic myeloid leukemia;Acute myeloid leukemia
O70576;B2RSV0	Oocyte meiosis
P52633;Q8R2F1	Jak-STAT signaling pathway;ko05152
P70297	Endocytosis;Jak-STAT signaling pathway
Q9CWR7;Q6P8X4	Mineral absorption
Q8BWB6;Q3TS12	Mineral absorption
Q8CI59;Q3TKE4;Q80ZF3;Q8C5F0;Q924Z1	p53 signaling pathway
P42227;A2A5D1;B7ZC17	Chemokine signaling pathway;Jak-STAT signaling pathway;Adipocytokine signaling pathway;Toxoplasmosis;ko05152;Hepatitis C;Measles;Pathways in cancer;Pancreatic cancer;Acute myeloid leukemia
Q60864;Q3TT16;Q8BPH3;Q99L66	Prion diseases
Q9WTK7;A0A2L1DGD8;B3VBP0;Q3TAE0	mTOR signaling pathway;Adipocytokine signaling pathway
Q69ZM6;Q6PDI0;Q80XQ6	Hedgehog signaling pathway;Pathways in cancer;Basal cell carcinoma
Q3TBT3;A7YGY9;Q3TAV5;Q3TYP5;Q3TZY8;Q3UJW3;Q8C227;Q8C5Q3;Q8K393;Q9CZY7	RIG-I-like receptor signaling pathway;Cytosolic DNA-sensing pathway
Q9JI11	MAPK signaling pathway;Pathways in cancer;Non-small cell lung cancer
Q9JI10;Q60877;Q80UG4;Q8CI58	MAPK signaling pathway
P54227	MAPK signaling pathway
Q3UUJ4;Q6VEU7;Q9D0G8	mTOR signaling pathway
Q9Z1Z2;Q8BP89;Q8C6F6	RNA transport
P46978	N-Glycan biosynthesis;Various types of N-glycan biosynthesis;Protein processing in endoplasmic reticulum
Q8BVI5;A2ACM7	SNARE interactions in vesicular transport
O35526	SNARE interactions in vesicular transport
Q9D0I4;B1AVI3;Q9D330	SNARE interactions in vesicular transport
Q64704;Q3TBP0;Q8R1B7	SNARE interactions in vesicular transport
Q9JKK1;Q9D3A1;Q9D729	SNARE interactions in vesicular transport
P50427	Steroid hormone biosynthesis
P61264;A2RSB4;O35525;P32853	SNARE interactions in vesicular transport
Q3TDQ1;Q7TT24;Q921E3;Q99LL0;Q9D2V2	N-Glycan biosynthesis;Various types of N-glycan biosynthesis;Protein processing in endoplasmic reticulum
O88983	SNARE interactions in vesicular transport
Q8VDS8;Q3TDJ0;Q9D8T6	SNARE interactions in vesicular transport;Phagosome
Q9D3G5	SNARE interactions in vesicular transport
Q8R1Q0;Q9CTR6;Q9CV39	SNARE interactions in vesicular transport
P70452;Q3TSL5;Q3UKQ8;Q80WT8	SNARE interactions in vesicular transport;Vasopressin-regulated water reabsorption
Q9ER00;Q3UIV9;Q921T9	Phagosome
Q8K1E0;Q3TM79;Q99J28;Q9JKP2	SNARE interactions in vesicular transport
Q9WUM5;Q8C2C3;Q9DBA3;Q9DCI8	Citrate cycle (TCA cycle);Propanoate metabolism
Q9Z2I8;Q3T9B8;Q3TJQ5;Q3TK63;Q66JT3;Q7TMY3;Q80VV1;Q8K2K9	Citrate cycle (TCA cycle);Propanoate metabolism
Q9Z2I9;Q3TVH1;Q8BGS6	Citrate cycle (TCA cycle);Propanoate metabolism
Q9Z0P7;Q8C8B4;Q99JG0;Q9D521;Q9JLU1	Hedgehog signaling pathway;Pathways in cancer;Basal cell carcinoma
P31266;Q80UN8;Q8C4Z3	Notch signaling pathway
Q9Z172;Q14C17;Q3TBL9;Q3UDI5	RNA transport
Q8R0F3;Q3TTT6;Q3TXM8;Q3U9A5	Lysosome
P61957;A2A9X2;P55855;Q542L8	RNA transport
Q8R086;Q3U3S5;Q3UEP6	Sulfur metabolism
P63166;P55856;Q3TX92;Q93068	RNA transport
O54864;Q3TEW2;Q3UT51;Q8C2L3;Q9JLC7;Q9JLP8	Lysine degradation
Q9EQQ0;Q8BNK2;Q9CUK3;Q9JLP7	Lysine degradation
Q8BG39;Q80TT1;Q9ES95	ECM-receptor interaction
Q3UZP4	Protein processing in endoplasmic reticulum
Q69ZS6	ECM-receptor interaction
Q9JIS5;Q80TT0;Q8R0R5	ECM-receptor interaction
Q8BGQ7;Q8BXR0	Aminoacyl-tRNA biosynthesis
Q14CH7;Q68FH3;Q69ZM9	Aminoacyl-tRNA biosynthesis
Q8BYM8;Q9D6U9	Aminoacyl-tRNA biosynthesis
Q9ER72;O88303;Q8BP81;Q8CAY7;Q8CCE3;Q8K0S4;Q9ER68	Aminoacyl-tRNA biosynthesis
Q922B2;Q3U987	Aminoacyl-tRNA biosynthesis
Q8BIP0;Q5FWV4	Aminoacyl-tRNA biosynthesis
Q9CXJ1;Q3TJB3	Porphyrin and chlorophyll metabolism;Aminoacyl-tRNA biosynthesis
Q8CGC7;E9QKC4;Q3UFJ2;Q4VC16	Porphyrin and chlorophyll metabolism;Aminoacyl-tRNA biosynthesis
Q9DCD2;Q8VDT5;Q9CVD8	Spliceosome
Q9D198	Spliceosome
Q8C0C7;Q3U3Q9;Q91WR4;Q922S1	Aminoacyl-tRNA biosynthesis
Q9WUA2;Q9CWZ8	Aminoacyl-tRNA biosynthesis
Q99M01;Q3TBZ7;Q9CYY0	Aminoacyl-tRNA biosynthesis
Q99KK9	Aminoacyl-tRNA biosynthesis
Q8BU30;Q6NXK4	Valine, leucine and isoleucine biosynthesis;Aminoacyl-tRNA biosynthesis
Q8BIJ6;Q3TKT8;Q8BIJ0;Q8BIP3	Valine, leucine and isoleucine biosynthesis;Aminoacyl-tRNA biosynthesis
Q99MN1	Aminoacyl-tRNA biosynthesis
Q8BMJ2;Q8BKW9	Valine, leucine and isoleucine biosynthesis;Aminoacyl-tRNA biosynthesis
Q8VDC0;A6H6S4	Valine, leucine and isoleucine biosynthesis;Aminoacyl-tRNA biosynthesis
Q68FL6	Selenocompound metabolism;Aminoacyl-tRNA biosynthesis
Q80X82;F8WJD4	mRNA surveillance pathway;Tight junction
Q499X9;Q3T9W7;Q8BWR9;Q8BXY1	Selenocompound metabolism;Aminoacyl-tRNA biosynthesis
Q8BGV0	Aminoacyl-tRNA biosynthesis
Q8BP47;Q3T9A7;Q7TPX0;Q9CRY5	Aminoacyl-tRNA biosynthesis
Q9D2G5;O35404;O88399;O88400;O88401;O88402;O88403;O88404	Inositol phosphate metabolism;Phosphatidylinositol signaling system
Q8CFI5;A2AVQ8;Q8R0C4	Aminoacyl-tRNA biosynthesis
Q9D0I9;Q3THP2;Q3TM73;Q3U8R2;Q3U930;Q5SXA8;Q8VDW1	Aminoacyl-tRNA biosynthesis
Q8BML9;Q3TN94;Q8BU21	Aminoacyl-tRNA biosynthesis
Q3U186;Q8QZU7	Aminoacyl-tRNA biosynthesis
Q9JJL8;Q68FL2;Q9CWP1	Aminoacyl-tRNA biosynthesis
P26638;A2AFR8	Aminoacyl-tRNA biosynthesis
Q9D0R2;Q3TL42;Q7TMQ2;Q8BMI6;Q9CX03	Aminoacyl-tRNA biosynthesis
Q8BLY2;Q8CHT2	Aminoacyl-tRNA biosynthesis
Q3UQ84;B2RW19;Q9D0D6	Aminoacyl-tRNA biosynthesis
Q3U2A8;E9QMJ4;Q69Z78;Q6PGG3;Q6ZQL7;Q8BIN9	Valine, leucine and isoleucine biosynthesis;Aminoacyl-tRNA biosynthesis
Q9Z1Q9;Q9QUN2	Valine, leucine and isoleucine biosynthesis;Aminoacyl-tRNA biosynthesis
Q9DBY1;Q80T88;Q8CGB5	Ubiquitin mediated proteolysis;Protein processing in endoplasmic reticulum
O55042;Q3U130;Q9CXF8;Q9EQC3;Q9QUR3	Alzheimer's disease;Parkinson's disease
P32921;Q80ZY4;Q99J58;Q9DC65	Tryptophan metabolism;Aminoacyl-tRNA biosynthesis
Q9CYK1;Q8BFV8	Tryptophan metabolism;Aminoacyl-tRNA biosynthesis
Q8BYL4;Q6PAH7	Aminoacyl-tRNA biosynthesis
Q91WQ3;Q3TEC8;Q3U9A1;Q3UTA7;Q8BVT2;Q8C183	Aminoacyl-tRNA biosynthesis
P48776	Tryptophan metabolism
Q80ZM7	Basal transcription factors
Q9D0D5;Q544T0	Basal transcription factors
Q7M720	Taste transduction
Q3THK3;Q8R5B7	Basal transcription factors
Q7TQA5	Taste transduction
P59529;Q7M728	Taste transduction
Q9D902;Q3U5Y7;Q8BTZ2;Q8VE14	Basal transcription factors
Q7TQB8	Taste transduction
Q7TQA6;A0PK79;Q4VHF0	Taste transduction
Q8R0A0	Basal transcription factors
P59532;A0JNU7;Q7M704	Taste transduction
Q7TQA7;Q7M727	Taste transduction
P59530;Q0VE81;Q7M726	Taste transduction
P30987	Calcium signaling pathway;Neuroactive ligand-receptor interaction
Q5QD10	Neuroactive ligand-receptor interaction
Q9JKT3;Q53Z44	Taste transduction
Q5QD09	Neuroactive ligand-receptor interaction
Q5QD08;B2RT90	Neuroactive ligand-receptor interaction
Q5QD17;A6H6B2;Q80T53	Neuroactive ligand-receptor interaction
Q5QD07	Neuroactive ligand-receptor interaction
Q5QD16;B2RT86	Neuroactive ligand-receptor interaction
Q5QD06;B2RT24	Neuroactive ligand-receptor interaction
Q5QD15	Neuroactive ligand-receptor interaction
Q8CF89;Q7TQJ5;Q80V65;Q8R0D1	MAPK signaling pathway;Osteoclast differentiation;Toll-like receptor signaling pathway;NOD-like receptor signaling pathway;Leishmaniasis;Toxoplasmosis
Q5QD12	Neuroactive ligand-receptor interaction
Q5QD05;B2RT38	Neuroactive ligand-receptor interaction
Q5QD11	Neuroactive ligand-receptor interaction
Q5QD14	Neuroactive ligand-receptor interaction
Q923Y8;Q05A85	Neuroactive ligand-receptor interaction
Q5QD13	Neuroactive ligand-receptor interaction
Q99K90;Q3UGP1;Q8BTP4;Q8CHD3;Q99KP4	MAPK signaling pathway;Osteoclast differentiation;Toll-like receptor signaling pathway;NOD-like receptor signaling pathway;Leishmaniasis;Toxoplasmosis;Measles
Q5QD04;B2RT07	Neuroactive ligand-receptor interaction
P61216;Q3TVE8	Basal transcription factors
Q99JX1;Q3UZH1;Q9CT98	Basal transcription factors
Q571K4	NOD-like receptor signaling pathway
Q91WQ5;Q8BTL5	Basal transcription factors
Q8K0H5;Q8C8H2;Q9QYY5	Basal transcription factors
G5E8Z2	Basal transcription factors;Huntington's disease
Q9D3R9;A2AFB9;Q99MW7	Basal transcription factors
Q8C092;Q8BTR2	Basal transcription factors
Q80UV9;A2AM32;A2AM33;O35361;Q3UPF3;Q3V223;Q505F9;Q8BQH8;Q8BQQ7;Q8BR59;Q8C7N8;Q9WTW9;Q9WTX0;Q9WTX1	Basal transcription factors
Q8VE65;Q3V0S7;Q9CZ11;Q9D8Q0	Basal transcription factors
Q6NZA9;A2AP80;Q3UXZ3;Q3V2M4;Q80WW6	Basal transcription factors
Q9R1C0	Basal transcription factors
Q8R2K4;Q8C5T2	Basal transcription factors
Q8VI33;Q32P09;Q80XS3;Q9CV61	Ribosome biogenesis in eukaryotes;Basal transcription factors
Q62311	Basal transcription factors
Q5HZG4;Q3U490;Q3UWX2;Q8BIU8;Q99JH4	Basal transcription factors
Q9EQH4;Q3TSE4;Q6PES8;Q8C382;Q8C664;Q8C7L7	Basal transcription factors
Q93092;P70358;P70703;Q52KM4	Pentose phosphate pathway
Q8BYC6;Q3V3B3	MAPK signaling pathway
P70347;Q61178	RIG-I-like receptor signaling pathway
P36371	ABC transporters;Phagosome;Antigen processing and presentation;Primary immunodeficiency
P21958;Q62427	ABC transporters;Phagosome;Antigen processing and presentation;Primary immunodeficiency
Q5F2E8;Q69ZL2;Q8JZX2;Q91VG7	MAPK signaling pathway
Q6ZQ29;Q7TSS8	MAPK signaling pathway
P05213;Q3TY23;Q3U8B1;Q3UAW8;Q4KMW2	Phagosome;Gap junction;Pathogenic Escherichia coli infection
Q91WF0;Q810E8	Glycerophospholipid metabolism
Q3UX10;B9EJS3	Phagosome;Gap junction;Pathogenic Escherichia coli infection
P10637;A2A5Y9;P10638;Q60684;Q60685;Q60686;Q62286;Q91WK4	MAPK signaling pathway;Alzheimer's disease
P68373;P05216;Q9CSE9	Phagosome;Gap junction;Pathogenic Escherichia coli infection
P05214	Phagosome;Gap junction;Pathogenic Escherichia coli infection
A2AQ07	Phagosome;Gap junction;Pathogenic Escherichia coli infection
P68369;P02551;P05210;P05212;Q3TGF0;Q3TIW2;Q3TPJ1;Q3ULN1;Q5XJF8	Phagosome;Gap junction;Pathogenic Escherichia coli infection
Q9JJZ2;D4P911;Q9CV57	Phagosome;Gap junction;Pathogenic Escherichia coli infection
Q9ERD7;Q3UF42;Q5I036	Phagosome;Gap junction;Pathogenic Escherichia coli infection
P68368;P05215;Q3TY31	Phagosome;Gap junction;Pathogenic Escherichia coli infection
Q7TMM9	Phagosome;Gap junction;Pathogenic Escherichia coli infection
Q9D6F9;Q62364;Q80Y54	Phagosome;Gap junction;Pathogenic Escherichia coli infection
Q922F4	Phagosome;Gap junction;Pathogenic Escherichia coli infection
P99024;B1B178;P05218;Q3TFB6;Q3THH9;Q3TIL1;Q3UAV4;Q3UF52;Q8WUC1;Q9CY33	Phagosome;Gap junction;Pathogenic Escherichia coli infection
P68372;P05217;Q3TKF0;Q3UJ73;Q99JZ6	Phagosome;Gap junction;Pathogenic Escherichia coli infection
Q9CWF2;Q3TG26	Phagosome;Gap junction;Pathogenic Escherichia coli infection
A2A9T0;A2A9S9;Q6PFF1	RIG-I-like receptor signaling pathway
Q8C4J7;Q3TNP3;Q3UDS9;Q8VE90	Ribosome biogenesis in eukaryotes
P62340;O95753;Q9Z2Z0	Basal transcription factors;Huntington's disease
Q8BHJ5;Q3UWL6;Q8CBG4;Q8VEG3;Q9EQD4	Wnt signaling pathway
Q6SJ95;A2AQK6;Q498A1	Basal transcription factors;Huntington's disease
Q9WUN2;Q9CT90;Q9DC03	Toll-like receptor signaling pathway;RIG-I-like receptor signaling pathway;Cytosolic DNA-sensing pathway;Hepatitis C;Measles
Q9QXE7;Q8BMM0;Q8BYQ4;Q8C0A1	Wnt signaling pathway
P29037;O09169;Q80UL8;Q8C3S1	Basal transcription factors;Huntington's disease
Q00417	Wnt signaling pathway;Adherens junction;Melanogenesis;Pathways in cancer;Colorectal cancer;Endometrial cancer;Prostate cancer;Thyroid cancer;Basal cell carcinoma;Acute myeloid leukemia;Arrhythmogenic right ventricular cardiomyopathy (ARVC)
Q80UF7;Q3UDB7;Q3UP66;Q6P6J2;Q8CIB7;Q8JZV0	Toll-like receptor signaling pathway;Chagas disease (American trypanosomiasis);Hepatitis C
O88968;Q3TD34;Q3UP69;Q5SQ21	Vitamin digestion and absorption
Q8BJQ4;Q3U996	Toll-like receptor signaling pathway
O08784;O08857	Ribosome biogenesis in eukaryotes
Q8CGF7;Q61051;Q8C490;Q8CHT8;Q9R0R5	Spliceosome
P56581;Q3TPW4;Q542A9;Q5U3M4;Q5U3M5;Q6PJW4;Q8BPK0	Base excision repair
Q8K3F7;Q6PD91;Q9JLU3	Glycine, serine and threonine metabolism
P09838;Q99PD0;Q99PD1	Non-homologous end-joining;Hematopoietic cell lineage
Q9CY27	Biosynthesis of unsaturated fatty acids
P24604;Q9R1M9;Q9WVN0;Q9WVN1;Q9WVN2;Q9WVN3	Osteoclast differentiation;T cell receptor signaling pathway
Q80YX1;Q64706;Q80YX2	Focal adhesion;ECM-receptor interaction
Q80Z71;B9EHR3;Q70HX0	Focal adhesion;ECM-receptor interaction
Q8BYI9;A2RT70;O88717	Focal adhesion;ECM-receptor interaction
Q01853;Q3TFH9;Q3TIM2;Q3TXN9;Q6PI18;Q8BSR6;Q8CEG4	Protein processing in endoplasmic reticulum
P62915;P29053	Basal transcription factors
Q99PM3;Q8C812	Basal transcription factors
Q9DBA9;O35637	Basal transcription factors;Nucleotide excision repair
Q8VD76	Basal transcription factors;Nucleotide excision repair
Q8R4I4;Q99PM2;Q9DAF4	Basal transcription factors
P40630;P97894;P97906;Q543I8;Q9DBM9	Huntington's disease
O70422	Basal transcription factors;Nucleotide excision repair
Q9JIB4	Basal transcription factors;Nucleotide excision repair
Q8K2X8;Q8BT75	Basal transcription factors;Nucleotide excision repair
Q08639	Cell cycle;TGF-beta signaling pathway
Q04207;Q62025	MAPK signaling pathway;Chemokine signaling pathway;Apoptosis;Osteoclast differentiation;Toll-like receptor signaling pathway;NOD-like receptor signaling pathway;RIG-I-like receptor signaling pathway;Cytosolic DNA-sensing pathway;T cell receptor signaling pathway;B cell receptor signaling pathway;Neurotrophin signaling pathway;Adipocytokine signaling pathway;Epithelial cell signaling in Helicobacter pylori infection;Shigellosis;Leishmaniasis;Chagas disease (American trypanosomiasis);Toxoplasmosis;Amoebiasis;ko05152;Hepatitis C;Measles;Pathways in cancer;Pancreatic cancer;Prostate cancer;Chronic myeloid leukemia;Acute myeloid leukemia;Small cell lung cancer
Q9Z1J1;O70450;O70573	Wnt signaling pathway;Adherens junction;Melanogenesis;Pathways in cancer;Colorectal cancer;Endometrial cancer;Prostate cancer;Thyroid cancer;Basal cell carcinoma;Acute myeloid leukemia;Arrhythmogenic right ventricular cardiomyopathy (ARVC)
Q924A0;O70574;Q8C834;Q91XP2;Q91XP3;Q91XP4;Q924A1;Q9Z0V3;Q9Z0V4	Wnt signaling pathway;Adherens junction;Melanogenesis;Pathways in cancer;Colorectal cancer;Endometrial cancer;Prostate cancer;Thyroid cancer;Basal cell carcinoma;Acute myeloid leukemia;Arrhythmogenic right ventricular cardiomyopathy (ARVC)
O54819;Q9Z2U8	Complement and coagulation cascades
Q62351;Q61560	Endocytosis;Phagosome;Hematopoietic cell lineage
P20352	Complement and coagulation cascades
P48030	ErbB signaling pathway;Pathways in cancer;Renal cell carcinoma;Pancreatic cancer;Glioma;Prostate cancer;Non-small cell lung cancer
Q923W1;A2AJF7;Q6DI60;Q6PEA7;Q8R0W9	RNA transport
Q8VDR7;Q3U4A6	Streptomycin biosynthesis;Polyketide sugar unit biosynthesis;Biosynthesis of vancomycin group antibiotics
Q64729;A2AJN0	MAPK signaling pathway;Cytokine-cytokine receptor interaction;Endocytosis;TGF-beta signaling pathway;Osteoclast differentiation;Adherens junction;Chagas disease (American trypanosomiasis);Pathways in cancer;Colorectal cancer;Pancreatic cancer;Chronic myeloid leukemia
P27090;Q91VP5	MAPK signaling pathway;Cytokine-cytokine receptor interaction;Cell cycle;Endocytosis;TGF-beta signaling pathway;Osteoclast differentiation;Leishmaniasis;Chagas disease (American trypanosomiasis);Malaria;Toxoplasmosis;Amoebiasis;ko05152;Pathways in cancer;Colorectal cancer;Renal cell carcinoma;Pancreatic cancer;Chronic myeloid leukemia;Rheumatoid arthritis;Hypertrophic cardiomyopathy (HCM);Dilated cardiomyopathy
P04202	MAPK signaling pathway;Cytokine-cytokine receptor interaction;Cell cycle;Endocytosis;TGF-beta signaling pathway;Osteoclast differentiation;Intestinal immune network for IgA production;Leishmaniasis;Chagas disease (American trypanosomiasis);Malaria;Toxoplasmosis;Amoebiasis;ko05152;Pathways in cancer;Colorectal cancer;Renal cell carcinoma;Pancreatic cancer;Chronic myeloid leukemia;Rheumatoid arthritis;Hypertrophic cardiomyopathy (HCM);Dilated cardiomyopathy
Q62312;Q63947	MAPK signaling pathway;Cytokine-cytokine receptor interaction;Endocytosis;TGF-beta signaling pathway;Osteoclast differentiation;Adherens junction;Chagas disease (American trypanosomiasis);Pathways in cancer;Colorectal cancer;Pancreatic cancer;Chronic myeloid leukemia
P21981;O88901;Q3TLV2;Q8C217;Q91VG9;Q9R1F7	Huntington's disease
P36423;P97505	Arachidonic acid metabolism
P37242;P37244;Q0VDR8;Q3TY80	Neuroactive ligand-receptor interaction
P63058;A3KFN4;P10685;P15827;P16416;P37241;Q542U8;Q63107;Q63195;Q63196;Q80Y90;Q99146	Neuroactive ligand-receptor interaction
Q8CAY6;Q3TJY7;Q62292;Q96EB7;Q99K88;Q9CYV2	Fatty acid metabolism;Synthesis and degradation of ketone bodies;Valine, leucine and isoleucine degradation;Lysine degradation;Benzoate degradation;Tryptophan metabolism;Pyruvate metabolism;Glyoxylate and dicarboxylate metabolism;Propanoate metabolism;Butanoate metabolism;Carbon fixation pathways in prokaryotes;Terpenoid backbone biosynthesis;Two-component system
Q921H8	Fatty acid metabolism;Valine, leucine and isoleucine degradation;Benzoate degradation;Biosynthesis of unsaturated fatty acids;PPAR signaling pathway;Peroxisome
Q8QZT1;Q3TE92	Fatty acid metabolism;Synthesis and degradation of ketone bodies;Valine, leucine and isoleucine degradation;Lysine degradation;Benzoate degradation;Tryptophan metabolism;Pyruvate metabolism;Glyoxylate and dicarboxylate metabolism;Propanoate metabolism;Butanoate metabolism;Carbon fixation pathways in prokaryotes;Terpenoid backbone biosynthesis;Two-component system
Q8VCH0	Fatty acid metabolism;Valine, leucine and isoleucine degradation;Benzoate degradation;Biosynthesis of unsaturated fatty acids;PPAR signaling pathway;Peroxisome
Q8BWT1;Q3TIT9;Q8JZR8	Fatty acid elongation in mitochondria;Fatty acid metabolism;Valine, leucine and isoleucine degradation;Benzoate degradation
Q5U4D9	RNA transport
Q8VE80;Q9CWI8	RNA transport;Spliceosome
O08583;Q0VBL5;Q8CBM4;Q9JJW7	RNA transport;mRNA surveillance pathway;Spliceosome
Q8R3N6;Q8BWD5;Q8BXY3	RNA transport;Spliceosome
Q8C1A5;Q8K0J9;Q8K2D4;Q9EPX1	Renin-angiotensin system;African trypanosomiasis
P19221	Neuroactive ligand-receptor interaction;Complement and coagulation cascades;Regulation of actin cytoskeleton
Q8BKT7;Q69ZU0;Q8CHR3	RNA transport
B1AZI6	RNA transport;Spliceosome
Q8JZL3;Q3V1G2;Q8C3P9	Thiamine metabolism
P01831	Leukocyte transendothelial migration
Q99J99;Q3UW66;Q505N7	Cysteine and methionine metabolism;Sulfur relay system
P52196	Cysteine and methionine metabolism;Sulfur relay system
O08710;O88590;Q2NKY1;Q9QWY7	Autoimmune thyroid disease
Q6ZPF3;Q3TSM6;Q3TZ33;Q6AXF2;Q6NXJ2;Q9JLY2;Q9WVS3	Chemokine signaling pathway;Regulation of actin cytoskeleton
Q8BZA9	Fructose and mannose metabolism
Q02858	Rheumatoid arthritis
Q99JY1;Q91ZW0	Toll-like receptor signaling pathway;ko05152
Q99N14	Neuroactive ligand-receptor interaction
P55099;Q9QXS9	Neuroactive ligand-receptor interaction
P41539;Q00073	Neuroactive ligand-receptor interaction
Q9DCD5;I7H459;Q8CFL7;Q8R5I2	Tight junction
Q8VC30	Glycerolipid metabolism;Methane metabolism;RIG-I-like receptor signaling pathway
Q99MX0;B1AYP0;Q684Q5;Q8CDU7	Pentose phosphate pathway;Carbon fixation in photosynthetic organisms;Biosynthesis of ansamycins
Q9D4D4;A2RSH3	Pentose phosphate pathway;Carbon fixation in photosynthetic organisms;Biosynthesis of ansamycins
P40142;Q3U7Y1;Q3UK62;Q545A1;Q9ESA0	Pentose phosphate pathway;Carbon fixation in photosynthetic organisms;Biosynthesis of ansamycins
P26039;A2AIM8;Q8VEF0	Focal adhesion
P58681;Q923I1	Toll-like receptor signaling pathway;Measles
Q71LX4;E9QM49;Q8BWK0	Focal adhesion
Q6R5P0	Toxoplasmosis
P58682;A2AHI9;Q91XI7	Toll-like receptor signaling pathway
Q9QUK6;Q9D691;Q9QZF5;Q9Z203	Phagosome;Toll-like receptor signaling pathway;Pathogenic Escherichia coli infection;Leishmaniasis;Chagas disease (American trypanosomiasis);Malaria;Toxoplasmosis;Amoebiasis;ko05152;Measles;Rheumatoid arthritis
Q9EPQ1;Q9EPW5	Toll-like receptor signaling pathway;ko05152
Q9QUN7;Q3U400;Q9DBC4	Phagosome;Toll-like receptor signaling pathway;Leishmaniasis;Chagas disease (American trypanosomiasis);Malaria;Toxoplasmosis;Amoebiasis;ko05152;Measles;Rheumatoid arthritis
Q9EQU3;F8VPN5;Q4L0K3;Q4L0K4;Q99MF2;Q99MQ8	Toll-like receptor signaling pathway;Chagas disease (American trypanosomiasis);African trypanosomiasis;Malaria;ko05152;Measles
Q9JLF7	Toll-like receptor signaling pathway;Pathogenic Escherichia coli infection
Q99MB1;Q91ZM4	Toll-like receptor signaling pathway;Hepatitis C
Q9EPW9;Q9WTQ4	Phagosome;Toll-like receptor signaling pathway;Chagas disease (American trypanosomiasis);ko05152
Q9CZR3	Amyotrophic lateral sclerosis (ALS)
Q91ZE0;Q3TSX6;Q3UMX1;Q91XH1	Lysine degradation
Q9WU72;Q7TQ58	Cytokine-cytokine receptor interaction;Intestinal immune network for IgA production;Rheumatoid arthritis
O54907;Q9CTP2	Cytokine-cytokine receptor interaction
Q9D777;Q9ERP1	Cytokine-cytokine receptor interaction;Intestinal immune network for IgA production;Rheumatoid arthritis
P41155	Cytokine-cytokine receptor interaction;Rheumatoid arthritis
P32972	Cytokine-cytokine receptor interaction
Q9QYH9;Q059Y9	Cytokine-cytokine receptor interaction
P41274	Cytokine-cytokine receptor interaction
Q5UBV8;Q8K3Y8	Cytokine-cytokine receptor interaction
Q60769;Q3U968	NOD-like receptor signaling pathway;Measles
P43488	Cytokine-cytokine receptor interaction
Q7TS55;Q7TNY2;Q80YG2	Cytokine-cytokine receptor interaction
P19123	Calcium signaling pathway;Cardiac muscle contraction;Hypertrophic cardiomyopathy (HCM);Dilated cardiomyopathy
P09225	Cytokine-cytokine receptor interaction;Type I diabetes mellitus
P06804;O35853;Q62326;Q91VF3	MAPK signaling pathway;Cytokine-cytokine receptor interaction;Apoptosis;TGF-beta signaling pathway;Osteoclast differentiation;Antigen processing and presentation;Toll-like receptor signaling pathway;NOD-like receptor signaling pathway;RIG-I-like receptor signaling pathway;Hematopoietic cell lineage;Natural killer cell mediated cytotoxicity;T cell receptor signaling pathway;Fc epsilon RI signaling pathway;Adipocytokine signaling pathway;Type II diabetes mellitus;Type I diabetes mellitus;Alzheimer's disease;Amyotrophic lateral sclerosis (ALS);Leishmaniasis;Chagas disease (American trypanosomiasis);African trypanosomiasis;Malaria;Toxoplasmosis;Amoebiasis;ko05152;Hepatitis C;Asthma;Systemic lupus erythematosus;Rheumatoid arthritis;Allograft rejection;Graft-versus-host disease;Hypertrophic cardiomyopathy (HCM);Dilated cardiomyopathy
P41047;Q61217;Q9R1F2	MAPK signaling pathway;Cytokine-cytokine receptor interaction;Apoptosis;Natural killer cell mediated cytotoxicity;Neurotrophin signaling pathway;Type I diabetes mellitus;Chagas disease (American trypanosomiasis);African trypanosomiasis;Measles;Pathways in cancer;Autoimmune thyroid disease;Allograft rejection;Graft-versus-host disease
P50592	Cytokine-cytokine receptor interaction;Apoptosis;Natural killer cell mediated cytotoxicity;Measles
P48787	Cardiac muscle contraction;Hypertrophic cardiomyopathy (HCM);Dilated cardiomyopathy
O35235;O35306;Q3TWY5;Q9JJK8;Q9JJK9;Q9R1Y0	Cytokine-cytokine receptor interaction;Osteoclast differentiation;Rheumatoid arthritis
P20801	Calcium signaling pathway
P50284	Cytokine-cytokine receptor interaction;Intestinal immune network for IgA production
O35305;Q8VCT7	Cytokine-cytokine receptor interaction;Osteoclast differentiation;Rheumatoid arthritis
P25118	MAPK signaling pathway;Cytokine-cytokine receptor interaction;Apoptosis;Osteoclast differentiation;Adipocytokine signaling pathway;Alzheimer's disease;Amyotrophic lateral sclerosis (ALS);Chagas disease (American trypanosomiasis);Toxoplasmosis;ko05152;Hepatitis C
Q9CR75;Q3TVG8;Q9QZW3	Cytokine-cytokine receptor interaction
P47741	Cytokine-cytokine receptor interaction
P20334	Cytokine-cytokine receptor interaction
P50752;Q64360;Q64377	Cardiac muscle contraction;Hypertrophic cardiomyopathy (HCM);Dilated cardiomyopathy
Q80WM9	Cytokine-cytokine receptor interaction
P25119;O88734;P97893	Cytokine-cytokine receptor interaction;Adipocytokine signaling pathway;Amyotrophic lateral sclerosis (ALS)
P27512;Q3TS33;Q3TSL2;Q3U799;Q3U7C9;Q3UBH3;Q542B1;Q8K2X6;Q99NE0;Q99NE1;Q99NE2;Q99NE3	Cytokine-cytokine receptor interaction;Cell adhesion molecules (CAMs);Toll-like receptor signaling pathway;Intestinal immune network for IgA production;Malaria;Toxoplasmosis;Asthma;Autoimmune thyroid disease;Systemic lupus erythematosus;Allograft rejection;Primary immunodeficiency;Viral myocarditis
Q9Z0W1;Q8CFT3	Cytokine-cytokine receptor interaction;Neurotrophin signaling pathway
Q9EPU5;Q3UYG3;Q543Y9;Q91W77;Q91XH9	Cytokine-cytokine receptor interaction
O88472	Cytokine-cytokine receptor interaction;Intestinal immune network for IgA production
P25446;Q6GT31;Q9DCQ1	MAPK signaling pathway;Cytokine-cytokine receptor interaction;p53 signaling pathway;Apoptosis;Natural killer cell mediated cytotoxicity;Type I diabetes mellitus;Alzheimer's disease;Chagas disease (American trypanosomiasis);African trypanosomiasis;Measles;Pathways in cancer;Autoimmune thyroid disease;Allograft rejection;Graft-versus-host disease
Q61471;Q640M3	RNA degradation
O35714;Q9JKR1;Q9JKR2;Q9JKR3	Cytokine-cytokine receptor interaction
Q9JM55	RNA degradation
Q8BX35;Q8BM50	Cytokine-cytokine receptor interaction
Q9JLL3;Q80T13;Q812G3;Q9JHF1;Q9JJH6;Q9JLL2;Q9QXW7	Cytokine-cytokine receptor interaction
Q60846;A1L3C9	Cytokine-cytokine receptor interaction
Q9QZ06;Q543N1;Q9D5P5	Toll-like receptor signaling pathway
Q9QYA2;Q3TBZ2;Q3TQA1;Q8VI26;Q8VI27;Q9Z2N1	Amyotrophic lateral sclerosis (ALS)
O70157	Homologous recombination
Q9Z321	Homologous recombination
P11214;Q6P7U0;Q91VP2	Complement and coagulation cascades
Q8BWC0;Q6NSV0;Q8BTJ7;Q8R396	Pancreatic secretion
P17532	Tryptophan metabolism
Q8CGV2;Q0VBT4	Tryptophan metabolism
P17751;Q3TJH2;Q3UC04;Q3UKG9;Q64513;Q9CVF9;Q9CWE7	Glycolysis / Gluconeogenesis;Fructose and mannose metabolism;Inositol phosphate metabolism;Carbon fixation in photosynthetic organisms
O55060;Q9JIL7;Q9QUG7	Drug metabolism - other enzymes
P21107;Q09021;Q60606;Q80SW6;Q9EPW3	Cardiac muscle contraction;Pathways in cancer;Thyroid cancer;Hypertrophic cardiomyopathy (HCM);Dilated cardiomyopathy
P58771;P02558;P19354;P46902;P99034	Cardiac muscle contraction;Hypertrophic cardiomyopathy (HCM);Dilated cardiomyopathy
Q9R0M5;Q3UWB5;Q8CAB5;Q8CEE8;Q8R1Q6	Thiamine metabolism
Q6IRU2	Cardiac muscle contraction;Hypertrophic cardiomyopathy (HCM);Dilated cardiomyopathy
P58774;P02560;P46901	Cardiac muscle contraction;Hypertrophic cardiomyopathy (HCM);Dilated cardiomyopathy
O89023;Q543Q8;Q9QUS7	Lysosome
Q08351;A6H8H6;Q8BRX0	Cytokine-cytokine receptor interaction;Jak-STAT signaling pathway
P40226	Hematopoietic cell lineage
F6ZDS4;Q8R4A0;Q921B9	RNA transport;MAPK signaling pathway - yeast;Pathways in cancer;Thyroid cancer
Q9R233;O70317;Q91YE0;Q91YE1;Q9QWT7;Q9Z1W3	Antigen processing and presentation
Q7M707	Taste transduction
Q7M722	Taste transduction
Q7M713;Q9JKA1;Q9JKA4	Taste transduction
Q7M718	Taste transduction
Q7M715;A2RSQ6	Taste transduction
Q7M710	Taste transduction
Q7TQA4;A6H6Q9;Q9JKA0;Q9JKA2	Taste transduction
Q7M723;A7MAX0	Taste transduction
Q7M709	Taste transduction
Q9JKT2;Q2M2Q7	Taste transduction
Q9QZM4;Q6GSD9;Q9JJL5;Q9JJL6	Cytokine-cytokine receptor interaction;Apoptosis;Natural killer cell mediated cytotoxicity;Measles
Q9JKT4	Taste transduction
Q7TQB9;A7MAX5;Q2NL43	Taste transduction
Q7M724;Q3B817	Taste transduction
Q7TQB0;Q4VHF1	Taste transduction
Q7M725;Q71QD3	Taste transduction
O08712;O70202	Cytokine-cytokine receptor interaction;Osteoclast differentiation
Q7M712;Q71QD1	Taste transduction
Q7TQA9;A4FUQ3;Q7M705	Taste transduction
Q7TQA8;Q7M716	Taste transduction
Q7M721	Taste transduction
Q9ET35;Q9DBZ3	Cytokine-cytokine receptor interaction;Intestinal immune network for IgA production;Primary immunodeficiency
P59528;Q7M714	Taste transduction
P70191;Q61480	Pathways in cancer;Small cell lung cancer
Q9D8D0	Cytokine-cytokine receptor interaction;Intestinal immune network for IgA production;Primary immunodeficiency
P62996;O15449;Q15815;Q64283	Spliceosome
Q7M711	Taste transduction
P39428;Q8CE28	Pathways in cancer;Small cell lung cancer
Q8BX43;Q497Z8;Q8BTV0	Cytokine-cytokine receptor interaction
Q91V04	Protein processing in endoplasmic reticulum
Q3U0V2	Apoptosis;RIG-I-like receptor signaling pathway;Adipocytokine signaling pathway;ko05152;Hepatitis C
P70196;Q6P9M0;Q8BLV2	MAPK signaling pathway;Ubiquitin mediated proteolysis;Endocytosis;Osteoclast differentiation;Toll-like receptor signaling pathway;NOD-like receptor signaling pathway;RIG-I-like receptor signaling pathway;Neurotrophin signaling pathway;Leishmaniasis;Chagas disease (American trypanosomiasis);Toxoplasmosis;ko05152;Hepatitis C;Measles;Pathways in cancer;Small cell lung cancer
P39429;A2AJA3;O54896	MAPK signaling pathway;Protein processing in endoplasmic reticulum;Apoptosis;Osteoclast differentiation;RIG-I-like receptor signaling pathway;Adipocytokine signaling pathway;Hepatitis C;Pathways in cancer;Small cell lung cancer
Q9JLT2;Q91ZS4	Starch and sucrose metabolism
P15306	Complement and coagulation cascades
O55055;O35212	Cysteine and methionine metabolism
Q60803;B2RPW3;Q62380	Toll-like receptor signaling pathway;RIG-I-like receptor signaling pathway;Hepatitis C;Pathways in cancer;Small cell lung cancer
Q61382;Q8BHD9	Pathways in cancer;Small cell lung cancer
Q99NH8;Q8CGK4;Q8CIA6;Q99NH9;Q9JL34	Osteoclast differentiation
Q91XB0;Q3TAD7;Q9D6W2;Q9R1B0	Cytosolic DNA-sensing pathway
Q921I1;O35421;Q3UBW7;Q58E69;Q61803;Q62357;Q62358;Q62359;Q63915;Q64515;Q8VII5;Q922C0	Mineral absorption
Q62361;Q7TMT4	Neuroactive ligand-receptor interaction
P21761	Calcium signaling pathway;Neuroactive ligand-receptor interaction
Q8CH72;Q8K055	Ubiquitin mediated proteolysis
Q61510;Q5SU70	RIG-I-like receptor signaling pathway
O70583;B1AV00;O35418;Q7TPT6	Ubiquitin mediated proteolysis
Q6PCX9;Q5SX31;Q8CHC5	Ubiquitin mediated proteolysis
Q9Z1Y4;Q3TX74	NOD-like receptor signaling pathway
G5E870;Q3TY88;Q3UYT5;Q8BM59;Q8K051	Ubiquitin mediated proteolysis
Q8K1J6;Q3TKW1;Q3UX99;Q920N6;Q9CSX0	RNA transport
Q61056;O35722	Calcium signaling pathway;Pancreatic secretion
Q9JJH7;A3KN89;Q3TU14;Q7TPL4;Q99NF9;Q9EPM3;Q9EPM4	Taste transduction
Q8CIR4	Mineral absorption
Q704Y3;Q5SSE1;Q5SSE2;Q5SSE4;Q5WPV5;Q68SW0	Neuroactive ligand-receptor interaction
Q923J1;A2AI58;Q8C7S7;Q8CE54;Q921Y5;Q925B2;Q9CUT2;Q9JLQ1	Mineral absorption
P69744;Q2TB50	Endocrine and other factor-regulated calcium reabsorption
Q91WD2	Salivary secretion;Mineral absorption
Q9JLT4;Q6KG49;Q80VZ4;Q91YX4;Q9JHA7;Q9JMH5	Pyrimidine metabolism;Selenocompound metabolism
Q99MD6;Q9CZE5	Pyrimidine metabolism;Selenocompound metabolism
Q61187	Endocytosis
Q925D8;A2ADA0;Q91VA4;Q923K0;Q925A4;Q925D9	Taste transduction;Carbohydrate digestion and absorption
P07146	Neuroactive ligand-receptor interaction;Pancreatic secretion;Protein digestion and absorption
Q9JMH6;Q3UEB7;Q3UK84;Q8CI31;Q99P49;Q9CSV5	Pyrimidine metabolism;Selenocompound metabolism
Q99PG6;Q6NS58;Q923J9;Q925I5;Q99PG5	Taste transduction
Q925I4;B1AXX0;Q923J8	Taste transduction;Carbohydrate digestion and absorption
Q9EP53;A2AHW1;Q3UHF2;Q7TS92;Q80U55;Q924U7	mTOR signaling pathway;Insulin signaling pathway
Q9JIE6	Cytokine-cytokine receptor interaction;Jak-STAT signaling pathway
Q05895;Q6LCE0;Q7TN15	Phagosome;TGF-beta signaling pathway;Focal adhesion;ECM-receptor interaction;Malaria
P47750;Q562E4;Q9D697	Neuroactive ligand-receptor interaction;Autoimmune thyroid disease
Q9Z1T2;Q9QYS3;Q9WUE0	Phagosome;TGF-beta signaling pathway;Focal adhesion;ECM-receptor interaction;Malaria
P50637;Q541E3;Q62118;Q6LCZ0;Q99M32	Neuroactive ligand-receptor interaction
Q03350;Q8CG21	Phagosome;TGF-beta signaling pathway;Focal adhesion;ECM-receptor interaction;Malaria
Q8BTV1	N-Glycan biosynthesis;Various types of N-glycan biosynthesis;Protein processing in endoplasmic reticulum
Q9CQU0;Q53YN1	Glutathione metabolism
Q91W90;Q8R1I6	Protein processing in endoplasmic reticulum
P42682	Leukocyte transendothelial migration
P20065	Regulation of actin cytoskeleton
P24529	Tyrosine metabolism;Isoquinoline alkaloid biosynthesis;Parkinson's disease
O54885;O88603	Osteoclast differentiation;Natural killer cell mediated cytotoxicity
Q99N42	Pyrimidine metabolism;Drug metabolism - other enzymes;Bladder cancer
Q9R117;O88431;Q3TXE3;Q52KQ2;Q8VE41	Osteoclast differentiation;Jak-STAT signaling pathway;Toxoplasmosis;ko05152;Hepatitis C;Measles
P07147	Tyrosine metabolism;Melanogenesis
P11344	Tyrosine metabolism;Riboflavin metabolism;Isoquinoline alkaloid biosynthesis;Betalain biosynthesis;Melanogenesis
P29812;Q6NXI2	Tyrosine metabolism;Melanogenesis
P07607	Pyrimidine metabolism;One carbon pool by folate
Q8BYR1;A2ART9;Q3T9F7;Q6A048;Q8BIG6	Arginine and proline metabolism
Q9D883;Q564E4;Q99LX2;Q9CZ98	Spliceosome;Shigellosis
A0PJN4;Q6PDR7	Ubiquitin mediated proteolysis
P26369	Spliceosome
Q6P4T2;Q69ZZ3	Spliceosome
O08810	Spliceosome
P61079	Ubiquitin mediated proteolysis;Protein processing in endoplasmic reticulum
Q3TW96;A1L3D3;Q6KAP8;Q6NVB6;Q80XP4	Amino sugar and nucleotide sugar metabolism
P62254;Q4VAA6;Q99462	Ubiquitin mediated proteolysis;Protein processing in endoplasmic reticulum;Parkinson's disease
Q9QZU9;Q3U8R0;Q922F1;Q9CQN0	Ubiquitin mediated proteolysis;Parkinson's disease
P52482	Ubiquitin mediated proteolysis;Protein processing in endoplasmic reticulum
P61080	Ubiquitin mediated proteolysis;Protein processing in endoplasmic reticulum
Q91YN5;Q8BG76;Q8BXD6;Q8VD59	Amino sugar and nucleotide sugar metabolism
Q7TSS2;Q29ST1;Q3UIY3;Q6P913;Q80UT5;Q8K2T0;Q9D7E1	Ubiquitin mediated proteolysis
Q91W82	Ubiquitin mediated proteolysis;Protein processing in endoplasmic reticulum
P60605;P56554	Ubiquitin mediated proteolysis;Protein processing in endoplasmic reticulum;Parkinson's disease
Q8K2Z8;Q3UBX3;Q3V3A5;Q8BUN2;Q8BVX5	Ubiquitin mediated proteolysis
P62838;P51669	Ubiquitin mediated proteolysis;Protein processing in endoplasmic reticulum
P52483;O09180;Q3TI00;Q91X63	Ubiquitin mediated proteolysis;Protein processing in endoplasmic reticulum
Q9JJZ4;Q9DC92	Ubiquitin mediated proteolysis;Protein processing in endoplasmic reticulum;Parkinson's disease
Q9CY34;Q99JK3;Q9D8K0;Q9D8K7	Ubiquitin mediated proteolysis
Q8C878;O88598;Q3TG68;Q9D6B7	Ubiquitin mediated proteolysis
Q8CFI2;Q505K8	Ubiquitin mediated proteolysis
Q6P073;Q8C6A1;Q91Y64;Q9CWY5;Q9DC18;Q9QX58	Ubiquitin mediated proteolysis;Protein processing in endoplasmic reticulum;Parkinson's disease
Q6ZWZ2;Q8BW18;Q8VDE5	Ubiquitin mediated proteolysis
Q02053;A6H6S6;P31253;Q542H8	Ubiquitin mediated proteolysis;Parkinson's disease
Q8C7R4	Ubiquitin mediated proteolysis
P68037;P51966;P70653;Q9HAV1	Ubiquitin mediated proteolysis;Parkinson's disease
P61082;O76069;Q8VC50	Ubiquitin mediated proteolysis
P63280;P50550;Q15698;Q6RUT3;Q86VB3	RNA transport;Ubiquitin mediated proteolysis
P0CG49;P02248;P02249;P02250;P62991;Q29120;Q62317;Q64223;Q8VCH1;Q91887;Q91888;Q9CXY4;Q9CZM0;Q9D1R5;Q9D8D9;Q9ET23;Q9ET24;Q9Z0H9	Parkinson's disease
Q9D1C1;Q3TUJ0	Ubiquitin mediated proteolysis
Q8VDW4;Q8BVJ8;Q9D5H3	Ubiquitin mediated proteolysis
P61089;Q16781;Q3TSL6;Q6ZWZ0;Q9DAJ6	Ubiquitin mediated proteolysis
Q921J4;Q3U4V7;Q8CF67	Ubiquitin mediated proteolysis
E9Q735	Ubiquitin mediated proteolysis
Q3UE37;A2A6M3;Q3TFZ8;Q3U618;Q7TMY6;Q8BVL2;Q9DAU4	Ubiquitin mediated proteolysis
Q9Z255	Ubiquitin mediated proteolysis
P62257;P37286	Ubiquitin mediated proteolysis
P0CG50;E9QKI0;P02248;P02249;P02250;P62991;Q29120;Q62317;Q64223;Q8VCH1;Q91887;Q91888;Q9CXY4;Q9CZM0;Q9D1R5;Q9D8D9;Q9ET23;Q9ET24;Q9Z0H9	PPAR signaling pathway
Q9ES00;Q6DID4;Q9EQE0	Ubiquitin mediated proteolysis;Protein processing in endoplasmic reticulum
Q6ZPJ3;A2A7X3;Q60800;Q6PCR9;Q7TPN2;Q8BLE8	Ubiquitin mediated proteolysis
P63147;P23567;Q3UGS2;Q9D0J6	Ubiquitin mediated proteolysis
O08759;E9QKT1;P97482;Q8CE29	Ubiquitin mediated proteolysis
P61087;O54806;P27924;Q16721;Q9CVV9	Ubiquitin mediated proteolysis
Q9ES34;Q8K068	Ubiquitin mediated proteolysis
Q80U95;Q0VB95;Q8BQZ6;Q8C7W6;Q8CDJ1;Q8VDL5	Ubiquitin mediated proteolysis
Q3TIX9;Q3TI55;Q8BLI5;Q8BZZ5;Q9CQR1	Spliceosome
Q8R317;Q80V10;Q8C7T4;Q8C835;Q8K141;Q91VI8;Q9D0Z0;Q9QZM1	Protein processing in endoplasmic reticulum
Q9QZM0;B1AY62;Q7TSJ8;Q8VDH9	Protein processing in endoplasmic reticulum
Q8C5U9	Protein processing in endoplasmic reticulum
Q99NB8;Q8BP88	Protein processing in endoplasmic reticulum
Q14DL0;E9QM12;Q14DR8;Q8BVT0	Protein processing in endoplasmic reticulum
Q91YL3	Pyrimidine metabolism;Drug metabolism - other enzymes
Q80U87;A2AI53;Q80YP2;Q8R0D3;Q9EQU1;Q9WVP5	Endocytosis
Q99PL6;B8JJA5;Q3TTP1;Q3UG19;Q8C4D6;Q91W79;Q9D7L9	Protein processing in endoplasmic reticulum
P52623	Pyrimidine metabolism;Drug metabolism - other enzymes
Q9R0P9;Q9R122	Parkinson's disease
P12242	PPAR signaling pathway;Huntington's disease
Q80TP3;Q698K9;Q6PEQ8;Q6PFQ9;Q80VL4;Q810V6;Q9CXE9	Ubiquitin mediated proteolysis
Q99PM9	Pyrimidine metabolism;Drug metabolism - other enzymes
Q924A4	Neuroactive ligand-receptor interaction
Q9CR68;Q5SVV1	Oxidative phosphorylation;Cardiac muscle contraction;Alzheimer's disease;Parkinson's disease;Huntington's disease
Q62452;A6H6W3;E9QN27;Q6XL44	Pentose and glucuronate interconversions;Ascorbate and aldarate metabolism;Steroid hormone biosynthesis;Starch and sucrose metabolism;Other types of O-glycan biosynthesis;Retinol metabolism;Porphyrin and chlorophyll metabolism;Metabolism of xenobiotics by cytochrome P450;Drug metabolism - cytochrome P450;Drug metabolism - other enzymes
Q80X89;Q9ESE4	Pentose and glucuronate interconversions;Ascorbate and aldarate metabolism;Steroid hormone biosynthesis;Starch and sucrose metabolism;Other types of O-glycan biosynthesis;Retinol metabolism;Porphyrin and chlorophyll metabolism;Metabolism of xenobiotics by cytochrome P450;Drug metabolism - cytochrome P450;Drug metabolism - other enzymes
Q63886;Q561M6;Q6XL50	Pentose and glucuronate interconversions;Ascorbate and aldarate metabolism;Steroid hormone biosynthesis;Starch and sucrose metabolism;Other types of O-glycan biosynthesis;Retinol metabolism;Porphyrin and chlorophyll metabolism;Metabolism of xenobiotics by cytochrome P450;Drug metabolism - cytochrome P450;Drug metabolism - other enzymes
Q6PDD0	Pentose and glucuronate interconversions;Ascorbate and aldarate metabolism;Steroid hormone biosynthesis;Starch and sucrose metabolism;Other types of O-glycan biosynthesis;Retinol metabolism;Porphyrin and chlorophyll metabolism;Metabolism of xenobiotics by cytochrome P450;Drug metabolism - cytochrome P450;Drug metabolism - other enzymes
P70691;Q545X2;Q6XL49	Pentose and glucuronate interconversions;Ascorbate and aldarate metabolism;Steroid hormone biosynthesis;Starch and sucrose metabolism;Other types of O-glycan biosynthesis;Retinol metabolism;Porphyrin and chlorophyll metabolism;Metabolism of xenobiotics by cytochrome P450;Drug metabolism - cytochrome P450;Drug metabolism - other enzymes
Q8BWQ1;Q8R129;Q9D811	Pentose and glucuronate interconversions;Ascorbate and aldarate metabolism;Steroid hormone biosynthesis;Starch and sucrose metabolism;Other types of O-glycan biosynthesis;Retinol metabolism;Porphyrin and chlorophyll metabolism;Metabolism of xenobiotics by cytochrome P450;Drug metabolism - cytochrome P450;Drug metabolism - other enzymes
P70362;Q923C4	Protein processing in endoplasmic reticulum
Q64435;P70692;Q62580;Q6XL47	Pentose and glucuronate interconversions;Ascorbate and aldarate metabolism;Steroid hormone biosynthesis;Starch and sucrose metabolism;Other types of O-glycan biosynthesis;Retinol metabolism;Porphyrin and chlorophyll metabolism;Metabolism of xenobiotics by cytochrome P450;Drug metabolism - cytochrome P450;Drug metabolism - other enzymes
Q6P5E4;E9QQ49;Q6NV70	Protein processing in endoplasmic reticulum
O70475	Pentose and glucuronate interconversions;Ascorbate and aldarate metabolism;Starch and sucrose metabolism;Amino sugar and nucleotide sugar metabolism
Q6ZQM8;B2RUL6;Q6XL45	Pentose and glucuronate interconversions;Ascorbate and aldarate metabolism;Steroid hormone biosynthesis;Starch and sucrose metabolism;Other types of O-glycan biosynthesis;Retinol metabolism;Porphyrin and chlorophyll metabolism;Metabolism of xenobiotics by cytochrome P450;Drug metabolism - cytochrome P450;Drug metabolism - other enzymes
Q91ZJ5;Q8R3D2	Pentose and glucuronate interconversions;Galactose metabolism;Starch and sucrose metabolism;Amino sugar and nucleotide sugar metabolism
Q8VBW6;Q8CFL6	Alzheimer's disease
O70405;Q6PGB2	Regulation of autophagy;mTOR signaling pathway
Q9QY01;Q80TV7;Q9WTP4	Regulation of autophagy;mTOR signaling pathway
Q8K1S4;Q6PEF7;Q80T71	Axon guidance
Q3U3Q1;B2RXB9;Q8K1X6;Q9DBR8	Regulation of autophagy;mTOR signaling pathway
P13439;Q99L26	Pyrimidine metabolism;Drug metabolism - other enzymes
Q8K1S3;Q3U4F2;Q6PFH0;Q80Y85;Q9D398	Axon guidance
O08747;Q8CD16	Axon guidance
Q8K1S2;B9EHC0	Axon guidance
P97931;P97285;P97509;Q7TPW8;Q9JIW8	Base excision repair;Primary immunodeficiency
P35456;P35457	Complement and coagulation cascades
P52624;Q8JZX0	Pyrimidine metabolism;Drug metabolism - other enzymes
Q8CGR7	Pyrimidine metabolism;Drug metabolism - other enzymes
B1AVZ0	Pyrimidine metabolism
Q283N4	Purine metabolism
Q8VIH9	Neuroactive ligand-receptor interaction
P25688	Purine metabolism;Caffeine metabolism
Q9D2P4;A3KGW2;Q8BHY9	Sulfur relay system
P06869	Complement and coagulation cascades
Q9CQ56;Q3TUK0;Q80V73;Q99MB6	SNARE interactions in vesicular transport
Q8BUB6;B2RR02	Glycosaminoglycan biosynthesis - chondroitin sulfate
Q640M1;A2AFX7;Q6A094;Q6EJB4;Q6P6L1;Q9CZK8	Ribosome biogenesis in eukaryotes
Q6EJB6;Q6EJB5;Q8BL60	Ribosome biogenesis in eukaryotes
Q5SSI6	Ribosome biogenesis in eukaryotes
Q8C7V3;Q3TRG8;Q8K231	Ribosome biogenesis in eukaryotes
Q9QZQ3	Neuroactive ligand-receptor interaction
Q8R2N2;Q62306;Q62307;Q69Z48;Q6NVG9;Q8VEL5	Ribosome biogenesis in eukaryotes
Q8VCY6;Q8CH76	Ribosome biogenesis in eukaryotes
Q91XL3;Q3U854	Starch and sucrose metabolism;Amino sugar and nucleotide sugar metabolism
Q62463;Q62464;Q9QYH2	Calcium signaling pathway;Neuroactive ligand-receptor interaction;Vascular smooth muscle contraction
Q9WU02	Calcium signaling pathway;Neuroactive ligand-receptor interaction;Vascular smooth muscle contraction
P51863;Q54A57;Q9QWJ2	Oxidative phosphorylation;Lysosome;Phagosome;Collecting duct acid secretion;Vibrio cholerae infection;Epithelial cell signaling in Helicobacter pylori infection;ko05152;Rheumatoid arthritis
Q9CQD8	Oxidative phosphorylation;Phagosome;Collecting duct acid secretion;Vibrio cholerae infection;Epithelial cell signaling in Helicobacter pylori infection;Rheumatoid arthritis
O88721	Neuroactive ligand-receptor interaction;Vasopressin-regulated water reabsorption
P63044;Q64357	SNARE interactions in vesicular transport;Vasopressin-regulated water reabsorption;Salivary secretion
Q80SY3;Q3TDQ6;Q5I0V5;Q8BTL3;Q8BW16	Oxidative phosphorylation;Lysosome;Phagosome;Collecting duct acid secretion;Vibrio cholerae infection;Epithelial cell signaling in Helicobacter pylori infection;ko05152;Rheumatoid arthritis
Q91XE7	Oxidative phosphorylation;Phagosome;Collecting duct acid secretion;Vibrio cholerae infection;Epithelial cell signaling in Helicobacter pylori infection;Rheumatoid arthritis
Q91ZD4;Q923Z8	Wnt signaling pathway
P63024;Q3TH70;Q64271	SNARE interactions in vesicular transport;Phagosome
O70404;Q9CRA3	SNARE interactions in vesicular transport
Q9WV55;Q3TJM1;Q9QY77	Tight junction
Q62442;Q6PFF3;Q810K6	SNARE interactions in vesicular transport
O70480;Q9D095	SNARE interactions in vesicular transport
Q9Z2P8	SNARE interactions in vesicular transport
Q80Z96;B2RRP5;Q8QZT3	Wnt signaling pathway
P70280	SNARE interactions in vesicular transport
Q9R1Q9	Oxidative phosphorylation;Lysosome;Phagosome;Vibrio cholerae infection;Epithelial cell signaling in Helicobacter pylori infection;ko05152;Rheumatoid arthritis
P50516;Q3TKS0;Q3U5W3;Q3U777;Q3UDZ9;Q3US31;Q8CHX2	Oxidative phosphorylation;Phagosome;Collecting duct acid secretion;Vibrio cholerae infection;Epithelial cell signaling in Helicobacter pylori infection;Rheumatoid arthritis
P62814;O09045;P50517;Q3TG74;Q3TL62;Q3TVK6;Q3TWR0;Q3U791;Q3U7C8;Q3U9Z0;Q3UAW7	Oxidative phosphorylation;Phagosome;Collecting duct acid secretion;Vibrio cholerae infection;Epithelial cell signaling in Helicobacter pylori infection;Rheumatoid arthritis
P70460;Q3TAP0;Q3TCD2;Q3U0C2;Q3UDF1;Q91VD2;Q9R214	Focal adhesion;Fc gamma R-mediated phagocytosis;Leukocyte transendothelial migration
Q91YH6;Q6P6I3;Q8C3L6	Oxidative phosphorylation;Phagosome;Collecting duct acid secretion;Vibrio cholerae infection;Epithelial cell signaling in Helicobacter pylori infection;Rheumatoid arthritis
Q9Z1G3;Q91Z42	Oxidative phosphorylation;Phagosome;Collecting duct acid secretion;Vibrio cholerae infection;Epithelial cell signaling in Helicobacter pylori infection;Rheumatoid arthritis
Q99L60;Q6PHA4	Oxidative phosphorylation;Phagosome;Collecting duct acid secretion;Vibrio cholerae infection;Epithelial cell signaling in Helicobacter pylori infection;Rheumatoid arthritis
P57746	Oxidative phosphorylation;Phagosome;Collecting duct acid secretion;Vibrio cholerae infection;Epithelial cell signaling in Helicobacter pylori infection;Rheumatoid arthritis
Q9D1K2;Q3U6X0	Oxidative phosphorylation;Phagosome;Collecting duct acid secretion;Vibrio cholerae infection;Epithelial cell signaling in Helicobacter pylori infection;Rheumatoid arthritis
P50518;Q3UK59;Q8K5D6;Q99LD0	Oxidative phosphorylation;Phagosome;Collecting duct acid secretion;Vibrio cholerae infection;Epithelial cell signaling in Helicobacter pylori infection;Rheumatoid arthritis
Q8BMC1	Oxidative phosphorylation;Phagosome;Collecting duct acid secretion;Vibrio cholerae infection;Epithelial cell signaling in Helicobacter pylori infection;Rheumatoid arthritis
Q91V37	Oxidative phosphorylation;Lysosome;Phagosome;Vibrio cholerae infection;Epithelial cell signaling in Helicobacter pylori infection;ko05152;Rheumatoid arthritis
Q8BVE3;Q921X8	Oxidative phosphorylation;Lysosome;Phagosome;Vibrio cholerae infection;Epithelial cell signaling in Helicobacter pylori infection;ko05152;Rheumatoid arthritis
P63082;P23967;Q3TD69	Oxidative phosphorylation;Lysosome;Phagosome;Collecting duct acid secretion;Vibrio cholerae infection;Epithelial cell signaling in Helicobacter pylori infection;ko05152;Rheumatoid arthritis
Q9D593;Q6P8U8;Q810S5	Oxidative phosphorylation;Phagosome;Collecting duct acid secretion;Vibrio cholerae infection;Epithelial cell signaling in Helicobacter pylori infection;Rheumatoid arthritis
Q9CR51	Oxidative phosphorylation;Phagosome;Collecting duct acid secretion;Vibrio cholerae infection;Epithelial cell signaling in Helicobacter pylori infection;Rheumatoid arthritis
P27870;Q8BTV7	Chemokine signaling pathway;Focal adhesion;Natural killer cell mediated cytotoxicity;T cell receptor signaling pathway;B cell receptor signaling pathway;Fc epsilon RI signaling pathway;Fc gamma R-mediated phagocytosis;Leukocyte transendothelial migration;Regulation of actin cytoskeleton
Q9WTT4	Oxidative phosphorylation;Phagosome;Collecting duct acid secretion;Vibrio cholerae infection;Epithelial cell signaling in Helicobacter pylori infection;Rheumatoid arthritis
Q60992;A2AH49	Chemokine signaling pathway;Focal adhesion;Natural killer cell mediated cytotoxicity;T cell receptor signaling pathway;B cell receptor signaling pathway;Fc epsilon RI signaling pathway;Fc gamma R-mediated phagocytosis;Leukocyte transendothelial migration;Regulation of actin cytoskeleton
Q9R0C8;A2CFD7;Q7TS85;Q8BRV2;Q8CCF5;Q8R076;Q9JLS6	Chemokine signaling pathway;Focal adhesion;Natural killer cell mediated cytotoxicity;T cell receptor signaling pathway;B cell receptor signaling pathway;Fc epsilon RI signaling pathway;Fc gamma R-mediated phagocytosis;Leukocyte transendothelial migration;Regulation of actin cytoskeleton
Q60931;Q8BNG2	Calcium signaling pathway;Parkinson's disease;Huntington's disease
Q60932;B1ASZ9;Q5SVC6	Calcium signaling pathway;Parkinson's disease;Huntington's disease
P48281;Q922X0	Endocrine and other factor-regulated calcium reabsorption;Mineral absorption;ko05152
Q60930;Q78MH6;Q99L98	Calcium signaling pathway;Parkinson's disease;Huntington's disease
P49766;Q3UG04;Q5D0B1;Q64290	Cytokine-cytokine receptor interaction;mTOR signaling pathway;Focal adhesion;Pathways in cancer;Renal cell carcinoma;Pancreatic cancer;Bladder cancer;Rheumatoid arthritis
P97953;C6F5S8;C6F5S9;C6F5T0;Q543R6	Cytokine-cytokine receptor interaction;mTOR signaling pathway;Focal adhesion;Pathways in cancer;Renal cell carcinoma;Pancreatic cancer;Bladder cancer
P97946;A2AIH3	Cytokine-cytokine receptor interaction;mTOR signaling pathway;Focal adhesion;Pathways in cancer;Renal cell carcinoma;Pancreatic cancer;Bladder cancer
Q00731;F8WH81;O70123;Q66S31;Q6GT23;Q6WZL9	Cytokine-cytokine receptor interaction;mTOR signaling pathway;Focal adhesion;Pathways in cancer;Renal cell carcinoma;Pancreatic cancer;Bladder cancer;Rheumatoid arthritis
P35918;C5H7S5;Q8VCD0	Cytokine-cytokine receptor interaction;Endocytosis;VEGF signaling pathway;Focal adhesion
P35969;O55094;Q61517	Cytokine-cytokine receptor interaction;Endocytosis;Focal adhesion;Rheumatoid arthritis
P40338	Ubiquitin mediated proteolysis;Pathways in cancer;Renal cell carcinoma
P35917	Cytokine-cytokine receptor interaction;Focal adhesion
P41588;P97750	Neuroactive ligand-receptor interaction
P32648;Q9D2Z7;Q9QUN1	Neuroactive ligand-receptor interaction
Q64727;Q8BP32;Q8BS46;Q922C5;Q922D9	Focal adhesion;Adherens junction;Leukocyte transendothelial migration;Regulation of actin cytoskeleton;Bacterial invasion of epithelial cells;Shigellosis;Amoebiasis
P97751;Q9JI40;Q9R1T8	Neuroactive ligand-receptor interaction
Q8R090	Parkinson's disease
Q8BRU6;Q8CC55	Parkinson's disease
Q9Z0K8;Q3TJI0;Q8VCT1;Q9DCH8	Pantothenate and CoA biosynthesis
Q8R0J7;Q3TLR2;Q3UDW1	Endocytosis
Q8R105;Q3TY76	Endocytosis
Q810I0;Q80UX4;Q8C1V8	Endocytosis
Q8CHS8;Q0VGD1;Q3TBI5;Q3TC15;Q3TC26	Endocytosis
P15920;A4FU82;Q3U2X3;Q8VHU0;Q9JHJ2	Oxidative phosphorylation;Lysosome;Phagosome;Collecting duct acid secretion;Vibrio cholerae infection;Epithelial cell signaling in Helicobacter pylori infection;ko05152;Rheumatoid arthritis
Q9Z1G4;A2A5A1;Q9JHJ4;Q9JL13;Q9JL14	Oxidative phosphorylation;Lysosome;Phagosome;Collecting duct acid secretion;Vibrio cholerae infection;Epithelial cell signaling in Helicobacter pylori infection;ko05152;Rheumatoid arthritis
Q920R6;Q8CJ79;Q920B5	Oxidative phosphorylation;Lysosome;Phagosome;Collecting duct acid secretion;Vibrio cholerae infection;Epithelial cell signaling in Helicobacter pylori infection;ko05152;Rheumatoid arthritis
P97390;Q91VK9	Endocytosis
Q9D1C8	Endocytosis
Q8VEJ9;Q3TXT2	Endocytosis
Q9CQ80;A2A4J9;A2A4K1;Q3UBT0;Q9D167	Endocytosis
P46467;Q91W22;Q9R1C9	Endocytosis
Q91XD6;Q9CVA3	Endocytosis
Q9CR26	Endocytosis
O89116;Q545P9	SNARE interactions in vesicular transport
P29788;Q5SYG4;Q8VII4;Q91X32;Q9D080	Focal adhesion;ECM-receptor interaction
Q8CIZ8;Q60863;Q6XUV6;Q8BIU9;Q8CGN0;Q9JK16	Focal adhesion;ECM-receptor interaction;Complement and coagulation cascades
Q8BH43	Adherens junction;Fc gamma R-mediated phagocytosis;Regulation of actin cytoskeleton;Bacterial invasion of epithelial cells;Shigellosis
Q8VHI6	Adherens junction;Fc gamma R-mediated phagocytosis
Q91YD9	Chemokine signaling pathway;Adherens junction;Fc gamma R-mediated phagocytosis;Regulation of actin cytoskeleton;Bacterial invasion of epithelial cells;Pathogenic Escherichia coli infection;Shigellosis
Q923D5;O88539;Q3UMD8;Q8VDI0	Spliceosome
P70315	Chemokine signaling pathway;Adherens junction;Fc gamma R-mediated phagocytosis;Regulation of actin cytoskeleton;Bacterial invasion of epithelial cells;Pathogenic Escherichia coli infection;Shigellosis
Q8R5H6;Q91W51;Q9ERQ9	Adherens junction;Fc gamma R-mediated phagocytosis;Regulation of actin cytoskeleton;Bacterial invasion of epithelial cells;Shigellosis
Q8BHB4	Ribosome biogenesis in eukaryotes
Q3U821;Q08EC1	Ribosome biogenesis in eukaryotes
Q6ZQL4;Q3U895	Ribosome biogenesis in eukaryotes
Q66JT0;Q4U4S4;Q7TPV9	Cell cycle
P47810;Q9EPL7	Cell cycle
P56695;Q9Z276	Protein processing in endoplasmic reticulum
P48615	Wnt signaling pathway;Hedgehog signaling pathway;Melanogenesis;Pathways in cancer;Basal cell carcinoma
Q9QYS1;Q14BF7	Wnt signaling pathway;Hedgehog signaling pathway;Melanogenesis;Pathways in cancer;Basal cell carcinoma
Q9WUA1	Wnt signaling pathway
O70283;O88530;Q544L3	Wnt signaling pathway;Hedgehog signaling pathway;Melanogenesis;Pathways in cancer;Basal cell carcinoma
P70701	Wnt signaling pathway;Hedgehog signaling pathway;Melanogenesis;Pathways in cancer;Basal cell carcinoma
P48614;P70702	Wnt signaling pathway;Hedgehog signaling pathway;Melanogenesis;Pathways in cancer;Basal cell carcinoma
P04426	Wnt signaling pathway;Hedgehog signaling pathway;Melanogenesis;Pathways in cancer;Basal cell carcinoma
P21552;Q9CZW3	Wnt signaling pathway;Hedgehog signaling pathway;Melanogenesis;Pathways in cancer;Basal cell carcinoma
P22727;Q80ZM9	Wnt signaling pathway;Hedgehog signaling pathway;Melanogenesis;Pathways in cancer;Basal cell carcinoma
P22725;Q8BM17;Q8BMF9;Q8VCV6	Wnt signaling pathway;Hedgehog signaling pathway;Melanogenesis;Pathways in cancer;Basal cell carcinoma
P27467	Wnt signaling pathway;Hedgehog signaling pathway;Melanogenesis;Pathways in cancer;Basal cell carcinoma
P22724	Wnt signaling pathway;Hedgehog signaling pathway;Melanogenesis;Pathways in cancer;Basal cell carcinoma
P28047;Q80US5	Wnt signaling pathway;Hedgehog signaling pathway;Melanogenesis;Pathways in cancer;Basal cell carcinoma
Q8R5M2	Wnt signaling pathway;Hedgehog signaling pathway;Melanogenesis;Pathways in cancer;Basal cell carcinoma
O35468;Q8VI90	Wnt signaling pathway;Hedgehog signaling pathway;Melanogenesis;Pathways in cancer;Basal cell carcinoma
P17553	Wnt signaling pathway;Hedgehog signaling pathway;Melanogenesis;Pathways in cancer;Basal cell carcinoma
P22726;Q91XF5	Wnt signaling pathway;Hedgehog signaling pathway;Melanogenesis;Pathways in cancer;Basal cell carcinoma
Q64527;E9QL90	Wnt signaling pathway;Hedgehog signaling pathway;Melanogenesis;Pathways in cancer;Basal cell carcinoma
P24383;Q80VH3;Q9DBY3	Wnt signaling pathway;Hedgehog signaling pathway;Melanogenesis;Pathways in cancer;Basal cell carcinoma
Q9WUD6	Wnt signaling pathway;Hedgehog signaling pathway;Melanogenesis;Pathways in cancer;Basal cell carcinoma
O35188;O35933;Q91V44	Cytokine-cytokine receptor interaction;Chemokine signaling pathway
P47993	Cytokine-cytokine receptor interaction;Chemokine signaling pathway
Q8BZZ3;Q8BIV9;Q8VDP8	Ubiquitin mediated proteolysis;Endocytosis
Q9DBH0;Q8BTG4;Q923F6	Ubiquitin mediated proteolysis
Q00519;E9QLM9	Purine metabolism;Caffeine metabolism;Drug metabolism - other enzymes;Peroxisome
O35426;Q8VHM0;Q922G5;Q9ESS3	Protein processing in endoplasmic reticulum
Q60989;A2BGY6;O08865	Ubiquitin mediated proteolysis;Apoptosis;Focal adhesion;NOD-like receptor signaling pathway;Toxoplasmosis;Pathways in cancer;Small cell lung cancer
Q64267;A2ALZ7;Q9CVA0	Nucleotide excision repair
Q924C1;A2RRJ5;Q7TMP2;Q80TF9;Q9CRI9;Q9CT48	RNA transport
B1AVD1;Q3TA51;Q3TPA9;Q8BVD6;Q91Y31;Q91ZH9	Protein digestion and absorption
Q9QZD4;O54810;Q8R0I3	Nucleotide excision repair
P51612;P54732;Q3TKI2;Q920M1;Q9DBW7	Nucleotide excision repair
Q6P5F9	Ribosome biogenesis in eukaryotes;RNA transport
P27641;Q3TE46;Q3TJT0;Q3TN82;Q80UT1;Q8C4N6;Q8K1K7;Q9R169	Non-homologous end-joining
Q60596;Q3THC5;Q5U435;Q7TNQ5	Base excision repair
Q9DBR1;Q3TI26;Q3TKF2;Q3UZT9;Q61489;Q99KS7	Ribosome biogenesis in eukaryotes;RNA degradation
Q9CX47;O88730;Q9D5T1	Homologous recombination
P23475;O88212;Q3UJL8;Q62027;Q62382;Q62453;Q6GTV8;Q8QZX7	Non-homologous end-joining
Q9CXE6	Homologous recombination
Q811B1;Q9EPL1	Glycosaminoglycan biosynthesis - chondroitin sulfate;Glycosaminoglycan biosynthesis - heparan sulfate
Q3TNA1;B2RR66;Q8R156	Pentose and glucuronate interconversions
Q9EPL0;Q5SUY1;Q8K060	Glycosaminoglycan biosynthesis - chondroitin sulfate;Glycosaminoglycan biosynthesis - heparan sulfate
Q9JKB3;Q80WG4;Q9EQF7;Q9EQF8	Tight junction
Q04736	Adherens junction;Tight junction
Q9CQW1;O88595	SNARE interactions in vesicular transport
Q9Z1K8;Q9QWS1	Protein digestion and absorption
P43404;P97455;Q80VV2;Q8CHJ3	Natural killer cell mediated cytotoxicity;T cell receptor signaling pathway;Primary immunodeficiency
Q60821;A2ADB9;Q60699	Cell cycle
Q9QY24;Q8VE02;Q9D8B9	Cytosolic DNA-sensing pathway
B1AX39;Q3TZN5;Q8C915;Q9CYZ9	RNA degradation
Q80U44;Q8BRD2;Q8CG97	Endocytosis;TGF-beta signaling pathway
Q9CPW7;Q5EBK0	Spliceosome
Q9CR50;Q920H0	p53 signaling pathway;Ubiquitin mediated proteolysis;Measles
Q60738	Mineral absorption
P39447;E9QK00	Adherens junction;Tight junction;Gap junction;Vibrio cholerae infection;Epithelial cell signaling in Helicobacter pylori infection
Q9Z0U1;Q8K210	Tight junction;Vibrio cholerae infection
Q62523;P70461;Q3UGQ3	Focal adhesion
Q564E8	Ribosome
Q3UHH3	ECM-receptor interaction
Q9MD77	Oxidative phosphorylation;Parkinson's disease
Q3UK97	Cytokine-cytokine receptor interaction;Osteoclast differentiation
Q9EQE3	MAPK signaling pathway
Q545F4	MAPK signaling pathway;VEGF signaling pathway;Amoebiasis
Q4VAE6	Chemokine signaling pathway;Endocytosis;Vascular smooth muscle contraction;Wnt signaling pathway;TGF-beta signaling pathway;Axon guidance;Focal adhesion;Adherens junction;Tight junction;T cell receptor signaling pathway;Leukocyte transendothelial migration;Neurotrophin signaling pathway;Regulation of actin cytoskeleton;Pancreatic secretion;Bacterial invasion of epithelial cells;Pathogenic Escherichia coli infection;ko05152;Pathways in cancer;Colorectal cancer
Q543B5	MAPK signaling pathway;Wnt signaling pathway;Osteoclast differentiation;Adherens junction;Toll-like receptor signaling pathway;NOD-like receptor signaling pathway;RIG-I-like receptor signaling pathway;T cell receptor signaling pathway;Leishmaniasis;Toxoplasmosis;Measles
Q149V4	Systemic lupus erythematosus
Q544K5	Vascular smooth muscle contraction
Q3TCS3	Chemokine signaling pathway;B cell receptor signaling pathway;Fc epsilon RI signaling pathway;Fc gamma R-mediated phagocytosis;Long-term depression;Epithelial cell signaling in Helicobacter pylori infection
Q5M9P5	Oxidative phosphorylation;Alzheimer's disease;Parkinson's disease;Huntington's disease
Q0VBT7	Neuroactive ligand-receptor interaction
Q3UR55	Cardiac muscle contraction;Aldosterone-regulated sodium reabsorption;Endocrine and other factor-regulated calcium reabsorption;Proximal tubule bicarbonate reclamation;Salivary secretion;Gastric acid secretion;Pancreatic secretion;Carbohydrate digestion and absorption;Protein digestion and absorption;Bile secretion;Mineral absorption
Q059R7	Vitamin digestion and absorption
Q544B4	Neuroactive ligand-receptor interaction
Q545P0	Cardiac muscle contraction;Aldosterone-regulated sodium reabsorption;Endocrine and other factor-regulated calcium reabsorption;Proximal tubule bicarbonate reclamation;Salivary secretion;Gastric acid secretion;Pancreatic secretion;Carbohydrate digestion and absorption;Protein digestion and absorption;Bile secretion;Mineral absorption
A2ADU0	Retinol metabolism;Vitamin digestion and absorption
Q545V4	Neuroactive ligand-receptor interaction
A2RT24	Phagosome
Q3TEF1	Glutathione metabolism
Q3TS44	Proteasome
Q3TKD1	DNA replication;Nucleotide excision repair;Mismatch repair
Q3U0Y6	MAPK signaling pathway;Cytokine-cytokine receptor interaction;Apoptosis;Osteoclast differentiation;Hematopoietic cell lineage;Type I diabetes mellitus;Prion diseases;Leishmaniasis;ko05152;Measles;Rheumatoid arthritis;Graft-versus-host disease
Q544R7	Porphyrin and chlorophyll metabolism;Mineral absorption
Q3TTE7	Ubiquitin mediated proteolysis;Pathways in cancer;Renal cell carcinoma
A2AIH5	Glycosylphosphatidylinositol(GPI)-anchor biosynthesis
Q4KML7	Leukocyte transendothelial migration;Regulation of actin cytoskeleton;Gastric acid secretion;Pathogenic Escherichia coli infection
Q3U489	Purine metabolism
Q3TV35	Proteasome;Homologous recombination
Q5I0T8	Ribosome
Q3U472	Cell adhesion molecules (CAMs)
Q3UGN1	Chemokine signaling pathway
Q53ZU1	Jak-STAT signaling pathway
Q14C34	Protein processing in endoplasmic reticulum
K9J7B2	Pentose and glucuronate interconversions;Ascorbate and aldarate metabolism;Steroid hormone biosynthesis;Starch and sucrose metabolism;Other types of O-glycan biosynthesis;Retinol metabolism;Porphyrin and chlorophyll metabolism;Metabolism of xenobiotics by cytochrome P450;Drug metabolism - cytochrome P450;Drug metabolism - other enzymes
Q52L50	MAPK signaling pathway;Chemokine signaling pathway;Focal adhesion;Leukocyte transendothelial migration;Long-term potentiation;Neurotrophin signaling pathway;Pancreatic secretion;Renal cell carcinoma
Q3U861	Oxidative phosphorylation;Phagosome;Collecting duct acid secretion;Vibrio cholerae infection;Epithelial cell signaling in Helicobacter pylori infection;Rheumatoid arthritis
Q540I4	Insulin signaling pathway
Q5SSP0	Olfactory transduction
B2RXP3	Lysine degradation
Q3UEB8	MAPK signaling pathway;Toll-like receptor signaling pathway;T cell receptor signaling pathway
Q3V214	Purine metabolism;Pyrimidine metabolism;RNA polymerase;Cytosolic DNA-sensing pathway;Huntington's disease
A2RTD1	Cytokine-cytokine receptor interaction;Toll-like receptor signaling pathway;NOD-like receptor signaling pathway;Cytosolic DNA-sensing pathway;Jak-STAT signaling pathway;Hematopoietic cell lineage;Intestinal immune network for IgA production;Prion diseases;Chagas disease (American trypanosomiasis);African trypanosomiasis;Malaria;Amoebiasis;ko05152;Measles;Pathways in cancer;Rheumatoid arthritis;Graft-versus-host disease;Hypertrophic cardiomyopathy (HCM)
Q6ZWM8	Meiosis - yeast;Oocyte meiosis;Vascular smooth muscle contraction;Focal adhesion;Long-term potentiation;Regulation of actin cytoskeleton;Insulin signaling pathway
Q5SUE2	Cytokine-cytokine receptor interaction;Jak-STAT signaling pathway
Q3THA6	Spliceosome
Q543D4	Calcium signaling pathway;Neuroactive ligand-receptor interaction;Gap junction
Q8VF63	Olfactory transduction
B2RRW2	Other types of O-glycan biosynthesis;Notch signaling pathway
Q4FJR9	RIG-I-like receptor signaling pathway
Q5BLK0	Ribosome
Q545P6	Glycerophospholipid metabolism;Peroxisome
Q5PRF6	Circadian rhythm - mammal
A2BHP6	Olfactory transduction
Q3UI57	DNA replication;Cell cycle;Cell cycle - yeast;Meiosis - yeast
Q540M6	Cytokine-cytokine receptor interaction
Q544E0	Neuroactive ligand-receptor interaction;Vascular smooth muscle contraction;Hypertrophic cardiomyopathy (HCM)
Q5M9J8	Ribosome
H3BKL1	Toll-like receptor signaling pathway;ko05152
Q548L6	Alanine, aspartate and glutamate metabolism;beta-Alanine metabolism;Taurine and hypotaurine metabolism;Butanoate metabolism;Type I diabetes mellitus
Q5YLW3	Ribosome
Q5SUR3	Cell cycle;Cell cycle - yeast;Oocyte meiosis;Ubiquitin mediated proteolysis;Protein processing in endoplasmic reticulum;Wnt signaling pathway;TGF-beta signaling pathway;Circadian rhythm - mammal
Q8VG37	Olfactory transduction
Q3TE41	mRNA surveillance pathway
Q14AQ1	Proteasome
Q549Q9	Cell adhesion molecules (CAMs);Toll-like receptor signaling pathway;Intestinal immune network for IgA production;Type I diabetes mellitus;Autoimmune thyroid disease;Systemic lupus erythematosus;Rheumatoid arthritis;Allograft rejection;Graft-versus-host disease;Viral myocarditis
Q924H8	Olfactory transduction
Q8VGG1	Olfactory transduction
L7N462	Olfactory transduction
Q8VFJ4	Olfactory transduction
Q8VFF7	Olfactory transduction
Q9MD82	Oxidative phosphorylation;Parkinson's disease
Q7TRM6	Olfactory transduction
Q7TQZ6	Olfactory transduction
Q8VGW5	Olfactory transduction
A2AM35	Olfactory transduction
Q497L1;L7MU91	Systemic lupus erythematosus
Q7TR20	Olfactory transduction
Q3U1N0	Phagosome;ko05152
A0A0U5J7F3	Cytokine-cytokine receptor interaction
Q8VGX2	Olfactory transduction
B2RSN3	Phagosome;Gap junction;Pathogenic Escherichia coli infection
Q8VG76	Olfactory transduction
A0A0B4J1M2	Olfactory transduction
Q5NC55	Olfactory transduction
Q8VFP9	Olfactory transduction
Q5RKT9	N-Glycan biosynthesis
Q7TR67	Olfactory transduction
Q7TRG0	Olfactory transduction
Q8CA63	Axon guidance
Q8VFA7	Olfactory transduction
Q547B5	Focal adhesion;ECM-receptor interaction;Toll-like receptor signaling pathway
Q8VET3	Olfactory transduction
Q8VGY1	Olfactory transduction
Q9EPF5	Olfactory transduction
B9EHX4	Cell cycle;p53 signaling pathway;Apoptosis
Q7TS07	Olfactory transduction
Q7TR54	Olfactory transduction
Q14AQ2	Phagosome
Q8VGJ4	Olfactory transduction
Q3TWI2	Glycine, serine and threonine metabolism
Q9CQI1	Phagosome
Q925K6	Neuroactive ligand-receptor interaction
Q545G1	Focal adhesion;Tight junction;Leukocyte transendothelial migration;Regulation of actin cytoskeleton
Q5GLZ0	Arachidonic acid metabolism;Linoleic acid metabolism;Retinol metabolism;Metabolism of xenobiotics by cytochrome P450;Drug metabolism - cytochrome P450
Q5HZH8	Cell cycle;Cell cycle - yeast;Meiosis - yeast;Oocyte meiosis;Progesterone-mediated oocyte maturation
Q3UBY5	Lysosome
Q8VG49;D3Z4S1	Olfactory transduction
Q7TQZ8	Olfactory transduction
Q3V157	Jak-STAT signaling pathway
Q8VFE3	Olfactory transduction
Q8BLF6;D3Z6V9	Glycosaminoglycan degradation;Lysosome
Q8VFA2;A0A0U1RPS5	Olfactory transduction
Q7TRK4	Olfactory transduction
Q8VEY9	Olfactory transduction
Q8VG19;F6VL06	Olfactory transduction
Q3ZB46	Calcium signaling pathway;Neuroactive ligand-receptor interaction;Gastric acid secretion
Q8K0A8	Purine metabolism;Phototransduction
Q9EQR4	Olfactory transduction;Pancreatic secretion
E9PWI5	Olfactory transduction
A0A1L1SQ02	Olfactory transduction
Q8VGP3	Olfactory transduction
B4YDY0	Bile secretion
Q7TRM0	Olfactory transduction
A0A1B0GSU5	Olfactory transduction
G5E848	Parkinson's disease
Q05A20	Steroid hormone biosynthesis;Tryptophan metabolism;Retinol metabolism;Metabolism of xenobiotics by cytochrome P450
Q3TF14	Cysteine and methionine metabolism
Q7TR85	Olfactory transduction
Q8VF82	Olfactory transduction
Q8VG62	Olfactory transduction
B2RS85	Jak-STAT signaling pathway
Q8VET5	Olfactory transduction
Q68FM4	Cell adhesion molecules (CAMs);Adherens junction
Q8VF05	Olfactory transduction
Q5NC81	Purine metabolism;Pyrimidine metabolism
Q7TQX8	Olfactory transduction
Q3U4P5	Notch signaling pathway;Neurotrophin signaling pathway;Alzheimer's disease
B9EI21	p53 signaling pathway
Q7TRT7	Olfactory transduction
A2RTT4	Ubiquitin mediated proteolysis
Q3UDY1	Pentose and glucuronate interconversions;Fructose and mannose metabolism;Galactose metabolism;Glycerolipid metabolism;Pyruvate metabolism
A2RSX2	Maturity onset diabetes of the young
B1AWB9	Focal adhesion;ECM-receptor interaction;Protein digestion and absorption;Amoebiasis
Q059T9;Q5NBV9	Spliceosome
Q3UIL3	Base excision repair
A2AVB5	Olfactory transduction
Q5I0W0	Oxidative phosphorylation;Alzheimer's disease;Parkinson's disease;Huntington's disease
A2AVB0	Olfactory transduction
Q6NZH9	MAPK signaling pathway;B cell receptor signaling pathway
Q9DAV6;O08802	Amoebiasis
A2AJP1	PPAR signaling pathway;Adipocytokine signaling pathway;Bile secretion;Hepatitis C;Pathways in cancer;Thyroid cancer;Small cell lung cancer;Non-small cell lung cancer
Q7TQR9;A0A140LIR4;F7CP35	Olfactory transduction
Q9EPG6	Olfactory transduction
E9Q1P0	Olfactory transduction
Q8VG47	Olfactory transduction
Q8VGZ9	Olfactory transduction
Q0VB49	Neuroactive ligand-receptor interaction;Renin-angiotensin system
M9MMK0	Axon guidance
Q3TXR9	Other glycan degradation;Amino sugar and nucleotide sugar metabolism;Glycosaminoglycan degradation;Glycosphingolipid biosynthesis - globo series;Glycosphingolipid biosynthesis - ganglio series;Lysosome
Q543Z5	MAPK signaling pathway;Osteoclast differentiation;Toll-like receptor signaling pathway;Fc epsilon RI signaling pathway;GnRH signaling pathway;Amyotrophic lateral sclerosis (ALS);Toxoplasmosis
Q5NC86	p53 signaling pathway
Q3TX38	Calcium signaling pathway;Parkinson's disease;Huntington's disease
Q3TXU4	Alzheimer's disease
A2RSH1	Purine metabolism
Q3TS38	Pentose and glucuronate interconversions;Ascorbate and aldarate metabolism;Starch and sucrose metabolism;Amino sugar and nucleotide sugar metabolism
Q541T2	MAPK signaling pathway;Regulation of actin cytoskeleton;Pathways in cancer;Melanoma
Q53YP5	PPAR signaling pathway;Fat digestion and absorption
Q497F1	Cardiac muscle contraction;Hypertrophic cardiomyopathy (HCM);Dilated cardiomyopathy
Q3U5S6	ECM-receptor interaction;Cell adhesion molecules (CAMs);Malaria
Q2NKI0	Cytokine-cytokine receptor interaction;Jak-STAT signaling pathway
Q58EA6	Ribosome
B2RWH3	Systemic lupus erythematosus
Q6ZWQ6	Ubiquitin mediated proteolysis
Q3UMK5	Wnt signaling pathway;Osteoclast differentiation
A2ACT4	Calcium signaling pathway;Neuroactive ligand-receptor interaction
Q543V2	Neuroactive ligand-receptor interaction
Q3TU79	Protein processing in endoplasmic reticulum
Q545C3	Cell cycle;p53 signaling pathway;Tight junction;T cell receptor signaling pathway;Measles;Pathways in cancer;Pancreatic cancer;Glioma;Melanoma;Bladder cancer;Chronic myeloid leukemia;Small cell lung cancer;Non-small cell lung cancer
Q543F1	Spliceosome
Q543X3	Cytokine-cytokine receptor interaction;Chemokine signaling pathway
Q541Z5	Ubiquitin mediated proteolysis;Protein processing in endoplasmic reticulum
Q541E2	Glutathione metabolism
Q4JFN6	Oxidative phosphorylation;Parkinson's disease
Q3TA96	Lysosome;Phagosome;ko05152
Q497S1	MAPK signaling pathway;Calcium signaling pathway;Oocyte meiosis;Apoptosis;Wnt signaling pathway;Axon guidance;VEGF signaling pathway;Natural killer cell mediated cytotoxicity;T cell receptor signaling pathway;B cell receptor signaling pathway;Long-term potentiation;Alzheimer's disease;Amyotrophic lateral sclerosis (ALS);ko05152
Q14BA3	Protein digestion and absorption
B7ZWE5	T cell receptor signaling pathway;B cell receptor signaling pathway;ko05152
Q7TRF0	Olfactory transduction
Q5U4H9	Pathways in cancer;Thyroid cancer
Q6P572	Fructose and mannose metabolism
Q8CJ85	Phagosome;ko05152;Measles
Q3UQ17	Pathways in cancer;Acute myeloid leukemia
Q3TQN9	Regulation of actin cytoskeleton
Q8VGK0	Olfactory transduction
Q549R2	Cell adhesion molecules (CAMs);Toll-like receptor signaling pathway;Intestinal immune network for IgA production;Type I diabetes mellitus;Autoimmune thyroid disease;Systemic lupus erythematosus;Rheumatoid arthritis;Allograft rejection;Graft-versus-host disease;Viral myocarditis
Q8VGJ8	Olfactory transduction
Q8VFN3	Olfactory transduction
Q5M9M0	Ribosome
Q8VGZ7	Olfactory transduction
Q5SX78	Cytokine-cytokine receptor interaction;Jak-STAT signaling pathway;Hematopoietic cell lineage;Natural killer cell mediated cytotoxicity;T cell receptor signaling pathway;Fc epsilon RI signaling pathway;Amoebiasis;Rheumatoid arthritis
Q3U9K6	Toll-like receptor signaling pathway;RIG-I-like receptor signaling pathway;Cytosolic DNA-sensing pathway;Hepatitis C;Measles
Q5SX50	Regulation of actin cytoskeleton;Shigellosis
Q5EAT0	Protein export
Q7JCZ0	Oxidative phosphorylation;Alzheimer's disease;Parkinson's disease;Huntington's disease
Q0VES5	Neuroactive ligand-receptor interaction
Q8VFH8	Olfactory transduction
Q8VFQ9	Olfactory transduction
Q3UIU9;A0A087WRE2	Steroid hormone biosynthesis
Q543V3	Neurotrophin signaling pathway;Insulin signaling pathway;Adipocytokine signaling pathway;Type II diabetes mellitus;Aldosterone-regulated sodium reabsorption
Q8VGA9	Olfactory transduction
E9PWU0	Olfactory transduction
Q8VG90	Olfactory transduction
B2RXC8	mRNA surveillance pathway
A1A550	Wnt signaling pathway;Adherens junction;Melanogenesis;Pathways in cancer;Colorectal cancer;Endometrial cancer;Prostate cancer;Thyroid cancer;Basal cell carcinoma;Acute myeloid leukemia;Arrhythmogenic right ventricular cardiomyopathy (ARVC)
Q3KR45	Cysteine and methionine metabolism
Q8VG86	Olfactory transduction
Q7TQU7;A0A0N4SVB6	Olfactory transduction
Q8VFZ4	Olfactory transduction
Q8VFF6	Olfactory transduction
Q0VDY1	Olfactory transduction
Q8VGV1	Olfactory transduction
O88325	Glycosaminoglycan degradation;Lysosome
Q8VFM8	Olfactory transduction
Q8BVQ9	Proteasome
Q7TSI8;E9QLT8	MAPK signaling pathway;Endocytosis;Regulation of actin cytoskeleton;Pathways in cancer;Bladder cancer
Q8CFQ1	Chemokine signaling pathway;Osteoclast differentiation;Toll-like receptor signaling pathway;Jak-STAT signaling pathway;Leishmaniasis;Toxoplasmosis;ko05152;Hepatitis C;Measles;Pathways in cancer;Pancreatic cancer
Q8VGM3	Olfactory transduction
Q8VG40	Olfactory transduction
Q8VGK4	Olfactory transduction
Q8VF78	Olfactory transduction
Q7TRX1;A0A0U1RP44	Olfactory transduction
Q545Y3	Cardiac muscle contraction;Hypertrophic cardiomyopathy (HCM);Dilated cardiomyopathy
Q8VGQ6	Olfactory transduction
Q8C2M0	Lysosome
Q5NTY0	Protein processing in endoplasmic reticulum
A2AVW1	Olfactory transduction
Q8VFS3	Olfactory transduction
Q7TQV1;A0A140LJ94	Olfactory transduction
Q7TS53	Olfactory transduction
A0A0R4J0B6	ABC transporters;Bile secretion
Q8VG53;E9PWU3;E9Q2U3;E9Q338	Olfactory transduction
Q4VBD5	Hedgehog signaling pathway;Pathways in cancer;Basal cell carcinoma
Q7TR12	Olfactory transduction
Q8VFX5	Olfactory transduction
Q7TQQ2	Olfactory transduction
Q8VFD8	Olfactory transduction
Q8VFX1	Olfactory transduction
O78196;F6VX29	Phagosome;Cell adhesion molecules (CAMs);Antigen processing and presentation;Intestinal immune network for IgA production;Type I diabetes mellitus;Leishmaniasis;Toxoplasmosis;Staphylococcus aureus infection;ko05152;Asthma;Autoimmune thyroid disease;Systemic lupus erythematosus;Rheumatoid arthritis;Allograft rejection;Graft-versus-host disease;Viral myocarditis
Q8BGK0	Nicotinate and nicotinamide metabolism
Q91X93	Salivary secretion
Q3U304	Cell adhesion molecules (CAMs)
Q8VF38	Olfactory transduction
A2AVC7	Olfactory transduction
Q7TR25	Olfactory transduction
A6H667	Vascular smooth muscle contraction;Tight junction
Q8VGM7	Olfactory transduction
E9PXH6	Olfactory transduction
Q8VGN6	Olfactory transduction
Q6NV52	RNA transport
Q8VH09	Olfactory transduction
B2RUR5	Retinol metabolism;Vitamin digestion and absorption
D3Z5U5;J7IR93	Calcium signaling pathway;Neuroactive ligand-receptor interaction
Q8VFV9	Olfactory transduction
Q3TAW1	Glycosaminoglycan biosynthesis - chondroitin sulfate;Glycosaminoglycan biosynthesis - heparan sulfate
Q7TQS1	Olfactory transduction
Q7TRY4	Olfactory transduction
Q3U431	Ubiquitin mediated proteolysis;Protein processing in endoplasmic reticulum;Parkinson's disease
Q8VGI9	Olfactory transduction
Q3TBR2	Complement and coagulation cascades
Q7JCY9	Oxidative phosphorylation;Alzheimer's disease;Parkinson's disease;Huntington's disease
Q7TS38	Olfactory transduction
A0A0R4J1Y4	Chemokine signaling pathway;Neuroactive ligand-receptor interaction;Endocytosis;Adherens junction;Tight junction
Q7TQZ0;E9Q9R1	Olfactory transduction
Q3TZW9	Adherens junction;Insulin signaling pathway
Q7M708	Taste transduction
Q922W6	Rheumatoid arthritis
Q7TRC0;A0A1L1SUQ3;F8VQ31	Olfactory transduction
Q9EQQ7	Olfactory transduction
Q7TS40;A0A140LIG6	Olfactory transduction
Q7TR44	Olfactory transduction
Q3ZB23	Wnt signaling pathway;Hedgehog signaling pathway;Melanogenesis;Pathways in cancer;Basal cell carcinoma
Q3UGT9	Focal adhesion
Q9JIA0	ErbB signaling pathway;Jak-STAT signaling pathway;ko05152;Measles;Pathways in cancer;Chronic myeloid leukemia;Acute myeloid leukemia
Q78XY9	Parkinson's disease
Q14A42	Olfactory transduction
Q9D2H1	Oxidative phosphorylation;Cardiac muscle contraction;Alzheimer's disease;Parkinson's disease;Huntington's disease
Q3UC67	Fatty acid metabolism;PPAR signaling pathway;Peroxisome;Adipocytokine signaling pathway
Q06G06	Glycerophospholipid metabolism;Ether lipid metabolism;Arachidonic acid metabolism;Linoleic acid metabolism;alpha-Linolenic acid metabolism;MAPK signaling pathway;Vascular smooth muscle contraction;VEGF signaling pathway;Fc epsilon RI signaling pathway;Long-term depression;GnRH signaling pathway;Pancreatic secretion;Fat digestion and absorption;Toxoplasmosis
Q545F5	Oxidative phosphorylation;Alzheimer's disease;Parkinson's disease;Huntington's disease
H3BK01	Basal transcription factors
Q9CXZ9	Galactose metabolism;Amino sugar and nucleotide sugar metabolism
Q3TPZ5	Vasopressin-regulated water reabsorption;Huntington's disease
Q8VG25	Olfactory transduction
Q78P93	Sphingolipid metabolism;Lysosome
Q8VG59	Olfactory transduction
A0A0R4J249	Neurotrophin signaling pathway
Q8VGU6	Olfactory transduction
Q4FK48	Adherens junction
Q8VFN4	Olfactory transduction
Q505A4	ErbB signaling pathway;Neurotrophin signaling pathway;Bacterial invasion of epithelial cells;Renal cell carcinoma
Q3URC9	Renin-angiotensin system;Protein digestion and absorption
Q8BH99	ErbB signaling pathway;T cell receptor signaling pathway;Pathogenic Escherichia coli infection
Q548P0	Cytokine-cytokine receptor interaction;Chemokine signaling pathway
Q3U0A4	Cytokine-cytokine receptor interaction;Chemokine signaling pathway
Q3UGT8	Homologous recombination
Q3UDK5	Oxidative phosphorylation;Cardiac muscle contraction;Alzheimer's disease;Parkinson's disease;Huntington's disease
Q5FWJ9	RNA transport
Q4JHD9	Steroid hormone biosynthesis;Aldosterone-regulated sodium reabsorption
Q56VN0	Gastric acid secretion
Q5KU03	ErbB signaling pathway;Chemokine signaling pathway;Cell cycle;Wnt signaling pathway;Hedgehog signaling pathway;Axon guidance;Focal adhesion;T cell receptor signaling pathway;B cell receptor signaling pathway;Circadian rhythm - fly;Neurotrophin signaling pathway;Insulin signaling pathway;Melanogenesis;Alzheimer's disease;Hepatitis C;Measles;Pathways in cancer;Colorectal cancer;Endometrial cancer;Prostate cancer;Basal cell carcinoma
Q5FWJ5	Spliceosome
Q7TRX9	Olfactory transduction
Q8VGE5	Olfactory transduction
Q3UYK6	Amyotrophic lateral sclerosis (ALS)
Q80X68	Citrate cycle (TCA cycle);Glyoxylate and dicarboxylate metabolism
Q548W7	PPAR signaling pathway
A2RSP0	Cell adhesion molecules (CAMs);Tight junction;Leukocyte transendothelial migration;Hepatitis C
Q3KNA5	Measles
Q32MF3	MAPK signaling pathway;Cardiac muscle contraction;Hypertrophic cardiomyopathy (HCM);Arrhythmogenic right ventricular cardiomyopathy (ARVC);Dilated cardiomyopathy
Q5M9L0	RNA transport;Measles
Q3T9U1	Cell cycle - yeast
Q8VGP5;A0A0N4SV18	Olfactory transduction
Q9QWV1	Phagosome;Cell adhesion molecules (CAMs);Antigen processing and presentation;Intestinal immune network for IgA production;Type I diabetes mellitus;Leishmaniasis;Toxoplasmosis;Staphylococcus aureus infection;ko05152;Asthma;Autoimmune thyroid disease;Systemic lupus erythematosus;Rheumatoid arthritis;Allograft rejection;Graft-versus-host disease;Viral myocarditis
Q8VFE8	Olfactory transduction
Q544H6	Cell cycle;Oocyte meiosis;p53 signaling pathway;Measles;Pathways in cancer;Prostate cancer;Small cell lung cancer
Q7TRJ1	Olfactory transduction
Q9D4E9	Glycosaminoglycan degradation
Q31093	Endocytosis;Phagosome;Cell adhesion molecules (CAMs);Antigen processing and presentation;Natural killer cell mediated cytotoxicity;Type I diabetes mellitus;Autoimmune thyroid disease;Allograft rejection;Graft-versus-host disease;Viral myocarditis
Q53ZN9	Collecting duct acid secretion
B2RT97	Proteasome
Q7TRU0	Olfactory transduction
Q7TRB9	Olfactory transduction
Q544F0	N-Glycan biosynthesis;Various types of N-glycan biosynthesis
L7N1Z1	Olfactory transduction
Q8VGW0	Olfactory transduction
Q1RME7	Wnt signaling pathway;Hedgehog signaling pathway;Melanogenesis;Pathways in cancer;Basal cell carcinoma
Q542U7	RNA degradation;Spliceosome
Q545X8	Ribosome
Q8VET4	Olfactory transduction
Q3TGR2	Complement and coagulation cascades
Q3UNT6	Fc epsilon RI signaling pathway;Asthma
Q8VG64	Olfactory transduction
Q3V1A4	MAPK signaling pathway;Neurotrophin signaling pathway
A0A0R4J1J2	Gastric acid secretion
Q3UIK0	Hypertrophic cardiomyopathy (HCM);Dilated cardiomyopathy
B2RRC9	Complement and coagulation cascades
Q545A2	Calcium signaling pathway;Parkinson's disease;Huntington's disease
G5E811	Neuroactive ligand-receptor interaction
A2ASU6	Olfactory transduction
Q8VF22	Olfactory transduction
E9PW59	Olfactory transduction
A2APR1	Glycerophospholipid metabolism;Ether lipid metabolism;Arachidonic acid metabolism;Linoleic acid metabolism;alpha-Linolenic acid metabolism;MAPK signaling pathway;Vascular smooth muscle contraction;VEGF signaling pathway;Fc epsilon RI signaling pathway;Long-term depression;GnRH signaling pathway;Pancreatic secretion;Fat digestion and absorption;Toxoplasmosis
Q7TRE6	Olfactory transduction
K7N5T5	Olfactory transduction
Q9D1Q5	Amoebiasis
Q6GU14	PPAR signaling pathway;Osteoclast differentiation;Huntington's disease;Pathways in cancer;Thyroid cancer
E9Q8X1;A0A0J9YV77	Olfactory transduction
Q8VFF1	Olfactory transduction
A2RSF9	Amoebiasis
Q8VFE7	Olfactory transduction
Q8VFQ4;A0A140LHZ3	Olfactory transduction
Q3U5H1	Taste transduction
B1AYH7	Cytokine-cytokine receptor interaction;Regulation of autophagy;Toll-like receptor signaling pathway;RIG-I-like receptor signaling pathway;Cytosolic DNA-sensing pathway;Jak-STAT signaling pathway;Natural killer cell mediated cytotoxicity;ko05152;Hepatitis C;Measles;Autoimmune thyroid disease
Q3V0X0	RNA degradation
A2RTP5	Olfactory transduction
Q7TRH4	Olfactory transduction
O35424	Phagosome;Cell adhesion molecules (CAMs);Antigen processing and presentation;Intestinal immune network for IgA production;Type I diabetes mellitus;Leishmaniasis;Toxoplasmosis;Staphylococcus aureus infection;ko05152;Asthma;Autoimmune thyroid disease;Systemic lupus erythematosus;Rheumatoid arthritis;Allograft rejection;Graft-versus-host disease;Viral myocarditis
Q8VEZ5	Olfactory transduction
Q8VGZ3	Olfactory transduction
Q8VGX7	Olfactory transduction
Q5NCD3	Olfactory transduction
G3UW78	Arachidonic acid metabolism
Q3TAQ9	Ribosome biogenesis in eukaryotes
Q7TRB7	Olfactory transduction
A0A140T8J6	Olfactory transduction
Q91VB8	African trypanosomiasis;Malaria
Q8VGL1	Olfactory transduction
Q4ZGD8	Ribosome biogenesis in eukaryotes;RNA transport;mRNA surveillance pathway
L7N1X3	Olfactory transduction
Q3SWS1	Neuroactive ligand-receptor interaction;Vasopressin-regulated water reabsorption
Q7TR90	Olfactory transduction
Q68FM7	Vascular smooth muscle contraction;ko05152
Q542B6	Cytokine-cytokine receptor interaction;Chemokine signaling pathway
B2RT33	Olfactory transduction
Q7TQZ2;A0A087WQ53	Olfactory transduction
Q059U0	Glycerolipid metabolism;Glycerophospholipid metabolism;Fat digestion and absorption
Q497N1	Ribosome
E9Q4G0	Olfactory transduction
Q8VG50	Olfactory transduction
Q5M8R8	Ribosome
Q3TEY6	Oocyte meiosis
Q7TR01	Olfactory transduction
Q3TUQ7	Regulation of autophagy;mTOR signaling pathway;Insulin signaling pathway;Adipocytokine signaling pathway;Hypertrophic cardiomyopathy (HCM)
Q544J5	Neuroactive ligand-receptor interaction
Q8VGP1	Olfactory transduction
Q8VFY0	Olfactory transduction
Q7TS02	Olfactory transduction
Q5ND51	MAPK signaling pathway;ErbB signaling pathway;Chemokine signaling pathway;Focal adhesion;Fc gamma R-mediated phagocytosis;Neurotrophin signaling pathway;Regulation of actin cytoskeleton;Insulin signaling pathway;Bacterial invasion of epithelial cells;Shigellosis;Pathways in cancer;Renal cell carcinoma;Chronic myeloid leukemia
Q7TRA0	Olfactory transduction
Q54AE9	Vascular smooth muscle contraction
Q8VGC1	Olfactory transduction
A0A0R4J263	Glycerolipid metabolism;Glycerophospholipid metabolism;Fat digestion and absorption
Q3TMJ8	MAPK signaling pathway;ErbB signaling pathway;MAPK signaling pathway - fly;Chemokine signaling pathway;Oocyte meiosis;Vascular smooth muscle contraction;Dorso-ventral axis formation;VEGF signaling pathway;Osteoclast differentiation;Focal adhesion;Gap junction;Toll-like receptor signaling pathway;Plant-pathogen interaction;Natural killer cell mediated cytotoxicity;T cell receptor signaling pathway;B cell receptor signaling pathway;Fc epsilon RI signaling pathway;Fc gamma R-mediated phagocytosis;Long-term potentiation;Neurotrophin signaling pathway;Long-term depression;Regulation of actin cytoskeleton;Insulin signaling pathway;GnRH signaling pathway;Progesterone-mediated oocyte maturation;Melanogenesis;Prion diseases;Pathways in cancer;Colorectal cancer;Renal cell carcinoma;Pancreatic cancer;Endometrial cancer;Glioma;Prostate cancer;Thyroid cancer;Melanoma;Bladder cancer;Chronic myeloid leukemia;Acute myeloid leukemia;Non-small cell lung cancer
Q8VFQ8	Olfactory transduction
A6H644	Vascular smooth muscle contraction
K7N662;A0A1B0GRA8	Olfactory transduction
Q3V1Q3	Purine metabolism;Calcium signaling pathway;Chemokine signaling pathway;Oocyte meiosis;Vascular smooth muscle contraction;Gap junction;GnRH signaling pathway;Progesterone-mediated oocyte maturation;Melanogenesis;Salivary secretion;Gastric acid secretion;Pancreatic secretion;Bile secretion;Dilated cardiomyopathy
Q80ZX9	Olfactory transduction
Q7TRP3	Olfactory transduction
Q543J8	ErbB signaling pathway
Q0VED9	Cytokine-cytokine receptor interaction;Jak-STAT signaling pathway;Hematopoietic cell lineage
E9PYP4;E9PVC0;E9Q6D1	Olfactory transduction
Q8VF37;A0A0U1RPU9	Olfactory transduction
Q9D4E6	RNA transport;mRNA surveillance pathway;RNA degradation
Q9D034	Vascular smooth muscle contraction;Long-term depression;Regulation of actin cytoskeleton
Q80YQ1	Phagosome;TGF-beta signaling pathway;Focal adhesion;ECM-receptor interaction;Malaria
Q7TRS6	Olfactory transduction
O54718	Neurotrophin signaling pathway;Insulin signaling pathway;Adipocytokine signaling pathway;Type II diabetes mellitus;Aldosterone-regulated sodium reabsorption
Q3UEL5	Histidine metabolism
Q3UBP0	Purine metabolism;Alanine, aspartate and glutamate metabolism
Q7TQT1	Olfactory transduction
Q7TR45;A0A1L1SUI2	Olfactory transduction
Q542I8	Phagosome;Cell adhesion molecules (CAMs);Natural killer cell mediated cytotoxicity;Leukocyte transendothelial migration;Regulation of actin cytoskeleton;Leishmaniasis;Malaria;Amoebiasis;Staphylococcus aureus infection;ko05152;Rheumatoid arthritis;Viral myocarditis
Q7TR75	Olfactory transduction
E9QNM5	Olfactory transduction
Q7TRF8;F6TKI1	Olfactory transduction
Q8VFP2	Olfactory transduction
Q8VF10	Olfactory transduction
Q9DAC2	Complement and coagulation cascades;Prion diseases;Amoebiasis;Systemic lupus erythematosus
Q8VF06	Olfactory transduction
Q3TQ49	Endocytosis;Jak-STAT signaling pathway
Q8VFK5	Olfactory transduction
Q9D4G5	Ribosome biogenesis in eukaryotes;RNA transport
E9QAT7;A0A0U1RPE3	Olfactory transduction
Q3TXX8	Chemokine signaling pathway;Adherens junction;Fc gamma R-mediated phagocytosis;Regulation of actin cytoskeleton;Bacterial invasion of epithelial cells;Pathogenic Escherichia coli infection;Shigellosis
Q7TRH5	Olfactory transduction
Q6P1D6	Chemokine signaling pathway;Regulation of actin cytoskeleton
Z4YKN2	RIG-I-like receptor signaling pathway
G3UWG2	Chemokine signaling pathway;Regulation of actin cytoskeleton
Q7TQY4	Olfactory transduction
G3X9V8	Amoebiasis
Q8VEZ1	Olfactory transduction
Q8VGB9	Olfactory transduction
A0A1L1SQT2	Olfactory transduction
Q7JCY6	Oxidative phosphorylation;Parkinson's disease
Q80VZ5	Neuroactive ligand-receptor interaction
E9Q848	Olfactory transduction
Q8VEZ2	Olfactory transduction
Q924X8	Olfactory transduction
Q7TRC7	Olfactory transduction
Q14AE3	Other types of O-glycan biosynthesis;Glycosphingolipid biosynthesis - lacto and neolacto series;Glycosphingolipid biosynthesis - globo series
Q9JLI2	Focal adhesion;ECM-receptor interaction;Protein digestion and absorption;Amoebiasis
Q8VF74	Olfactory transduction
Q7TQT6	Olfactory transduction
Q6GTF1	Notch signaling pathway;Alzheimer's disease
K9J725	Olfactory transduction
Q5SW48	Olfactory transduction
Q8VGZ8	Olfactory transduction
Q8VGC8	Olfactory transduction
Q7TRV7	Olfactory transduction
Q3UDZ1	Bacterial invasion of epithelial cells;Shigellosis
A0A0R4J1H2	Glycine, serine and threonine metabolism;Glycerolipid metabolism;Glyoxylate and dicarboxylate metabolism;Methane metabolism
Q8VG28	Olfactory transduction
A2AT86	Olfactory transduction
Q920P2	Olfactory transduction
A3KN90	Aldosterone-regulated sodium reabsorption
Q7TRH8	Olfactory transduction
A0A140LI59	Salivary secretion
E9Q0M4	Olfactory transduction
Q91WA8	Olfactory transduction;Phototransduction
Q7TQU0	Olfactory transduction
Q0VBH3	Olfactory transduction
Q3TML0	Protein processing in endoplasmic reticulum
E9Q0Z1	Olfactory transduction
Q31099;Q31609;Q60975	Phagosome;Cell adhesion molecules (CAMs);Antigen processing and presentation;Intestinal immune network for IgA production;Type I diabetes mellitus;Leishmaniasis;Toxoplasmosis;Staphylococcus aureus infection;ko05152;Asthma;Autoimmune thyroid disease;Systemic lupus erythematosus;Rheumatoid arthritis;Allograft rejection;Graft-versus-host disease;Viral myocarditis
Q8VGZ2	Olfactory transduction
Q0VB29	Olfactory transduction
Q8CAH8	Gap junction;Long-term depression;Olfactory transduction;Salivary secretion
Q924B0	Streptomycin biosynthesis;Inositol phosphate metabolism;Phosphatidylinositol signaling system
Q8BNY0	TGF-beta signaling pathway
Q5FB19	Spliceosome
Q8VGS7	Olfactory transduction
Q543Q7	Axon guidance
Q8VFM4	Olfactory transduction
Q8VGS0	Olfactory transduction
Q3UR44	Vascular smooth muscle contraction
Q6PD20	Valine, leucine and isoleucine degradation
A2AVX9	Olfactory transduction
Q8VFA8	Olfactory transduction
Q3USG4	Taste transduction;Aldosterone-regulated sodium reabsorption
B1Q2W7;A0A067XG50	Basal transcription factors
Q8VF81	Olfactory transduction
Q7TQW3	Olfactory transduction
Q8VFE4	Olfactory transduction
Q3UN27	Wnt signaling pathway
A2A5N3	RNA transport;mRNA surveillance pathway;RNA degradation
Q3ZAT3	Steroid hormone biosynthesis
Q80ZV4	Cell adhesion molecules (CAMs)
E9PYB3	Olfactory transduction
Q7TQQ6	Olfactory transduction
Q9D566	Steroid hormone biosynthesis;Sulfur metabolism
B2RVF0	Systemic lupus erythematosus
Q8VGE9	Olfactory transduction
A2RTN7	Olfactory transduction
Q8VF28	Olfactory transduction
Q7TRX7;B7ZC58	Olfactory transduction
Q3TRE6	Endocytosis
Q8BGZ6	Galactose metabolism;Glycerolipid metabolism;Sphingolipid metabolism;Glycosphingolipid biosynthesis - globo series;Lysosome
Q8VF39	Olfactory transduction
Q8VGR6	Olfactory transduction
Q3UMG6	Purine metabolism;Pyrimidine metabolism
Q8VGV9	Olfactory transduction
A0A0R4J1G9	p53 signaling pathway
A2ATE5;A2ATE3	Olfactory transduction
Q8VGM8	Olfactory transduction
Q9EQ84	Olfactory transduction
Q8VFA4	Olfactory transduction
Q7TR57	Olfactory transduction
B1ASL3	Cytokine-cytokine receptor interaction
Q3ULM2	Pathways in cancer;Renal cell carcinoma
Q7TR10	Olfactory transduction
Q8VEZ6;B2FDE2	Olfactory transduction
Q85ZW8	Endocytosis;Phagosome;Cell adhesion molecules (CAMs);Antigen processing and presentation;Natural killer cell mediated cytotoxicity;Type I diabetes mellitus;Autoimmune thyroid disease;Allograft rejection;Graft-versus-host disease;Viral myocarditis
Q8VFN1	Olfactory transduction
Q80W51	Homologous recombination
Q8VET8	Olfactory transduction
Q8VF18	Olfactory transduction
Q7TSZ3	Valine, leucine and isoleucine biosynthesis;Aminoacyl-tRNA biosynthesis
F8VQ26	Olfactory transduction
Q8VG72;A0A140LJD0	Olfactory transduction
Q8VGK7	Olfactory transduction
Q58E35	Ribosome
Q3UHA5	MAPK signaling pathway;Calcium signaling pathway;Long-term depression;Taste transduction;Type II diabetes mellitus
Q3TMN9	Protein processing in endoplasmic reticulum
Q4VAG4	Ribosome
Q8VEV0	Olfactory transduction
A0A0R4J032	Complement and coagulation cascades;Prion diseases;Amoebiasis;Systemic lupus erythematosus
Q542S5	Hematopoietic cell lineage
Q9Z0L6	Neuroactive ligand-receptor interaction
Q3TPX5	MAPK signaling pathway;Tight junction;Regulation of actin cytoskeleton
B2RSR5	Arginine and proline metabolism
Q920Z2	Olfactory transduction
Q85ZW5	Endocytosis;Phagosome;Cell adhesion molecules (CAMs);Antigen processing and presentation;Natural killer cell mediated cytotoxicity;Type I diabetes mellitus;Autoimmune thyroid disease;Allograft rejection;Graft-versus-host disease;Viral myocarditis
Q8VFZ3	Olfactory transduction
A6H654;A0A1B0GT09	Olfactory transduction
Q8VF25;Q7TRJ2	Olfactory transduction
Q58EV5	Base excision repair
Q7TR89	Olfactory transduction
E9Q382	Olfactory transduction
Q3U5L4	Osteoclast differentiation;Pathways in cancer;Acute myeloid leukemia
B2RR33;E9PVT2;F6VXB8	Cytokine-cytokine receptor interaction
Q7JCY4	Oxidative phosphorylation;Parkinson's disease
Q8VFH0	Olfactory transduction
Q5U3L0	Natural killer cell mediated cytotoxicity
Q3TU20	Renin-angiotensin system;Chagas disease (American trypanosomiasis);Hypertrophic cardiomyopathy (HCM)
E9PYB4	Olfactory transduction
L7MTY4	Olfactory transduction
Q5SVP3	Proteasome;Antigen processing and presentation
Q8VGW3;E9Q928	Olfactory transduction
Q7TRN7;F7AKJ2	Olfactory transduction
Q7TRY5	Olfactory transduction
Q3USV2	Neuroactive ligand-receptor interaction
F8VPL2	Inositol phosphate metabolism;Phosphatidylinositol signaling system
Q542H7	PPAR signaling pathway
Q546L9	Protein processing in endoplasmic reticulum
A9Z055	Systemic lupus erythematosus
E9PX47	Olfactory transduction
Q499J8	Notch signaling pathway
Q8VFG2	Olfactory transduction
Q8VGU9	Olfactory transduction
Q5M9K7	Ribosome
Q7TRI3	Olfactory transduction
Q7TRM9;E9PVA4	Olfactory transduction
F6ZUS0	Olfactory transduction
Q8VFU0	Olfactory transduction
B2RXT3	Citrate cycle (TCA cycle);Lysine degradation;Tryptophan metabolism
Q7TQD1	NOD-like receptor signaling pathway;Measles
B2RVA4	MAPK signaling pathway;Chemokine signaling pathway;Regulation of actin cytoskeleton
Q7TRZ4	Olfactory transduction
Q0VEZ4	Olfactory transduction
Q792Z7	Endocytosis;Phagosome;Cell adhesion molecules (CAMs);Antigen processing and presentation;Natural killer cell mediated cytotoxicity;Type I diabetes mellitus;Autoimmune thyroid disease;Allograft rejection;Graft-versus-host disease;Viral myocarditis
Q5NCD0	Olfactory transduction
Q8VFQ5	Olfactory transduction
B2RR84	Purine metabolism;Insulin signaling pathway;Progesterone-mediated oocyte maturation
Q5HZH3	Apoptosis;Jak-STAT signaling pathway;Amyotrophic lateral sclerosis (ALS);Toxoplasmosis;Pathways in cancer;Pancreatic cancer;Chronic myeloid leukemia;Small cell lung cancer
Q8VG45	Olfactory transduction
Q7TR26	Olfactory transduction
Q54AJ1	ko05152
Q8VH10	Olfactory transduction
Q8VFZ9	Olfactory transduction
A2AVB8	Olfactory transduction
A4QPC5	Renin-angiotensin system
Q8VGQ3;A0A0J9YVE4	Olfactory transduction
Q6P3Z7	Cardiac muscle contraction;Hypertrophic cardiomyopathy (HCM);Dilated cardiomyopathy
Q58DZ3	Ribosome
E9PZJ4;G3UXE3	Glycosaminoglycan biosynthesis - heparan sulfate
Q8VF83	Olfactory transduction
Q8VEU2	Olfactory transduction
Q3TAA8	Glycosylphosphatidylinositol(GPI)-anchor biosynthesis
E9Q840	Olfactory transduction
Q8VFH6	Olfactory transduction
Q0PCR6	MAPK signaling pathway;Calcium signaling pathway;Cardiac muscle contraction;Vascular smooth muscle contraction;Long-term potentiation;GnRH signaling pathway;Type II diabetes mellitus;Alzheimer's disease;Hypertrophic cardiomyopathy (HCM);Arrhythmogenic right ventricular cardiomyopathy (ARVC);Dilated cardiomyopathy
Q9EP55	Olfactory transduction
Q3TJ75	Systemic lupus erythematosus
Q7TR09	Olfactory transduction
Q9EQB4	Olfactory transduction
Q6ZWS1	MAPK signaling pathway;Regulation of actin cytoskeleton;Pathways in cancer;Melanoma
Q5FWI9	Endocytosis;Endocrine and other factor-regulated calcium reabsorption;Huntington's disease
Q6AXE3	ABC transporters
Q8VGR5	Olfactory transduction
Q4VJC0	Oocyte meiosis;p53 signaling pathway;mTOR signaling pathway;Focal adhesion;Long-term depression;Progesterone-mediated oocyte maturation;Aldosterone-regulated sodium reabsorption;Pathways in cancer;Glioma;Prostate cancer;Melanoma;Hypertrophic cardiomyopathy (HCM);Dilated cardiomyopathy
A0A0R4J1N5;A0A087WQD7	Cytokine-cytokine receptor interaction;Jak-STAT signaling pathway
Q8VFS5	Olfactory transduction
Q0VBE5	Neuroactive ligand-receptor interaction
A2RSS9	Neuroactive ligand-receptor interaction
Q53Z04	Gastric acid secretion
Q3U7M4	Apoptosis;Toll-like receptor signaling pathway;Leishmaniasis;Chagas disease (American trypanosomiasis);African trypanosomiasis;Malaria;Toxoplasmosis;ko05152;Measles
Q545B6	MAPK signaling pathway
B2RTL5	Retinol metabolism
Q8VGE7	Olfactory transduction
Q9EQ97	Olfactory transduction
Q7TRV2	Olfactory transduction
Q7TR80	Olfactory transduction
Q3UGB9	Cell cycle;Oocyte meiosis;p53 signaling pathway;Progesterone-mediated oocyte maturation;Measles;Pathways in cancer;Prostate cancer;Small cell lung cancer
Q8VF91	Olfactory transduction
Q8VH20;G3X9P2	Olfactory transduction
A2ATJ7	Olfactory transduction
Q8VGG6	Olfactory transduction
A0A1L1SQJ6	Olfactory transduction
Q3UHH0	Calcium signaling pathway;Salivary secretion;Pancreatic secretion
Q7TR28	Olfactory transduction
A3KML5;Q4KL27;Q5XK06	Oxidative phosphorylation;Lysosome;Phagosome;Collecting duct acid secretion;Vibrio cholerae infection;Epithelial cell signaling in Helicobacter pylori infection;ko05152;Rheumatoid arthritis
B2RVL4	p53 signaling pathway;Huntington's disease;Measles
E9Q5F1	Olfactory transduction
Q31094	Phagosome;Cell adhesion molecules (CAMs);Antigen processing and presentation;Intestinal immune network for IgA production;Type I diabetes mellitus;Leishmaniasis;Toxoplasmosis;Staphylococcus aureus infection;ko05152;Asthma;Autoimmune thyroid disease;Systemic lupus erythematosus;Rheumatoid arthritis;Allograft rejection;Graft-versus-host disease;Viral myocarditis
Q52KP0	Ribosome
Q7TS13	Olfactory transduction
Q8VFU4	Olfactory transduction
Q9QXJ2	Chemokine signaling pathway;Osteoclast differentiation;Jak-STAT signaling pathway;ko05152;Hepatitis C;Measles
E9Q6Z7	Olfactory transduction
B2RX82	Neuroactive ligand-receptor interaction
Q8VG38	Olfactory transduction
Q8VF89	Olfactory transduction
Q8CAP3	Nucleotide excision repair;Protein processing in endoplasmic reticulum
Q3TKQ3	RNA degradation
Q148B1	Arachidonic acid metabolism;Linoleic acid metabolism;Retinol metabolism;Metabolism of xenobiotics by cytochrome P450;Drug metabolism - cytochrome P450
Q5HZK3	Proteasome;Antigen processing and presentation
Q6PDS5	Purine metabolism;Calcium signaling pathway
Q53YL1	Biosynthesis of unsaturated fatty acids
Q3TQW9	Cell cycle;p53 signaling pathway;Progesterone-mediated oocyte maturation
Q3SXJ3	Olfactory transduction
Q8VG79	Olfactory transduction
Q542A5	Circadian rhythm - mammal
Q8VFC2	Olfactory transduction
Q505Q3	Other glycan degradation
Q4KL81	Phagosome;Focal adhesion;Adherens junction;Tight junction;Leukocyte transendothelial migration;Phototransduction - fly;Regulation of actin cytoskeleton;Bacterial invasion of epithelial cells;Vibrio cholerae infection;Pathogenic Escherichia coli infection;Shigellosis;Hypertrophic cardiomyopathy (HCM);Arrhythmogenic right ventricular cardiomyopathy (ARVC);Dilated cardiomyopathy;Viral myocarditis
Q7TS18	Olfactory transduction
Q8R084	Pentose and glucuronate interconversions;Ascorbate and aldarate metabolism;Steroid hormone biosynthesis;Starch and sucrose metabolism;Other types of O-glycan biosynthesis;Retinol metabolism;Porphyrin and chlorophyll metabolism;Metabolism of xenobiotics by cytochrome P450;Drug metabolism - cytochrome P450;Drug metabolism - other enzymes
Q3TQX5	RIG-I-like receptor signaling pathway
Q542U3	Basal transcription factors;Nucleotide excision repair
Q8VG01	Olfactory transduction
A0PK57	Olfactory transduction
Q541G7	Neuroactive ligand-receptor interaction
A2ADM9	Wnt signaling pathway
Q8VFU7	Olfactory transduction
Q8VFL0	Olfactory transduction
Q545Y5	Antigen processing and presentation;ko05152
K9J6X0	Olfactory transduction
Q8VEU7	Olfactory transduction
Q8VFD9	Olfactory transduction
Q9JK62	Protein digestion and absorption
B2RTN5	Focal adhesion;Leukocyte transendothelial migration;Regulation of actin cytoskeleton
Q7TR87	Olfactory transduction
A0A0R4J0P0	Salivary secretion
Q3TI07	Protein processing in endoplasmic reticulum;Apoptosis;Alzheimer's disease
Q542R8	Long-term depression
Q9EQ91	Olfactory transduction
A2A5N2	Cell cycle;Oocyte meiosis;Neurotrophin signaling pathway
Q545S0	Cysteine and methionine metabolism;Sulfur relay system
A0A0R4J063	MAPK signaling pathway;Regulation of actin cytoskeleton;Pathways in cancer;Melanoma
Q569U6	Osteoclast differentiation
Q8VGW1	Olfactory transduction
Q543T1;Q8CIL6	Arachidonic acid metabolism
Q497E4	Cardiac muscle contraction;Hypertrophic cardiomyopathy (HCM);Dilated cardiomyopathy
Q52L87	Phagosome;Gap junction;Pathogenic Escherichia coli infection
E9Q4F3	Neuroactive ligand-receptor interaction;Autoimmune thyroid disease
Q3UHJ3	Calcium signaling pathway;Salivary secretion;Pancreatic secretion
Q6P571	ko05152
Q4FJR7	RNA transport
Q3U5V8	SNARE interactions in vesicular transport
A0A0R4J0R7	Chemokine signaling pathway;Jak-STAT signaling pathway;ko05152;Measles
Q3UEQ1;D3YTM1	Inositol phosphate metabolism;Phosphatidylinositol signaling system
A6H6J2;E9Q713	Arachidonic acid metabolism;Retinol metabolism;Metabolism of xenobiotics by cytochrome P450;Drug metabolism - cytochrome P450
Q545X5	Complement and coagulation cascades
Q14AN8	Meiosis - yeast
B9EJ54	RNA transport
O88374;D3Z7C8	Valine, leucine and isoleucine degradation;Valine, leucine and isoleucine biosynthesis;Pantothenate and CoA biosynthesis
Q6RI64	Proteasome
Q544I6	MAPK signaling pathway;Regulation of actin cytoskeleton;Pathways in cancer;Melanoma
A2BFF7	Phagosome;Vasopressin-regulated water reabsorption
Q7TQV4	Olfactory transduction
Q792A4	Oxidative phosphorylation;Cardiac muscle contraction;Alzheimer's disease;Parkinson's disease;Huntington's disease
Q9CY46	RNA degradation;Spliceosome
Q3UKQ5	Lysosome;Phagosome
Q5U7A4	Neuroactive ligand-receptor interaction;Complement and coagulation cascades;Staphylococcus aureus infection
Q542I9	Proteasome
Q3U6J9	Fatty acid elongation in mitochondria;Lysosome
Q7TR43	Olfactory transduction
G3X9V4	Neuroactive ligand-receptor interaction;Long-term potentiation;Alzheimer's disease;Amyotrophic lateral sclerosis (ALS);Huntington's disease;Systemic lupus erythematosus
Q0VBN7	Olfactory transduction
Q6GR78	Alzheimer's disease
Q4FK74	Oxidative phosphorylation;Alzheimer's disease;Parkinson's disease;Huntington's disease
A2APU5	Neuroactive ligand-receptor interaction;Vascular smooth muscle contraction;Hypertrophic cardiomyopathy (HCM)
Q3TEE8	Protein processing in endoplasmic reticulum
Q3U1V5	MAPK signaling pathway;Regulation of actin cytoskeleton;Pathways in cancer;Melanoma
Q8VH00	Olfactory transduction
Q545H9	Protein digestion and absorption
Q8VGM5	Olfactory transduction
Q3UDL4	Cytokine-cytokine receptor interaction;Jak-STAT signaling pathway;Toxoplasmosis;ko05152
Q8VGK2	Olfactory transduction
Q8VGN4	Olfactory transduction
Q3ULJ3	RNA transport;mRNA surveillance pathway
Q8VFZ5;F7B163	Olfactory transduction
A2ASV3	Olfactory transduction
Q3UP14	Cytokine-cytokine receptor interaction;Neuroactive ligand-receptor interaction;Jak-STAT signaling pathway
Q3ZAT0	Neuroactive ligand-receptor interaction;Long-term depression
Q3UPZ0	Axon guidance
A2RS58	MAPK signaling pathway;ErbB signaling pathway;Chemokine signaling pathway;Focal adhesion;Fc gamma R-mediated phagocytosis;Neurotrophin signaling pathway;Regulation of actin cytoskeleton;Insulin signaling pathway;Bacterial invasion of epithelial cells;Shigellosis;Pathways in cancer;Renal cell carcinoma;Chronic myeloid leukemia
A0A140T8K4	Olfactory transduction
Q5M9M7	Ribosome
Q542C2	Complement and coagulation cascades
A2RTJ4	TGF-beta signaling pathway
Q548Q7	Jak-STAT signaling pathway;Insulin signaling pathway;Type II diabetes mellitus
Q543X6	MAPK signaling pathway;ErbB signaling pathway;Toll-like receptor signaling pathway;Fc epsilon RI signaling pathway;GnRH signaling pathway;Epithelial cell signaling in Helicobacter pylori infection;Chagas disease (American trypanosomiasis)
Q0VBB6	Oxidative phosphorylation;Collecting duct acid secretion;Gastric acid secretion
Q3UU93	Type I diabetes mellitus
Q8VGK1	Olfactory transduction
Q542T9	Alzheimer's disease
Q61718	Cytokine-cytokine receptor interaction;Regulation of autophagy;Toll-like receptor signaling pathway;RIG-I-like receptor signaling pathway;Cytosolic DNA-sensing pathway;Jak-STAT signaling pathway;Natural killer cell mediated cytotoxicity;ko05152;Hepatitis C;Measles;Autoimmune thyroid disease
A6H6B4	Neuroactive ligand-receptor interaction
E9PYY2	Olfactory transduction
Q8VEV6	Olfactory transduction
Q8VGM0	Olfactory transduction
Q8VGB4	Olfactory transduction
Q9DBK7	Ubiquitin mediated proteolysis;Parkinson's disease
Q7TRI5	Olfactory transduction
A7UAK4;V9GWY6	Fructose and mannose metabolism
Q8VG27	Olfactory transduction
Q3U5U6	Porphyrin and chlorophyll metabolism;Mineral absorption
Q5NCD7;A0A087WP04	Olfactory transduction
Q8VF60	Olfactory transduction
Q059V1	Maturity onset diabetes of the young
Q8VGX0	Olfactory transduction
Q58EU6	Ribosome
Q5EBK1	Regulation of autophagy
Q5NCD2;A0A0N4SW60;F8VPQ3	Olfactory transduction
Q9QZU3	ECM-receptor interaction;Hematopoietic cell lineage
Q5VM59	Mineral absorption
Q3U4Y3	Hematopoietic cell lineage;T cell receptor signaling pathway;Chagas disease (American trypanosomiasis);Measles
Q53YJ9	Calcium signaling pathway;Neuroactive ligand-receptor interaction
Q3UFQ4	Ubiquitin mediated proteolysis;Protein processing in endoplasmic reticulum
F8VPN4	Starch and sucrose metabolism
Q5HZY7	Oxidative phosphorylation;Phagosome;Collecting duct acid secretion;Vibrio cholerae infection;Epithelial cell signaling in Helicobacter pylori infection;Rheumatoid arthritis
A0A6G7SF19	Inositol phosphate metabolism;Phosphatidylinositol signaling system;p53 signaling pathway;Focal adhesion;Tight junction;Pathways in cancer;Endometrial cancer;Glioma;Prostate cancer;Melanoma;Small cell lung cancer
Q8VGL8	Olfactory transduction
Q8VEU6	Olfactory transduction
Q8BHD2;F7AYT3	Cell cycle
E9QN70	Focal adhesion;ECM-receptor interaction;Toxoplasmosis;Amoebiasis;Pathways in cancer;Small cell lung cancer
Q5BKQ9	Proteasome
Q9ERT2	Calcium signaling pathway;Neuroactive ligand-receptor interaction
Q3TKV1	Proteasome
Q8VH11	Olfactory transduction
Q540P3	Neuroactive ligand-receptor interaction
Q790Y8	Pentose phosphate pathway;Glutathione metabolism
Q8VGJ6	Olfactory transduction
G3UW81	Arachidonic acid metabolism
Q8VG96	Olfactory transduction
Q8VEW1	Olfactory transduction
K7N6B2	Olfactory transduction
Q3UNV2	Arachidonic acid metabolism;Linoleic acid metabolism
Q3U5H0	Cytokine-cytokine receptor interaction;Apoptosis;Natural killer cell mediated cytotoxicity;Measles
Q68FL0	Calcium signaling pathway;Protein digestion and absorption
Q6PFA2	Lysosome;Endocytosis;Endocrine and other factor-regulated calcium reabsorption;Huntington's disease;Bacterial invasion of epithelial cells
Q4FJQ0	Endocytosis;Phagosome;Amoebiasis;ko05152
Q3UEP4	Pentose and glucuronate interconversions;Ascorbate and aldarate metabolism;Steroid hormone biosynthesis;Starch and sucrose metabolism;Other types of O-glycan biosynthesis;Retinol metabolism;Porphyrin and chlorophyll metabolism;Metabolism of xenobiotics by cytochrome P450;Drug metabolism - cytochrome P450;Drug metabolism - other enzymes
Q3TJ55	SNARE interactions in vesicular transport
Q8VGK8	Olfactory transduction
A3KGY3;A0A087WSP6	Olfactory transduction
Q8K501	Olfactory transduction
Q8VF26	Olfactory transduction
Q3UH59	Tight junction;Viral myocarditis
Q5U1U6	MAPK signaling pathway
Q4FJZ6	Glutathione metabolism
E9PXC0	Protein export;Bacterial secretion system
Q3U593	MAPK signaling pathway;Cytokine-cytokine receptor interaction;Apoptosis;TGF-beta signaling pathway;Osteoclast differentiation;Antigen processing and presentation;Toll-like receptor signaling pathway;NOD-like receptor signaling pathway;RIG-I-like receptor signaling pathway;Hematopoietic cell lineage;Natural killer cell mediated cytotoxicity;T cell receptor signaling pathway;Fc epsilon RI signaling pathway;Adipocytokine signaling pathway;Type II diabetes mellitus;Type I diabetes mellitus;Alzheimer's disease;Amyotrophic lateral sclerosis (ALS);Leishmaniasis;Chagas disease (American trypanosomiasis);African trypanosomiasis;Malaria;Toxoplasmosis;Amoebiasis;ko05152;Hepatitis C;Asthma;Systemic lupus erythematosus;Rheumatoid arthritis;Allograft rejection;Graft-versus-host disease;Hypertrophic cardiomyopathy (HCM);Dilated cardiomyopathy
Q544M3	Glycosphingolipid biosynthesis - ganglio series
Q58E59	Spliceosome
Q544G7	Neuroactive ligand-receptor interaction
E9Q4X7	Olfactory transduction
Q8VFZ6	Olfactory transduction
Q9DCW5	Oxidative phosphorylation;Cardiac muscle contraction;Alzheimer's disease;Parkinson's disease;Huntington's disease
Q8VFJ1	Olfactory transduction
Q544Y7	Axon guidance;Fc gamma R-mediated phagocytosis;Regulation of actin cytoskeleton
Q3TGZ3	Citrate cycle (TCA cycle)
Q790L7	Cell cycle;p53 signaling pathway;Wnt signaling pathway;Focal adhesion;Jak-STAT signaling pathway;Measles;Pathways in cancer;Colorectal cancer;Pancreatic cancer;Endometrial cancer;Glioma;Prostate cancer;Thyroid cancer;Melanoma;Bladder cancer;Chronic myeloid leukemia;Acute myeloid leukemia;Small cell lung cancer;Non-small cell lung cancer;Viral myocarditis
Q545W1	TGF-beta signaling pathway
B2RX33	Mineral absorption
Q8VG46	Olfactory transduction
Q8VFF8	Olfactory transduction
Q3UKR0	MAPK signaling pathway;Amyotrophic lateral sclerosis (ALS)
Q3V3I6	Steroid biosynthesis
Q4FK57	Protein processing in endoplasmic reticulum;Vibrio cholerae infection
Q544G1	Neuroactive ligand-receptor interaction
B2RQS5	Calcium signaling pathway;Neuroactive ligand-receptor interaction
Q85ZW6	Endocytosis;Phagosome;Cell adhesion molecules (CAMs);Antigen processing and presentation;Natural killer cell mediated cytotoxicity;Type I diabetes mellitus;Autoimmune thyroid disease;Allograft rejection;Graft-versus-host disease;Viral myocarditis
Q8C5R8	Pentose phosphate pathway;Purine metabolism
Q8VGE1	Olfactory transduction
Q544F4	Neuroactive ligand-receptor interaction
Q8VET2	Olfactory transduction
Q923Q8	Olfactory transduction
Q546H1	Natural killer cell mediated cytotoxicity;T cell receptor signaling pathway;Fc epsilon RI signaling pathway;Fc gamma R-mediated phagocytosis
Q8VH13	Olfactory transduction
E9PV04	RNA transport;mRNA surveillance pathway;Spliceosome
Q8VGY8	Olfactory transduction
Q9EQA5	Olfactory transduction
Q8VFC4	Olfactory transduction
A4FUS1	Ribosome
B2RS24	Cell adhesion molecules (CAMs);Tight junction;Leukocyte transendothelial migration;Pathogenic Escherichia coli infection;Hepatitis C
Q548F2	Purine metabolism
Q78ZJ8	Endocytosis;Vasopressin-regulated water reabsorption
B9EIE9	Purine metabolism;Alanine, aspartate and glutamate metabolism
Q3T9Z2	Pyruvate metabolism;Glyoxylate and dicarboxylate metabolism
Q547H1	NOD-like receptor signaling pathway;Neurotrophin signaling pathway;Shigellosis;ko05152
Q8VGV0	Olfactory transduction
B2RRX1	Phagosome;Focal adhesion;Adherens junction;Tight junction;Leukocyte transendothelial migration;Phototransduction - fly;Regulation of actin cytoskeleton;Bacterial invasion of epithelial cells;Vibrio cholerae infection;Pathogenic Escherichia coli infection;Shigellosis;Hypertrophic cardiomyopathy (HCM);Arrhythmogenic right ventricular cardiomyopathy (ARVC);Dilated cardiomyopathy;Viral myocarditis
Q3TU81	Neuroactive ligand-receptor interaction;African trypanosomiasis
Q3U1Z9	Cytokine-cytokine receptor interaction
A2RTA0	Arginine and proline metabolism
Q544Q4	MAPK signaling pathway;Cardiac muscle contraction;Hypertrophic cardiomyopathy (HCM);Arrhythmogenic right ventricular cardiomyopathy (ARVC);Dilated cardiomyopathy
E9Q317	RNA transport;mRNA surveillance pathway
Q8VGC6	Olfactory transduction
Q8VGL2	Olfactory transduction
Q3U2G2	Antigen processing and presentation
L7MTU6	Cytokine-cytokine receptor interaction;Regulation of autophagy;Toll-like receptor signaling pathway;RIG-I-like receptor signaling pathway;Cytosolic DNA-sensing pathway;Jak-STAT signaling pathway;Natural killer cell mediated cytotoxicity;ko05152;Hepatitis C;Measles;Autoimmune thyroid disease
E9Q985	Olfactory transduction
Q3UD40	Natural killer cell mediated cytotoxicity
Q3UCW0	Endocytosis
A0A0R4J1R1	Ubiquitin mediated proteolysis;Protein processing in endoplasmic reticulum
Q6XZL8	Lysine degradation
Q5D0E4	VEGF signaling pathway
Q8VGV6	Olfactory transduction
Q9EQA0;A0A1L1SR30	Olfactory transduction
Q7TQT8	Olfactory transduction
Q3U4X0	Cytokine-cytokine receptor interaction
Q3U905	Cytokine-cytokine receptor interaction;Jak-STAT signaling pathway;Hematopoietic cell lineage
Q8VGH6;A0A140LHR7	Olfactory transduction
Q7TRW8	Olfactory transduction
Q3TPZ2	Cell cycle;Oocyte meiosis;Progesterone-mediated oocyte maturation
Q6W4W7	Regulation of actin cytoskeleton
Q4FZE6	Ribosome
Q3U4X8	DNA replication;Base excision repair;Nucleotide excision repair;Mismatch repair
A2AR99	Neuroactive ligand-receptor interaction;Vascular smooth muscle contraction
Q7TRI2	Olfactory transduction
Q7TQS8;Q2NLE6	Olfactory transduction
Q3U8K3	MAPK signaling pathway
Q3TT94	mRNA surveillance pathway;Cell cycle - yeast;Tight junction;Chagas disease (American trypanosomiasis);Hepatitis C
Q7TRP2	Olfactory transduction
C8YIX4	Calcium signaling pathway;Neuroactive ligand-receptor interaction
A2ASV2	Olfactory transduction
Q5BLK1	Ribosome;mTOR signaling pathway;Insulin signaling pathway
Q8VFP0	Olfactory transduction
Q9CQB4	Oxidative phosphorylation;Cardiac muscle contraction;Alzheimer's disease;Parkinson's disease;Huntington's disease
Q544K1	Measles
F8VQB9	Olfactory transduction
Q8VFX6	Olfactory transduction
Q3ZB17	Cytokine-cytokine receptor interaction;Chemokine signaling pathway
Q3U169	Toll-like receptor signaling pathway
Z4YK94	p53 signaling pathway;Neurotrophin signaling pathway;Measles
B2RS27	MAPK signaling pathway;Focal adhesion
Q8VEV5	Olfactory transduction
Q85ZW7	Endocytosis;Phagosome;Cell adhesion molecules (CAMs);Antigen processing and presentation;Natural killer cell mediated cytotoxicity;Type I diabetes mellitus;Autoimmune thyroid disease;Allograft rejection;Graft-versus-host disease;Viral myocarditis
Q545I6	Lysosome
Q7TNI3	MAPK signaling pathway;Calcium signaling pathway;Cardiac muscle contraction;Vascular smooth muscle contraction;GnRH signaling pathway;Alzheimer's disease;Hypertrophic cardiomyopathy (HCM);Arrhythmogenic right ventricular cardiomyopathy (ARVC);Dilated cardiomyopathy
Q3ZB59	Osteoclast differentiation;Fc epsilon RI signaling pathway;Fc gamma R-mediated phagocytosis;Chronic myeloid leukemia
Q3U607	p53 signaling pathway;Apoptosis;Toll-like receptor signaling pathway;NOD-like receptor signaling pathway;RIG-I-like receptor signaling pathway;Alzheimer's disease;Huntington's disease;Chagas disease (American trypanosomiasis);Toxoplasmosis;ko05152;Pathways in cancer;Viral myocarditis
Q3TST4	Chemokine signaling pathway;Endocytosis
Q3UT95	Ubiquitin mediated proteolysis;Protein processing in endoplasmic reticulum
Q5J7N1	MAPK signaling pathway;ErbB signaling pathway;MAPK signaling pathway - fly;Chemokine signaling pathway;Dorso-ventral axis formation;Axon guidance;VEGF signaling pathway;Tight junction;Gap junction;Natural killer cell mediated cytotoxicity;T cell receptor signaling pathway;B cell receptor signaling pathway;Fc epsilon RI signaling pathway;Long-term potentiation;Neurotrophin signaling pathway;Long-term depression;Regulation of actin cytoskeleton;Insulin signaling pathway;GnRH signaling pathway;Progesterone-mediated oocyte maturation;Melanogenesis;Aldosterone-regulated sodium reabsorption;Hepatitis C;Pathways in cancer;Colorectal cancer;Renal cell carcinoma;Pancreatic cancer;Endometrial cancer;Glioma;Prostate cancer;Thyroid cancer;Melanoma;Bladder cancer;Chronic myeloid leukemia;Acute myeloid leukemia;Non-small cell lung cancer
O08797	Amoebiasis
Q5DW69	Cell adhesion molecules (CAMs)
Q7TR55	Olfactory transduction
Q8VFG4	Olfactory transduction
Q7TRW1	Olfactory transduction
Q7TRI6	Olfactory transduction
A2ALD2;E9PXR8	Olfactory transduction
Q8VFW4	Olfactory transduction
Q8VFN8	Olfactory transduction
Q8VFA3	Olfactory transduction
Q8BGZ9	Wnt signaling pathway;Adherens junction;Melanogenesis;Pathways in cancer;Colorectal cancer;Endometrial cancer;Prostate cancer;Thyroid cancer;Basal cell carcinoma;Acute myeloid leukemia;Arrhythmogenic right ventricular cardiomyopathy (ARVC)
Q8VF62	Olfactory transduction
G3UW82	Tight junction;Viral myocarditis
Q5SW18	Ether lipid metabolism
Q8C7D3	RNA transport;mRNA surveillance pathway;RNA degradation
Q8VF27	Olfactory transduction
Q8VG78	Olfactory transduction
Q543C0	MAPK signaling pathway;Cytokine-cytokine receptor interaction;Endocytosis;TGF-beta signaling pathway;Osteoclast differentiation;Adherens junction;Chagas disease (American trypanosomiasis);Pathways in cancer;Colorectal cancer;Pancreatic cancer;Chronic myeloid leukemia
A1L361	Toll-like receptor signaling pathway;RIG-I-like receptor signaling pathway;Cytosolic DNA-sensing pathway;Hepatitis C;Measles
Q7TQT2	Olfactory transduction
E9Q598	Olfactory transduction
Q8VF03	Olfactory transduction
Q0VBA8	Complement and coagulation cascades
Q3U8L1	MAPK signaling pathway;Protein processing in endoplasmic reticulum;Apoptosis;Osteoclast differentiation;RIG-I-like receptor signaling pathway;Adipocytokine signaling pathway;Hepatitis C;Pathways in cancer;Small cell lung cancer
A0A0R4IZW5	Cell adhesion molecules (CAMs);Adherens junction;Bacterial invasion of epithelial cells;Pathogenic Escherichia coli infection;Pathways in cancer;Endometrial cancer;Thyroid cancer;Melanoma;Bladder cancer
E9Q546	Olfactory transduction
B2RRL7	Protein processing in endoplasmic reticulum
Q7TS26	Olfactory transduction
Q9MD68	Oxidative phosphorylation;Cardiac muscle contraction;Alzheimer's disease;Parkinson's disease;Huntington's disease
Q3V2F3	Cytokine-cytokine receptor interaction;Chemokine signaling pathway;Intestinal immune network for IgA production
Q7TR05	Olfactory transduction
B2RPS7	Calcium signaling pathway;Pancreatic secretion
Q5M9N8	Ribosome
Q8VGG8;A0A0N4SWF1	Olfactory transduction
A2ANP4	Huntington's disease
Q9EQA6	Olfactory transduction
A0A0B6VTJ4	Neuroactive ligand-receptor interaction;Melanogenesis
Q8VGU7	Olfactory transduction
Q59J92	Mucin type O-Glycan biosynthesis
A2RS45	Taste transduction;Aldosterone-regulated sodium reabsorption
Q543J5	Complement and coagulation cascades
Q3U6G0	Phagosome;Osteoclast differentiation;Leukocyte transendothelial migration
Q8BGR3	Calcium signaling pathway;Osteoclast differentiation;Long-term potentiation;Neurotrophin signaling pathway
Q542I2	DNA replication;Cell cycle;Cell cycle - yeast;Meiosis - yeast
A0PK55;E9Q3X1;E9Q443	Olfactory transduction
Q3TXV4	Endocytosis
Q3TKP4	Glycolysis / Gluconeogenesis;Pentose phosphate pathway;Fructose and mannose metabolism;Methane metabolism;Carbon fixation in photosynthetic organisms;Insulin signaling pathway
Q544T4	Mucin type O-Glycan biosynthesis;Glycosaminoglycan biosynthesis - keratan sulfate;Glycosphingolipid biosynthesis - globo series;Glycosphingolipid biosynthesis - ganglio series
E9Q407	Olfactory transduction
K7N641;F6VBP6	Olfactory transduction
Q561N5	Ribosome
F7BL62	Olfactory transduction
Q8BMT0	Amoebiasis
Q8VGM9	Olfactory transduction
Q920G5	Olfactory transduction
Q8VFX8	Olfactory transduction
Q7GIP5	Oxidative phosphorylation;Parkinson's disease
Q5SX77	Cytokine-cytokine receptor interaction;Apoptosis;Jak-STAT signaling pathway;Hematopoietic cell lineage;Fc epsilon RI signaling pathway;Asthma
Q544D6	Prion diseases
Q6GT24	Phenylalanine metabolism;Methane metabolism;Phenylpropanoid biosynthesis
Q8VFU2	Olfactory transduction
Q9DCC1	mRNA surveillance pathway
Q8VFH9	Olfactory transduction
B2RVP5	Systemic lupus erythematosus
Q3ZB60	Cell adhesion molecules (CAMs)
Q8VGD9	Olfactory transduction
Q8VG97	Olfactory transduction
Q6P3Z8	Notch signaling pathway
Q9WVJ7	Antigen processing and presentation;Natural killer cell mediated cytotoxicity
Q545R0	Adherens junction;Tight junction;Leukocyte transendothelial migration;Bacterial invasion of epithelial cells;Pathways in cancer;Endometrial cancer;Arrhythmogenic right ventricular cardiomyopathy (ARVC)
Q8VFA9	Olfactory transduction
E9PZZ6	Olfactory transduction
Q3V2H7	Steroid biosynthesis;Glycerolipid metabolism;Pancreatic secretion;Fat digestion and absorption
Q148S3	Ribosome biogenesis in eukaryotes
B2RQZ0	Huntington's disease
Q80X29	Pathways in cancer;Renal cell carcinoma
Q80UK5	Amoebiasis
E9Q252	Olfactory transduction
Q8VGF5	Olfactory transduction
Q548W8	MAPK signaling pathway
Q9DBU1	Glycosphingolipid biosynthesis - lacto and neolacto series
L7N1Y4	Olfactory transduction
Q3UK52	Tryptophan metabolism
L7N475	Olfactory transduction
Q8BQV2	Glycerophospholipid metabolism
Q8VGD8	Olfactory transduction
Q8VFU9	Olfactory transduction
Q810G3	Cytokine-cytokine receptor interaction;Regulation of autophagy;Toll-like receptor signaling pathway;RIG-I-like receptor signaling pathway;Cytosolic DNA-sensing pathway;Jak-STAT signaling pathway;Natural killer cell mediated cytotoxicity;ko05152;Hepatitis C;Measles;Autoimmune thyroid disease
Q3UP47	Complement and coagulation cascades;Staphylococcus aureus infection
Q8VGL3	Olfactory transduction
K7N6Q1	Olfactory transduction
Q80W45	SNARE interactions in vesicular transport
Q8VH18;A0A1B0GR80	Olfactory transduction
Q3TPJ9	Apoptosis
Q99N15	Valine, leucine and isoleucine degradation;Alzheimer's disease
Q8VF43	Olfactory transduction
B2RXC2	Inositol phosphate metabolism;Calcium signaling pathway;Phosphatidylinositol signaling system
B1AXH9	Pathways in cancer;Acute myeloid leukemia
Q0VBK8	Cell cycle;p53 signaling pathway;Measles;Pathways in cancer;Pancreatic cancer;Glioma;Melanoma;Chronic myeloid leukemia;Small cell lung cancer;Non-small cell lung cancer
Q543K9	Purine metabolism;Pyrimidine metabolism;Nicotinate and nicotinamide metabolism
Q9D748	Glycolysis / Gluconeogenesis;Fatty acid metabolism;Tyrosine metabolism;Retinol metabolism;Metabolism of xenobiotics by cytochrome P450;Drug metabolism - cytochrome P450
Q9CZZ6	Terpenoid backbone biosynthesis
Q7TRD9	Olfactory transduction
Q3UJ36	Vascular smooth muscle contraction
Q8VGV5	Olfactory transduction
O08804	Amoebiasis
Q7TS08	Olfactory transduction
B2RVX8	Olfactory transduction
Q3UHK5	Cardiac muscle contraction;Aldosterone-regulated sodium reabsorption;Endocrine and other factor-regulated calcium reabsorption;Proximal tubule bicarbonate reclamation;Salivary secretion;Gastric acid secretion;Pancreatic secretion;Carbohydrate digestion and absorption;Protein digestion and absorption;Bile secretion;Mineral absorption
Q5SV01;Q05A89	Cytokine-cytokine receptor interaction;Jak-STAT signaling pathway;Hematopoietic cell lineage;T cell receptor signaling pathway;Fc epsilon RI signaling pathway;Intestinal immune network for IgA production;Asthma;Autoimmune thyroid disease;Allograft rejection
Q6W9L1	Endocytosis;Phagosome;Cell adhesion molecules (CAMs);Antigen processing and presentation;Natural killer cell mediated cytotoxicity;Type I diabetes mellitus;Autoimmune thyroid disease;Allograft rejection;Graft-versus-host disease;Viral myocarditis
A2ATW2;D3Z4B7	Olfactory transduction
E9Q550	Olfactory transduction
Q54AA2	NOD-like receptor signaling pathway;Cytosolic DNA-sensing pathway
A2RRI8	Mucin type O-Glycan biosynthesis
Q8VGG4	Olfactory transduction
Q52L83	RNA degradation
Q3TQ70	Chemokine signaling pathway;Taste transduction;Phototransduction
B9EJX5	Basal transcription factors
Q9R0K4	Olfactory transduction
Q5ICG4	Fatty acid metabolism;PPAR signaling pathway;Peroxisome;Adipocytokine signaling pathway
Q542I7	MAPK signaling pathway
Q7TRJ3	Olfactory transduction
Q8VFU6	Olfactory transduction
Q0VEP0;A0A0U1RPW5;F7C854	Olfactory transduction
Q3TY95	MAPK signaling pathway;ErbB signaling pathway;Chemokine signaling pathway;mTOR signaling pathway;Apoptosis;VEGF signaling pathway;Osteoclast differentiation;Focal adhesion;Tight junction;Toll-like receptor signaling pathway;Jak-STAT signaling pathway;T cell receptor signaling pathway;B cell receptor signaling pathway;Fc epsilon RI signaling pathway;Fc gamma R-mediated phagocytosis;Neurotrophin signaling pathway;Insulin signaling pathway;Progesterone-mediated oocyte maturation;Adipocytokine signaling pathway;Carbohydrate digestion and absorption;Chagas disease (American trypanosomiasis);Toxoplasmosis;ko05152;Hepatitis C;Measles;Pathways in cancer;Colorectal cancer;Renal cell carcinoma;Pancreatic cancer;Endometrial cancer;Glioma;Prostate cancer;Melanoma;Chronic myeloid leukemia;Acute myeloid leukemia;Small cell lung cancer;Non-small cell lung cancer
Q8VFP5	Olfactory transduction
Q8VGK3	Olfactory transduction
Q810S6	Systemic lupus erythematosus
Q5F2A4	Cytokine-cytokine receptor interaction;Intestinal immune network for IgA production;Rheumatoid arthritis
Q3TF68	RNA degradation
Q543G2	MAPK signaling pathway
Q8VFJ3	Olfactory transduction
Q8VH12	Olfactory transduction
Q8VG73	Olfactory transduction
B2RRZ4	Cytokine-cytokine receptor interaction;TGF-beta signaling pathway
B2RSR7	Glycerophospholipid metabolism
E9Q9S3	Ribosome biogenesis in eukaryotes
Q3TYU1	Wnt signaling pathway
Q7TR48	Olfactory transduction
Q5NCC8	Olfactory transduction
Q6NXL1	Protein processing in endoplasmic reticulum
A2ATG3	Olfactory transduction
Q9EQ90	Olfactory transduction
Q9D6A7	Amoebiasis
Q8VFE2	Olfactory transduction
Q7TS20	Olfactory transduction
Q8VGK9	Olfactory transduction
Q05A75	Endocytosis;Phagosome;Cell adhesion molecules (CAMs);Antigen processing and presentation;Natural killer cell mediated cytotoxicity;Type I diabetes mellitus;Autoimmune thyroid disease;Allograft rejection;Graft-versus-host disease;Viral myocarditis
Q8VFV2	Olfactory transduction
Q8VH21	Olfactory transduction
Q8VG21	Olfactory transduction
Q8VGY4	Olfactory transduction
Q8VH16	Olfactory transduction
Q8VFW1	Olfactory transduction
Q8VGK6	Olfactory transduction
Q3UU54	Natural killer cell mediated cytotoxicity;T cell receptor signaling pathway;Chagas disease (American trypanosomiasis)
Q14AK5	Olfactory transduction
Q543M3	Lysosome;Phagosome;Antigen processing and presentation;Rheumatoid arthritis
Q7TRM4	Olfactory transduction
Q8VGH2	Olfactory transduction
Q543Z1	Glycerophospholipid metabolism
L7MTT1	Olfactory transduction
Q8VF75	Olfactory transduction
Q8VF84	Olfactory transduction
Q8VFQ7	Olfactory transduction
Q5M9M4	Ribosome
B2RTL2	Purine metabolism
A0A7R8C3H7	Cytokine-cytokine receptor interaction;Regulation of autophagy;Toll-like receptor signaling pathway;RIG-I-like receptor signaling pathway;Cytosolic DNA-sensing pathway;Jak-STAT signaling pathway;Natural killer cell mediated cytotoxicity;ko05152;Hepatitis C;Measles;Autoimmune thyroid disease
Q3U1N3	MAPK signaling pathway;Tight junction;Regulation of actin cytoskeleton
Q7TS30;Q5SXI8	Olfactory transduction
Q542J9	DNA replication;Base excision repair;Nucleotide excision repair;Mismatch repair;Cell cycle
Q3UHJ1	Toll-like receptor signaling pathway;RIG-I-like receptor signaling pathway;Hepatitis C;Pathways in cancer;Small cell lung cancer
Q8VGV7	Olfactory transduction
Q548V9	Cytokine-cytokine receptor interaction;Chemokine signaling pathway;Toll-like receptor signaling pathway;RIG-I-like receptor signaling pathway;Cytosolic DNA-sensing pathway
Q5EBQ6	Ribosome
Q7TRG8	Olfactory transduction
Q8VG23	Olfactory transduction
A0A803Z7F8	Axon guidance
E9Q545	Olfactory transduction
Q544D8	Cytokine-cytokine receptor interaction;Chemokine signaling pathway
Q3TQR3	RNA transport
Q543W5	Gastric acid secretion
A2RRY5	Maturity onset diabetes of the young
Q545T4	TGF-beta signaling pathway
Q5NC82	Purine metabolism;Pyrimidine metabolism
Q4VA93	MAPK signaling pathway;MAPK signaling pathway - yeast;ErbB signaling pathway;Calcium signaling pathway;Phosphatidylinositol signaling system;Vascular smooth muscle contraction;Wnt signaling pathway;VEGF signaling pathway;Focal adhesion;Tight junction;Gap junction;Natural killer cell mediated cytotoxicity;Fc gamma R-mediated phagocytosis;Leukocyte transendothelial migration;Long-term potentiation;Long-term depression;Phototransduction - fly;Melanogenesis;Aldosterone-regulated sodium reabsorption;Endocrine and other factor-regulated calcium reabsorption;Salivary secretion;Gastric acid secretion;Pancreatic secretion;Vibrio cholerae infection;African trypanosomiasis;Amoebiasis;Pathways in cancer;Glioma;Non-small cell lung cancer
A2RSV8	Oxidative phosphorylation;Cardiac muscle contraction;Alzheimer's disease;Parkinson's disease;Huntington's disease
Q8VFV3	Olfactory transduction
Q3TF56	Glycosylphosphatidylinositol(GPI)-anchor biosynthesis
Q71LX8	Protein processing in endoplasmic reticulum;Antigen processing and presentation;NOD-like receptor signaling pathway;Plant-pathogen interaction;Progesterone-mediated oocyte maturation;Pathways in cancer;Prostate cancer
Q9EQ93	Olfactory transduction
Q8VF20	Olfactory transduction
Q7JCX7	Oxidative phosphorylation;Cardiac muscle contraction;Alzheimer's disease;Parkinson's disease;Huntington's disease
Q4FJM3	Axon guidance
Q7TR29	Olfactory transduction
Q545R7	N-Glycan biosynthesis;Glycosylphosphatidylinositol(GPI)-anchor biosynthesis
A5D8Y6	Cytokine-cytokine receptor interaction;Intestinal immune network for IgA production;Primary immunodeficiency
Q8BG86	Amoebiasis
Q8VFS6	Olfactory transduction
Q059S5	Neuroactive ligand-receptor interaction
Q8VF64	Olfactory transduction
Q5SZS9	Olfactory transduction
Q80YP4	Purine metabolism;Vascular smooth muscle contraction;Gap junction;Long-term depression;Salivary secretion
Q8VFC8	Olfactory transduction
Q8VEY4	Olfactory transduction
Q7TR42	Olfactory transduction
A2AVC3	Olfactory transduction
Q8VFK3	Olfactory transduction
Q8VGX1	Olfactory transduction
Q8BQD1	Wnt signaling pathway;Hedgehog signaling pathway;Melanogenesis;Pathways in cancer;Basal cell carcinoma
Q8VF31	Olfactory transduction
Q9DAB5	Systemic lupus erythematosus
Q8CED7	Phagosome
Q9EPN9	Olfactory transduction
B1AR69	Tight junction;Viral myocarditis
Q5SS40	Cell cycle;Oocyte meiosis;Neurotrophin signaling pathway
Q80ZZ0;Q7TPR6	Endocytosis
Q8BUE5	Calcium signaling pathway;Neuroactive ligand-receptor interaction;Vascular smooth muscle contraction;Salivary secretion
Q1HL35	MAPK signaling pathway
Q9WVF5;Q5SVE9	MAPK signaling pathway;ErbB signaling pathway;MAPK signaling pathway - fly;Calcium signaling pathway;Cytokine-cytokine receptor interaction;Endocytosis;Dorso-ventral axis formation;Focal adhesion;Adherens junction;Gap junction;Regulation of actin cytoskeleton;GnRH signaling pathway;Epithelial cell signaling in Helicobacter pylori infection;Hepatitis C;Pathways in cancer;Pancreatic cancer;Endometrial cancer;Glioma;Prostate cancer;Melanoma;Bladder cancer;Non-small cell lung cancer
Q8CGB9;F6RPJ9	Alzheimer's disease
Q05AC0	Retinol metabolism
Q8VGU5	Olfactory transduction
Q8VFI0	Olfactory transduction
Q9D1F9	Carbohydrate digestion and absorption
Q9DBN8	MAPK signaling pathway;Cell cycle;Progesterone-mediated oocyte maturation
Q544F7	Neuroactive ligand-receptor interaction
Q91X70	Complement and coagulation cascades;Prion diseases;Systemic lupus erythematosus
K7N5P3	Olfactory transduction
Q8R055	DNA replication;Base excision repair;Nucleotide excision repair;Mismatch repair
Q3U9T8	Cytokine-cytokine receptor interaction;Chemokine signaling pathway
Q8C605	Glycolysis / Gluconeogenesis;Pentose phosphate pathway;Fructose and mannose metabolism;Galactose metabolism;Methane metabolism
A0A0R4J0M0	Olfactory transduction
Q8VFH3	Olfactory transduction
Q91WU1	Fatty acid metabolism;Arachidonic acid metabolism;Retinol metabolism;PPAR signaling pathway;Vascular smooth muscle contraction
Q3TQX1	Cell cycle;Cell cycle - yeast;Meiosis - yeast
A2AUS6	Olfactory transduction
Q9ESU7	Protein digestion and absorption
Q8VGF0	Olfactory transduction
Q8VGJ3	Olfactory transduction
B1ASY9	NOD-like receptor signaling pathway
B2RT14	Pentose and glucuronate interconversions;Ascorbate and aldarate metabolism;Steroid hormone biosynthesis;Starch and sucrose metabolism;Other types of O-glycan biosynthesis;Retinol metabolism;Porphyrin and chlorophyll metabolism;Metabolism of xenobiotics by cytochrome P450;Drug metabolism - cytochrome P450;Drug metabolism - other enzymes
E9Q549	Olfactory transduction
Q8VF73	Olfactory transduction
Q8VGL6	Olfactory transduction
Q8VFW2	Olfactory transduction
Q149W7	Neuroactive ligand-receptor interaction
Q3TX57	Focal adhesion;ECM-receptor interaction;Protein digestion and absorption;Amoebiasis
Q8VGN0	Olfactory transduction
B2RTK3	Systemic lupus erythematosus
Q58EV4	Proteasome
Q3UVH8	Pathways in cancer;Prostate cancer
Q547R2	Neuroactive ligand-receptor interaction
Q6GTI0	Glycosphingolipid biosynthesis - ganglio series
Q0VF71	Ubiquitin mediated proteolysis
B1AZ39	Endocytosis
Q8VG74;A0A140LI01	Olfactory transduction
Q564F3	Ribosome
Q3TX25	Glycolysis / Gluconeogenesis;Histidine metabolism;Tyrosine metabolism;Phenylalanine metabolism;beta-Alanine metabolism;Metabolism of xenobiotics by cytochrome P450;Drug metabolism - cytochrome P450
Q7TQX5	Olfactory transduction
Q8VET0	Olfactory transduction
B9EJ46	Toll-like receptor signaling pathway;ko05152
Q792F9	Focal adhesion;ECM-receptor interaction;Cell adhesion molecules (CAMs);Hematopoietic cell lineage;Leukocyte transendothelial migration;Intestinal immune network for IgA production;Regulation of actin cytoskeleton;Leishmaniasis;Hypertrophic cardiomyopathy (HCM);Arrhythmogenic right ventricular cardiomyopathy (ARVC);Dilated cardiomyopathy
A2AP31	Oxidative phosphorylation;Alzheimer's disease;Parkinson's disease;Huntington's disease
Q0VEE0	Purine metabolism;Pyrimidine metabolism;Nicotinate and nicotinamide metabolism
Q3ULL5	RNA transport
A0A0R4J289	Neuroactive ligand-receptor interaction
Q5NCT9	Neuroactive ligand-receptor interaction
Q6UKZ0	Amoebiasis
Q3TU85	Spliceosome;MAPK signaling pathway;Protein processing in endoplasmic reticulum;Endocytosis;Antigen processing and presentation;Toxoplasmosis;Measles
A2AV11	Olfactory transduction
Q923Q6	Olfactory transduction
Q05A21	Pathways in cancer;Bladder cancer
Q05AH3	Toll-like receptor signaling pathway;Pathogenic Escherichia coli infection
Q3U436	Osteoclast differentiation;T cell receptor signaling pathway
Q7TQQ9	Olfactory transduction
A0A0R4J206	Folate biosynthesis;Sulfur relay system
Q059Q8	Oxidative phosphorylation;Cardiac muscle contraction;Alzheimer's disease;Parkinson's disease;Huntington's disease
Q3TWN7	Oxidative phosphorylation;Lysosome;Phagosome;Vibrio cholerae infection;Epithelial cell signaling in Helicobacter pylori infection;ko05152;Rheumatoid arthritis
Q5M9K3	Ribosome
F8VQM5	Starch and sucrose metabolism;Carbohydrate digestion and absorption
Q543Q4	Pancreatic secretion
A3KPD0	Systemic lupus erythematosus
Q9Z202	Antigen processing and presentation;Natural killer cell mediated cytotoxicity
Q3UFJ3	Glycolysis / Gluconeogenesis;Citrate cycle (TCA cycle);Valine, leucine and isoleucine biosynthesis;Pyruvate metabolism;Butanoate metabolism
Q0VGI4	Other glycan degradation;Sphingolipid metabolism
Q53YY3	Adipocytokine signaling pathway
Q549P2	Pathways in cancer;Colorectal cancer
Q8VFM1	Olfactory transduction
Q8VFI1	Olfactory transduction
Q8VEZ4	Olfactory transduction
Q790I0	Valine, leucine and isoleucine biosynthesis;Aminoacyl-tRNA biosynthesis
A5GZX3	Pyruvate metabolism;MAPK signaling pathway - yeast
M1VPI1	PPAR signaling pathway;Osteoclast differentiation;Huntington's disease;Pathways in cancer;Thyroid cancer
Q8VF85	Olfactory transduction
B2RQM3	Neuroactive ligand-receptor interaction
Q9BCZ1	Endocytosis;Phagosome;Cell adhesion molecules (CAMs);Antigen processing and presentation;Natural killer cell mediated cytotoxicity;Type I diabetes mellitus;Autoimmune thyroid disease;Allograft rejection;Graft-versus-host disease;Viral myocarditis
Q0VEV7;A0A140LI29;A0A140LJ26	Olfactory transduction
B2RS62	Calcium signaling pathway;Neuroactive ligand-receptor interaction
A2RSF4	p53 signaling pathway
Q99J57	Cysteine and methionine metabolism
Q8VGJ1	Olfactory transduction
Q3TI84	Cell cycle;Cell cycle - yeast;Meiosis - yeast;Oocyte meiosis;Ubiquitin mediated proteolysis;Progesterone-mediated oocyte maturation
Q544C5	Cell adhesion molecules (CAMs)
Q9EQ83	Hypertrophic cardiomyopathy (HCM);Arrhythmogenic right ventricular cardiomyopathy (ARVC);Dilated cardiomyopathy;Viral myocarditis
Q7TRG4	Olfactory transduction
Q542U4	MAPK signaling pathway
Q3ZAX5	Cytokine-cytokine receptor interaction;Toll-like receptor signaling pathway;RIG-I-like receptor signaling pathway;Jak-STAT signaling pathway;Type I diabetes mellitus;Leishmaniasis;Chagas disease (American trypanosomiasis);African trypanosomiasis;Toxoplasmosis;Amoebiasis;ko05152;Measles;Allograft rejection
Q3TS87	Sphingolipid metabolism
Q5NCI4	Glycolysis / Gluconeogenesis;Methane metabolism
Q545F0	Tyrosine metabolism;Phenylalanine metabolism
B2RRH9	Purine metabolism;Drug metabolism - other enzymes
Q564E6	Systemic lupus erythematosus
E9Q3K2	Olfactory transduction
Q542R4	Calcium signaling pathway;Neuroactive ligand-receptor interaction;Regulation of actin cytoskeleton;Salivary secretion;Gastric acid secretion;Pancreatic secretion
Q7TRL3	Olfactory transduction
Q3UIG0	RNA transport;Hepatitis C
Q4FJX9	Peroxisome;Huntington's disease
Q8VF30	Olfactory transduction
Q3TM92	Cell cycle;Cell cycle - yeast;Meiosis - yeast;Oocyte meiosis;Ubiquitin mediated proteolysis;Progesterone-mediated oocyte maturation
Q8VGY7	Olfactory transduction
Q9EQB5	Olfactory transduction
B2RUK5	Valine, leucine and isoleucine degradation
Q1LZM6	Base excision repair
Q7TRL9	Olfactory transduction
E9PUM4	Focal adhesion
Q544F1	Natural killer cell mediated cytotoxicity;Measles
A2A864	Focal adhesion;ECM-receptor interaction;Regulation of actin cytoskeleton;Hypertrophic cardiomyopathy (HCM);Arrhythmogenic right ventricular cardiomyopathy (ARVC);Dilated cardiomyopathy
A2ASY1	Basal transcription factors
Q3TYT9	Glycerophospholipid metabolism;Ether lipid metabolism;Arachidonic acid metabolism;Linoleic acid metabolism;alpha-Linolenic acid metabolism;MAPK signaling pathway;Vascular smooth muscle contraction;VEGF signaling pathway;Fc epsilon RI signaling pathway;Long-term depression;GnRH signaling pathway;Pancreatic secretion;Fat digestion and absorption;Toxoplasmosis
Q7TRD6	Olfactory transduction
Q05A45;A0A0U1RP48	Olfactory transduction
Q497E9	Ribosome
Q8VFC3	Olfactory transduction
Q91Z50	DNA replication;Base excision repair;Non-homologous end-joining
Q5FWJ7	SNARE interactions in vesicular transport
Q8VEX7	Olfactory transduction
Q8VFX4	Olfactory transduction
Q9MD59	Oxidative phosphorylation;Parkinson's disease
Q8VGH5	Olfactory transduction
E9Q050	Olfactory transduction
Q548J0	Toll-like receptor signaling pathway;Measles
Q8VGP8	Olfactory transduction
Q3U1H9	Calcium signaling pathway;Neuroactive ligand-receptor interaction;Vascular smooth muscle contraction
Q5SVU3	Cytokine-cytokine receptor interaction;Chemokine signaling pathway
Q3TML6	RNA transport
D4QGC2	Notch signaling pathway
Q543K5	Glycine, serine and threonine metabolism;Methane metabolism;Vitamin B6 metabolism
Q8VGH3;A0A140LIF5	Olfactory transduction
Q4FK49	Oxidative phosphorylation
Q3U4C5	Neuroactive ligand-receptor interaction
B2RSV4	Spliceosome
Q3TUQ5	RNA transport;mRNA surveillance pathway
Q3UQP0	Neuroactive ligand-receptor interaction
Q3UHZ2	Circadian rhythm - mammal;Circadian rhythm - fly
Q91YU7	MAPK signaling pathway;Cytokine-cytokine receptor interaction;Cell cycle;Endocytosis;TGF-beta signaling pathway;Leishmaniasis;Chagas disease (American trypanosomiasis);Malaria;Toxoplasmosis;Amoebiasis;ko05152;Pathways in cancer;Colorectal cancer;Renal cell carcinoma;Pancreatic cancer;Chronic myeloid leukemia;Rheumatoid arthritis;Hypertrophic cardiomyopathy (HCM);Dilated cardiomyopathy
Q8VEY6;B1ARU7;B1ARU8;E9Q234	Olfactory transduction
Q3U7K7	Systemic lupus erythematosus
Q5FW61	Calcium signaling pathway;Neuroactive ligand-receptor interaction
A2AFM9	Fructose and mannose metabolism
E9Q542	Olfactory transduction
Q58ET1	Ribosome
Q545A5	Cell adhesion molecules (CAMs);Tight junction;Leukocyte transendothelial migration;Hepatitis C
Q545P4	Cytokine-cytokine receptor interaction;Adipocytokine signaling pathway;Amyotrophic lateral sclerosis (ALS)
Q52KR6	RNA transport;mRNA surveillance pathway;Spliceosome
Q059V7	Neuroactive ligand-receptor interaction;Lysosome;Renin-angiotensin system;Amoebiasis;Systemic lupus erythematosus
Q8VFX0	Olfactory transduction
Q548L4	Alanine, aspartate and glutamate metabolism;beta-Alanine metabolism;Taurine and hypotaurine metabolism;Butanoate metabolism;Type I diabetes mellitus
Q8VFE1	Olfactory transduction
Q6NXK9	N-Glycan biosynthesis;Various types of N-glycan biosynthesis;Protein processing in endoplasmic reticulum
Q4VAF2	Ribosome
Q4FJQ7	Prion diseases
Q9JHF5	Oxidative phosphorylation;Lysosome;Phagosome;Collecting duct acid secretion;Vibrio cholerae infection;Epithelial cell signaling in Helicobacter pylori infection;ko05152;Rheumatoid arthritis
Q540E6	mTOR signaling pathway;Insulin signaling pathway
Q9DAD9;B1AV31	Systemic lupus erythematosus
Q5M8Q0	Ribosome
Q8VF98	Olfactory transduction
Q3UF00	Glycosphingolipid biosynthesis - globo series
Q8VGW2	Olfactory transduction
Q8VF35	Olfactory transduction
Q7TR49	Olfactory transduction
Q5NC59	Olfactory transduction
Q543N0	Ubiquitin mediated proteolysis
Q6AXC2	Cytokine-cytokine receptor interaction;Chemokine signaling pathway
Q8VCW3	Tryptophan metabolism
Q4FJN9	Terpenoid backbone biosynthesis
Q4FK79	Protein processing in endoplasmic reticulum
Q544I2	Cytokine-cytokine receptor interaction;Endocytosis;Jak-STAT signaling pathway;Hematopoietic cell lineage;Measles
Q544X5	Neuroactive ligand-receptor interaction
Q548Y4	MAPK signaling pathway;Chemokine signaling pathway;Apoptosis;Osteoclast differentiation;Toll-like receptor signaling pathway;NOD-like receptor signaling pathway;RIG-I-like receptor signaling pathway;Cytosolic DNA-sensing pathway;T cell receptor signaling pathway;B cell receptor signaling pathway;Neurotrophin signaling pathway;Adipocytokine signaling pathway;Epithelial cell signaling in Helicobacter pylori infection;Shigellosis;Leishmaniasis;Chagas disease (American trypanosomiasis);Toxoplasmosis;Amoebiasis;ko05152;Hepatitis C;Measles;Pathways in cancer;Pancreatic cancer;Prostate cancer;Chronic myeloid leukemia;Acute myeloid leukemia;Small cell lung cancer
Q4FK35	Hematopoietic cell lineage
Q6GTW1;E9PZD1	Glycerophospholipid metabolism;Ether lipid metabolism;Arachidonic acid metabolism;Linoleic acid metabolism;alpha-Linolenic acid metabolism;MAPK signaling pathway;Vascular smooth muscle contraction;VEGF signaling pathway;Fc epsilon RI signaling pathway;Long-term depression;GnRH signaling pathway;Pancreatic secretion;Fat digestion and absorption;Toxoplasmosis
Q8VGC4	Olfactory transduction
Q4FJL8	Nicotinate and nicotinamide metabolism;Calcium signaling pathway;Salivary secretion;Pancreatic secretion
Q7TQW8	Olfactory transduction
Q3UHC1	Focal adhesion;Neurotrophin signaling pathway;Insulin signaling pathway;Renal cell carcinoma
F6QVZ8	Olfactory transduction
Q8VFQ6	Olfactory transduction
Q80XH7	Purine metabolism;Pyrimidine metabolism;DNA replication;Base excision repair;Nucleotide excision repair
Q3U573	N-Glycan biosynthesis;Various types of N-glycan biosynthesis;Protein processing in endoplasmic reticulum
Q8VGU4	Olfactory transduction
Q9WUD0	Arachidonic acid metabolism;Retinol metabolism;Metabolism of xenobiotics by cytochrome P450;Drug metabolism - cytochrome P450
Q7TQV7	Olfactory transduction
Q8VGT9	Olfactory transduction
Q8VGE6	Olfactory transduction
Q3TGP5	RIG-I-like receptor signaling pathway;Measles
Q549C9	MAPK signaling pathway;Cell cycle;p53 signaling pathway;Apoptosis;Wnt signaling pathway;Neurotrophin signaling pathway;Amyotrophic lateral sclerosis (ALS);Huntington's disease;Hepatitis C;Measles;Pathways in cancer;Colorectal cancer;Pancreatic cancer;Endometrial cancer;Glioma;Prostate cancer;Thyroid cancer;Basal cell carcinoma;Melanoma;Bladder cancer;Chronic myeloid leukemia;Small cell lung cancer;Non-small cell lung cancer
Q3TWR3	Insulin signaling pathway;Adipocytokine signaling pathway;Hypertrophic cardiomyopathy (HCM)
L7N1X7	Olfactory transduction
Q7TRP4	Olfactory transduction
Q7TSI6	Chemokine signaling pathway;Focal adhesion;Natural killer cell mediated cytotoxicity;T cell receptor signaling pathway;B cell receptor signaling pathway;Fc epsilon RI signaling pathway;Fc gamma R-mediated phagocytosis;Leukocyte transendothelial migration;Regulation of actin cytoskeleton
A2AVK5	Olfactory transduction
Q2HZ94	Phagosome;ko05152
Q0VBI4;A2AV48	Olfactory transduction
Q8VGN2	Olfactory transduction
L7MU75	Olfactory transduction
B9EHE6	Olfactory transduction
Q7TRX2	Olfactory transduction
A0A140T8I9	Inositol phosphate metabolism;Phosphatidylinositol signaling system
Q6NVF2	Glycerophospholipid metabolism;Ether lipid metabolism;Endocytosis;Fc gamma R-mediated phagocytosis;GnRH signaling pathway
Q7TRZ7;A0A0N4SW61	Olfactory transduction
Q3TA56	Cell adhesion molecules (CAMs);Staphylococcus aureus infection
Q3UCD9	Lysosome;ko05152
Q8VFM5	Olfactory transduction
Q8VFP6	Olfactory transduction
L7N1X5	Olfactory transduction
A2AUK5	Tight junction
Q8VC91	MAPK signaling pathway;Chemokine signaling pathway;Apoptosis;Osteoclast differentiation;Toll-like receptor signaling pathway;NOD-like receptor signaling pathway;RIG-I-like receptor signaling pathway;Cytosolic DNA-sensing pathway;T cell receptor signaling pathway;B cell receptor signaling pathway;Adipocytokine signaling pathway;Epithelial cell signaling in Helicobacter pylori infection;Shigellosis;Chagas disease (American trypanosomiasis);Toxoplasmosis;Hepatitis C;Pathways in cancer;Pancreatic cancer;Prostate cancer;Chronic myeloid leukemia;Acute myeloid leukemia;Small cell lung cancer;Primary immunodeficiency
Q7TRN4	Olfactory transduction
A7YQ68	Wnt signaling pathway
B2RUP8	Lysosome
Q80XK1	Caffeine metabolism;Retinol metabolism;Drug metabolism - cytochrome P450;Drug metabolism - other enzymes
Q8VFG3	Olfactory transduction
Q8VF55	Olfactory transduction
Q544T7	N-Glycan biosynthesis;Various types of N-glycan biosynthesis;Protein processing in endoplasmic reticulum
Q546S6	Cytokine-cytokine receptor interaction;Chemokine signaling pathway
Q543I9	Other glycan degradation;Sphingolipid metabolism
Q5HZI8	DNA replication;Nucleotide excision repair;Mismatch repair
Q99L56	MAPK signaling pathway;Cytokine-cytokine receptor interaction;Focal adhesion;Gap junction;Regulation of actin cytoskeleton;Pathways in cancer;Glioma;Prostate cancer;Melanoma
Q3TVN6	Cytokine-cytokine receptor interaction;Chemokine signaling pathway
Q7TRI8	Olfactory transduction
Q544E6	Cytokine-cytokine receptor interaction;Rheumatoid arthritis
Q80X98	Spliceosome
Q7TNB5	Neuroactive ligand-receptor interaction;Long-term potentiation;Long-term depression;Amyotrophic lateral sclerosis (ALS)
Q8VEZ3	Olfactory transduction
Q3UEW6	Cytokine-cytokine receptor interaction;Hematopoietic cell lineage;Pathways in cancer;Acute myeloid leukemia
Q3UP63	Calcium signaling pathway;Neuroactive ligand-receptor interaction;Endocytosis;Salivary secretion
O08806	Amoebiasis
Q543X9	RNA degradation
Q7TRN0	Olfactory transduction
Q8VFI7	Olfactory transduction
Q9QZ22	Olfactory transduction
Q7TR39	Olfactory transduction
Q7TT21	p53 signaling pathway;mTOR signaling pathway;Insulin signaling pathway
Q6S9I2	Complement and coagulation cascades
Q4FK14	Protein processing in endoplasmic reticulum
Q505A3	Glycosphingolipid biosynthesis - lacto and neolacto series
Q14A12	MAPK signaling pathway;Wnt signaling pathway;Axon guidance;VEGF signaling pathway;Focal adhesion;Adherens junction;Natural killer cell mediated cytotoxicity;B cell receptor signaling pathway;Fc epsilon RI signaling pathway;Regulation of actin cytoskeleton;Pathways in cancer;Colorectal cancer;Pancreatic cancer;Viral myocarditis
Q8VGX9	Olfactory transduction
Q05A52	Cytokine-cytokine receptor interaction
Q562G0	Glycosylphosphatidylinositol(GPI)-anchor biosynthesis
Q549X4	Pancreatic secretion
Q8VF41	Olfactory transduction
Q7TR16	Olfactory transduction
Q4V9T8	RNA transport
E9Q8F6	Olfactory transduction
Q80ZZ5	Calcium signaling pathway;Cardiac muscle contraction;Pancreatic secretion;Hypertrophic cardiomyopathy (HCM);Arrhythmogenic right ventricular cardiomyopathy (ARVC);Dilated cardiomyopathy
Q544D7	PPAR signaling pathway
Q542R6	Purine metabolism;Phototransduction
Q545K4	Ribosome biogenesis in eukaryotes
Q3V3X3	Cell cycle;TGF-beta signaling pathway
G3X9F1	Glycosylphosphatidylinositol(GPI)-anchor biosynthesis
Q6XPS7	Glycine, serine and threonine metabolism
B2RV73	Other types of O-glycan biosynthesis
B9EIX0	RNA degradation
E9Q0Q2	Olfactory transduction
Q7TRF5	Olfactory transduction
Q3U8M7	Cell adhesion molecules (CAMs);Natural killer cell mediated cytotoxicity;Leukocyte transendothelial migration;African trypanosomiasis;Malaria;Staphylococcus aureus infection;Rheumatoid arthritis;Viral myocarditis
Q8VFJ5	Olfactory transduction
Q8VGX3	Olfactory transduction
Q7TR27	Olfactory transduction
Q78ZC4	Caffeine metabolism;Nitrotoluene degradation;Drug metabolism - other enzymes
Q3ULT2	Focal adhesion;Adherens junction;Tight junction;Leukocyte transendothelial migration;Regulation of actin cytoskeleton;Amoebiasis;Systemic lupus erythematosus;Arrhythmogenic right ventricular cardiomyopathy (ARVC)
Q3U9V4	Chemokine signaling pathway
Q8VFT5	Olfactory transduction
Q7TRT9;F7AB21	Olfactory transduction
E9Q9T3	Olfactory transduction
Q3V1N2	Parkinson's disease
Q3V449	Nicotinate and nicotinamide metabolism
Q3TQY2	Vasopressin-regulated water reabsorption;Huntington's disease
Q8VG32	Olfactory transduction
A1L347	Spliceosome;MAPK signaling pathway;Protein processing in endoplasmic reticulum;Endocytosis;Antigen processing and presentation;Toxoplasmosis;Measles
Q8VH08	Olfactory transduction
Q3TL72	Ubiquitin mediated proteolysis
Q547J6	Cell cycle;Pathways in cancer;Pancreatic cancer;Glioma;Prostate cancer;Melanoma;Bladder cancer;Chronic myeloid leukemia;Small cell lung cancer;Non-small cell lung cancer
Q3UM65	Pathways in cancer;Chronic myeloid leukemia;Acute myeloid leukemia
Q8VFZ8	Olfactory transduction
Q8VFW3	Olfactory transduction
Q921K2	Base excision repair
Q545N8	Fructose and mannose metabolism;Amino sugar and nucleotide sugar metabolism
Q543W3	Complement and coagulation cascades
Q9EPG2;A0A140LHW1	Olfactory transduction
A2RT31	Olfactory transduction
Q923F1	RNA transport
Q9EQ87	Olfactory transduction
A2RSD4	Osteoclast differentiation
Q7TR70	Olfactory transduction
A2RSE4	Ubiquitin mediated proteolysis
Q8VF59	Olfactory transduction
Q5SUC3	Protein processing in endoplasmic reticulum;Phagosome;Antigen processing and presentation
Q8CGP4	Systemic lupus erythematosus
Q3UCS1	Ubiquitin mediated proteolysis
Q7TRE5	Olfactory transduction
B9EHG2	Olfactory transduction
Q8BUU7	Galactose metabolism;Amino sugar and nucleotide sugar metabolism
K7N6B3	Olfactory transduction
Q9QZ19	Olfactory transduction
Q9CPN9	Neuroactive ligand-receptor interaction;Pancreatic secretion;Protein digestion and absorption
Q8VF52	Olfactory transduction
A2AVW3	Olfactory transduction
Q3U9A3	Antigen processing and presentation
Q543U8	Neuroactive ligand-receptor interaction
E9PYN9	Arginine and proline metabolism;Histidine metabolism;Tryptophan metabolism
Q544K9	Pyrimidine metabolism;Drug metabolism - other enzymes
Q8VFV1;F7CNV2	Olfactory transduction
Q3TM70	Endocytosis
Q3UUA9	Sphingolipid metabolism
Q8VFN5	Olfactory transduction
A0A0R4J250	p53 signaling pathway
B1ASJ2	Galactose metabolism;N-Glycan biosynthesis;Various types of N-glycan biosynthesis;Other types of O-glycan biosynthesis;Glycosaminoglycan biosynthesis - keratan sulfate;Glycosphingolipid biosynthesis - lacto and neolacto series
Q7TQG5	Cell adhesion molecules (CAMs)
Q3U1C2	Wnt signaling pathway
Q14AH9	Neuroactive ligand-receptor interaction
Q543J1	Biosynthesis of unsaturated fatty acids
Q7TQD5	Fatty acid metabolism;PPAR signaling pathway;Adipocytokine signaling pathway
Q0VE17	Cytokine-cytokine receptor interaction;Osteoclast differentiation;Toll-like receptor signaling pathway;RIG-I-like receptor signaling pathway;Cytosolic DNA-sensing pathway;Jak-STAT signaling pathway;Natural killer cell mediated cytotoxicity;Chagas disease (American trypanosomiasis);ko05152;Hepatitis C;Measles
Q8VGE8	Olfactory transduction
Q8BVP2	Glycolysis / Gluconeogenesis;Cysteine and methionine metabolism;Pyruvate metabolism;Propanoate metabolism
Q8VFP3	Olfactory transduction
Q3UGX8	Focal adhesion;Neurotrophin signaling pathway;Insulin signaling pathway;Renal cell carcinoma
Q0VB50	Tyrosine metabolism
G3X9G6	Neuroactive ligand-receptor interaction;GnRH signaling pathway
Q5SWN9	MAPK signaling pathway;Toll-like receptor signaling pathway;Fc epsilon RI signaling pathway;GnRH signaling pathway;Amyotrophic lateral sclerosis (ALS);Toxoplasmosis
Q8VF72	Olfactory transduction
E9Q544	Olfactory transduction
C0LQ91	Glycerolipid metabolism
Q540J8	NOD-like receptor signaling pathway;Epithelial cell signaling in Helicobacter pylori infection;Shigellosis
Q3UAD6	Protein processing in endoplasmic reticulum;NOD-like receptor signaling pathway;Plant-pathogen interaction;Pathways in cancer;Prostate cancer
A2ARY0	Olfactory transduction
E9QKE8;A0A0U1RNJ0	Olfactory transduction
Q7TR94	Olfactory transduction
Q8VET6	Olfactory transduction
Q547C4	Biosynthesis of unsaturated fatty acids;PPAR signaling pathway
Q8VFE9;Q80XD6	Olfactory transduction
A0ELI5	RNA degradation
Q8K0E2	Tight junction
Q8VFI3;A0A0N4SW72	Olfactory transduction
Q9D4I9	Hedgehog signaling pathway
A1L349	mRNA surveillance pathway
Q8VFP8	Olfactory transduction
Q8VGN9	Olfactory transduction
L7MU57	Olfactory transduction
B6DXE3	Cytokine-cytokine receptor interaction
Q8VGU3	Olfactory transduction
Q543D7	Osteoclast differentiation
Q920Y8	Olfactory transduction
Q8VFM3	Olfactory transduction
K7N609	Olfactory transduction
Q8VEU1	Olfactory transduction
E9Q438	Olfactory transduction
Q53YY4	Adipocytokine signaling pathway
Q8VGT7;A0A1L1SSH7	Olfactory transduction
A2RSY7	Natural killer cell mediated cytotoxicity;Type I diabetes mellitus;Autoimmune thyroid disease;Allograft rejection;Graft-versus-host disease;Viral myocarditis
Q8VG94	Olfactory transduction
Q8BG66;E9QLR3	Lysosome
Q8VGI8	Olfactory transduction
E1AZ71	Olfactory transduction;Phototransduction
Q8VGC2;A0A0N4SV47;A0A0N4SV56	Olfactory transduction
Q8VEU0	Olfactory transduction
Q0VB73	Cytokine-cytokine receptor interaction;Jak-STAT signaling pathway;Hematopoietic cell lineage;Malaria
Q5M9L7	Ribosome
E9PWV2	Olfactory transduction
Q8VFI4	Olfactory transduction
Q3UII2	p53 signaling pathway
Q9EQA2	Olfactory transduction
Q5ND36	Complement and coagulation cascades
E9PV96;E9PV97	Olfactory transduction
Q5D0E0	MAPK signaling pathway;Chemokine signaling pathway;Apoptosis;Osteoclast differentiation;Toll-like receptor signaling pathway;NOD-like receptor signaling pathway;RIG-I-like receptor signaling pathway;Cytosolic DNA-sensing pathway;T cell receptor signaling pathway;B cell receptor signaling pathway;Neurotrophin signaling pathway;Insulin signaling pathway;Adipocytokine signaling pathway;Type II diabetes mellitus;Epithelial cell signaling in Helicobacter pylori infection;Shigellosis;Chagas disease (American trypanosomiasis);Toxoplasmosis;Hepatitis C;Pathways in cancer;Pancreatic cancer;Prostate cancer;Chronic myeloid leukemia;Acute myeloid leukemia;Small cell lung cancer
Q546Q8	Neuroactive ligand-receptor interaction
A0A0G2JDD1	Bile secretion
Q8CDC9	Glycosphingolipid biosynthesis - lacto and neolacto series;Glycosphingolipid biosynthesis - globo series
A0A0R4J1N3	PPAR signaling pathway
Q58E64	RNA transport
A2AEP2	Cell cycle;p53 signaling pathway;Progesterone-mediated oocyte maturation
Q569Z9	Cell cycle;Ubiquitin mediated proteolysis;Pathways in cancer;Small cell lung cancer
B9EKI5	ErbB signaling pathway;Ubiquitin mediated proteolysis;Endocytosis;Jak-STAT signaling pathway;T cell receptor signaling pathway;Insulin signaling pathway;Bacterial invasion of epithelial cells;Pathways in cancer;Chronic myeloid leukemia
Q9QXI6	Carbohydrate digestion and absorption;Bile secretion;Mineral absorption
Q9D104	Protein export
Q642L7	Ribosome
Q541P3	MAPK signaling pathway;Neurotrophin signaling pathway;Huntington's disease
Q9EQB7	Olfactory transduction
Q540D7	Glycolysis / Gluconeogenesis;Glycerolipid metabolism;Caprolactam degradation
Q149T1	Natural killer cell mediated cytotoxicity
Q3UEB4	Terpenoid backbone biosynthesis;Peroxisome
Q545Q8	Fructose and mannose metabolism;Amino sugar and nucleotide sugar metabolism
Q4ZGD9	Ribosome biogenesis in eukaryotes;RNA transport;mRNA surveillance pathway
Q7TR59	Olfactory transduction
Q7TRQ1	Olfactory transduction
Q9EQ96	Olfactory transduction
A2AII0	Cytokine-cytokine receptor interaction;TGF-beta signaling pathway
B2RTC8	Calcium signaling pathway;Parkinson's disease;Huntington's disease
Q5SWQ8	Peroxisome
Q5FW91	Phagosome;Gap junction;Pathogenic Escherichia coli infection
Q8VEZ7	Olfactory transduction
Q3U518	Protein processing in endoplasmic reticulum
Q8VGJ2	Olfactory transduction
Q60I30	Purine metabolism;Pyrimidine metabolism;Drug metabolism - other enzymes
Q3TN07	Endocytosis
Q5SVI6	Glycolysis / Gluconeogenesis;Galactose metabolism;Starch and sucrose metabolism;Amino sugar and nucleotide sugar metabolism;Streptomycin biosynthesis;Butirosin and neomycin biosynthesis;Insulin signaling pathway;Type II diabetes mellitus;Maturity onset diabetes of the young
B9EI85	Systemic lupus erythematosus
Q8K169	Pentose and glucuronate interconversions;Ascorbate and aldarate metabolism;Steroid hormone biosynthesis;Starch and sucrose metabolism;Other types of O-glycan biosynthesis;Retinol metabolism;Porphyrin and chlorophyll metabolism;Metabolism of xenobiotics by cytochrome P450;Drug metabolism - cytochrome P450;Drug metabolism - other enzymes
Q8VGP9	Olfactory transduction
Q8VGU8;A0A0N4SVE8	Olfactory transduction
Q561M1	Riboflavin metabolism
Q544B5	Neuroactive ligand-receptor interaction
Q564E2;G5E8N5	Glycolysis / Gluconeogenesis;Cysteine and methionine metabolism;Pyruvate metabolism;Propanoate metabolism
Q8VEX8	Olfactory transduction
Q52KG2	Axon guidance
B2RXC6	Purine metabolism;Pyrimidine metabolism;RNA polymerase;Cytosolic DNA-sensing pathway
E9Q7W1	Olfactory transduction
Q9JKY7	Drug metabolism - cytochrome P450
Q791P0	SNARE interactions in vesicular transport
Q9D881	Oxidative phosphorylation;Cardiac muscle contraction;Alzheimer's disease;Parkinson's disease;Huntington's disease
Q8VCU2	Glycosylphosphatidylinositol(GPI)-anchor biosynthesis
E9QK82	Cell adhesion molecules (CAMs)
Q3U3R3	Pathways in cancer;Acute myeloid leukemia
Q91YZ5	Peroxisome
Q3UNX7	Methane metabolism;Drug metabolism - cytochrome P450
Q7TS04	Olfactory transduction
G3X908	Pyrimidine metabolism
E9Q2B9	Olfactory transduction
Q8VG63	Olfactory transduction
Q8VET7	Olfactory transduction
Q8VGB3	Olfactory transduction
Q8BMG0	Glycosaminoglycan degradation;Lysosome
Q8VFG7;A0A0N4SV42	Olfactory transduction
Q673W4	Antigen processing and presentation;Natural killer cell mediated cytotoxicity
Q9EQW4	Steroid hormone biosynthesis;Linoleic acid metabolism;Aminobenzoate degradation;Retinol metabolism;Metabolism of xenobiotics by cytochrome P450;Drug metabolism - cytochrome P450;Drug metabolism - other enzymes
Q564P6	ErbB signaling pathway;Cell cycle;p53 signaling pathway;Hepatitis C;Pathways in cancer;Glioma;Prostate cancer;Melanoma;Bladder cancer;Chronic myeloid leukemia
E9Q8X3;A0A0U1RP52	Olfactory transduction
Q85ZW9	Endocytosis;Phagosome;Cell adhesion molecules (CAMs);Antigen processing and presentation;Natural killer cell mediated cytotoxicity;Type I diabetes mellitus;Autoimmune thyroid disease;Allograft rejection;Graft-versus-host disease;Viral myocarditis
Q3KPB0	Olfactory transduction
Q9EQ92	Olfactory transduction
Q8VFJ7	Olfactory transduction
Q8VG11	Olfactory transduction
Q7TS01	Olfactory transduction
A2RS68	Spliceosome
Q6P6P9	Gastric acid secretion
Q8VG33	Olfactory transduction
Q8VGA6	Olfactory transduction
Q8VGJ5	Olfactory transduction
Q53Z43	Cytokine-cytokine receptor interaction;TGF-beta signaling pathway
G5E899	p53 signaling pathway;Complement and coagulation cascades;Chagas disease (American trypanosomiasis)
Q3TRJ7	Endocytosis
B2RWB7	Fructose and mannose metabolism
Q5M9K9	Ribosome
Q3UHZ7	Amino sugar and nucleotide sugar metabolism
Q8VFF2	Olfactory transduction
Q8VGJ7	Olfactory transduction
Q3U4T8	DNA replication;Cell cycle;Cell cycle - yeast;Meiosis - yeast
Q6PE70	Phagosome;Focal adhesion;ECM-receptor interaction;Regulation of actin cytoskeleton;Hypertrophic cardiomyopathy (HCM);Arrhythmogenic right ventricular cardiomyopathy (ARVC);Dilated cardiomyopathy
L7N1Y5	Olfactory transduction
Q3UJ89	Glycolysis / Gluconeogenesis;Pyruvate metabolism;Propanoate metabolism;Methane metabolism;Carbon fixation pathways in prokaryotes
Q3TVI5	Focal adhesion;ECM-receptor interaction;Protein digestion and absorption;Amoebiasis
Q05AA1	Olfactory transduction
Q91X75	Caffeine metabolism;Retinol metabolism;Drug metabolism - cytochrome P450;Drug metabolism - other enzymes
Q3KN89	Protein digestion and absorption;Mineral absorption
Q4FZH2	Ribosome
Q8VFH7;D3YWR4	Olfactory transduction
L7MU53	Olfactory transduction
Q7TQW4	Olfactory transduction
Q8VFC5	Olfactory transduction
Q8VGC7	Olfactory transduction
Q8VGE3	Olfactory transduction
Q8VF79	Olfactory transduction
Q792S7	ABC transporters;Phagosome;Antigen processing and presentation;Primary immunodeficiency
Q544P9	Neuroactive ligand-receptor interaction
Q8VFQ1	Olfactory transduction
Q545K0	Oxidative phosphorylation;Alzheimer's disease;Parkinson's disease;Huntington's disease
Q7TR63	Olfactory transduction
Q3U4T1	Hematopoietic cell lineage;T cell receptor signaling pathway;Chagas disease (American trypanosomiasis);Measles;Primary immunodeficiency
Q561N4	Ubiquitin mediated proteolysis;Parkinson's disease
Q8VFB0;A0A1L1STI7	Olfactory transduction
B2RXW6	Glycosaminoglycan biosynthesis - heparan sulfate
Q3U889	Oxidative phosphorylation;Lysosome;Phagosome;Vibrio cholerae infection;Epithelial cell signaling in Helicobacter pylori infection;ko05152;Rheumatoid arthritis
Q544U0	Cytokine-cytokine receptor interaction;Neuroactive ligand-receptor interaction;Jak-STAT signaling pathway;Adipocytokine signaling pathway
Q7JCZ1	Oxidative phosphorylation;Cardiac muscle contraction;Alzheimer's disease;Parkinson's disease;Huntington's disease
Q544V1	Arrhythmogenic right ventricular cardiomyopathy (ARVC)
Q6P2B2	Hedgehog signaling pathway
Q58EU3	Ribosome
Q3ULR1	Cytokine-cytokine receptor interaction;Hedgehog signaling pathway;TGF-beta signaling pathway;Pathways in cancer;Basal cell carcinoma
A0A0R4J203	Glycine, serine and threonine metabolism;Penicillin and cephalosporin biosynthesis;Arginine and proline metabolism;D-Arginine and D-ornithine metabolism;Peroxisome
Q53WT3	Neuroactive ligand-receptor interaction
Q3TR66	Complement and coagulation cascades
Q9EQ08	Glycosaminoglycan degradation;Lysosome
E5D8G1	Mucin type O-Glycan biosynthesis
Q8VG89	Olfactory transduction
Q7TR08	Olfactory transduction
Q61719	Cytokine-cytokine receptor interaction;Regulation of autophagy;Toll-like receptor signaling pathway;RIG-I-like receptor signaling pathway;Cytosolic DNA-sensing pathway;Jak-STAT signaling pathway;Natural killer cell mediated cytotoxicity;ko05152;Hepatitis C;Measles;Autoimmune thyroid disease
Q8VFE6	Olfactory transduction
Q91WH2	Pentose and glucuronate interconversions;Ascorbate and aldarate metabolism;Steroid hormone biosynthesis;Starch and sucrose metabolism;Other types of O-glycan biosynthesis;Retinol metabolism;Porphyrin and chlorophyll metabolism;Metabolism of xenobiotics by cytochrome P450;Drug metabolism - cytochrome P450;Drug metabolism - other enzymes
B2RUR3	ABC transporters;Bile secretion
B9EII2	Taste transduction
Q8VFG1	Olfactory transduction
Q8VGJ9	Olfactory transduction
Q7TRN8	Olfactory transduction
A0A0R4J2A3	Pentose phosphate pathway;Carbon fixation in photosynthetic organisms;Biosynthesis of ansamycins
A2ATJ9	Olfactory transduction
Q545G0	Proteasome
Q7TR47	Olfactory transduction
Q8VFK4	Olfactory transduction
B5B2N5	Wnt signaling pathway;Axon guidance;VEGF signaling pathway;Natural killer cell mediated cytotoxicity;T cell receptor signaling pathway;B cell receptor signaling pathway
A2ARZ0	Olfactory transduction
Q14BW2	Cell adhesion molecules (CAMs);Tight junction;Leukocyte transendothelial migration;Hepatitis C
Q8VGH0	Olfactory transduction
G5E874	Focal adhesion;ECM-receptor interaction;Toxoplasmosis;Amoebiasis;Pathways in cancer;Small cell lung cancer
Q5M8M8;D3Z1N9	Ribosome
Q8VFR3	Olfactory transduction
Q8VF19	Olfactory transduction
Q0VBK3	Cytokine-cytokine receptor interaction
Q91X41	PPAR signaling pathway;Hepatitis C
Q9EQB8	Olfactory transduction
A2AHZ2	p53 signaling pathway;Ubiquitin mediated proteolysis;Wnt signaling pathway
A2RT28	Selenocompound metabolism;Aminoacyl-tRNA biosynthesis
Q8VFA6	Olfactory transduction
A0A7U3JW65	MAPK signaling pathway;Regulation of actin cytoskeleton;Pathways in cancer;Melanoma
E9PVA0	Olfactory transduction
Q14AC3	Neuroactive ligand-receptor interaction
A1L1B4	Olfactory transduction
Q545Q1	MAPK signaling pathway
Q5FW98	Oxidative phosphorylation;Cardiac muscle contraction;Alzheimer's disease;Parkinson's disease;Huntington's disease
A2CF85	Arachidonic acid metabolism
Q3US15	Steroid biosynthesis
Q8VGP6	Olfactory transduction
Q8C4F4	Alzheimer's disease
A6H6C9	Glycosphingolipid biosynthesis - lacto and neolacto series;Glycosphingolipid biosynthesis - globo series
Q3UDE9	Calcium signaling pathway;Chemokine signaling pathway;Natural killer cell mediated cytotoxicity;Leukocyte transendothelial migration;GnRH signaling pathway
Q543A9	Neuroactive ligand-receptor interaction
Q8VGM1	Olfactory transduction
Q14AJ9	Olfactory transduction
Q3U478	Galactose metabolism;N-Glycan biosynthesis;Various types of N-glycan biosynthesis;Other types of O-glycan biosynthesis;Glycosaminoglycan biosynthesis - keratan sulfate;Glycosphingolipid biosynthesis - lacto and neolacto series
Q3U3Q3	Ribosome biogenesis in eukaryotes
Q0VEL5	Olfactory transduction
Q5M9M5	Ribosome
Q3UAT9	Purine metabolism;Drug metabolism - other enzymes
Q8VH14	Olfactory transduction
Q5F1Z8	Lysosome
Q7TR76	Olfactory transduction
Q0VEI3	Cytokine-cytokine receptor interaction;Cell adhesion molecules (CAMs);T cell receptor signaling pathway;Intestinal immune network for IgA production;Malaria;Toxoplasmosis;Asthma;Autoimmune thyroid disease;Systemic lupus erythematosus;Allograft rejection;Primary immunodeficiency;Viral myocarditis
Q3ULN2	Basal transcription factors
Q8VFF4	Olfactory transduction
E9PV95	Olfactory transduction
Q790L8	MAPK signaling pathway;Regulation of actin cytoskeleton;Pathways in cancer;Melanoma
B2RX66	MAPK signaling pathway
A2AQK4	Histidine metabolism
Q8VGD7;A0A0N4SW38	Olfactory transduction
Q63953	Cytokine-cytokine receptor interaction;Osteoclast differentiation;Jak-STAT signaling pathway;Natural killer cell mediated cytotoxicity;Leishmaniasis;Chagas disease (American trypanosomiasis);Toxoplasmosis;ko05152;Measles
Q505A8	Ribosome
A0A023T778	RNA transport;mRNA surveillance pathway;Spliceosome
Q9EPF8	Olfactory transduction
Q8VG95	Olfactory transduction
Q8VEV8	Olfactory transduction
Q7M719	Taste transduction
B2RS76	Pancreatic secretion;Protein digestion and absorption
Q810G5;B1AYH8	Cytokine-cytokine receptor interaction;Regulation of autophagy;Toll-like receptor signaling pathway;RIG-I-like receptor signaling pathway;Cytosolic DNA-sensing pathway;Jak-STAT signaling pathway;Natural killer cell mediated cytotoxicity;ko05152;Hepatitis C;Measles;Autoimmune thyroid disease
Q542D1	Primary immunodeficiency
Q3URZ4	Maturity onset diabetes of the young
F8VQB1	Olfactory transduction
D3YYC3	Lysine degradation
Q0VBB8	Bile secretion
Q80Y52	Protein processing in endoplasmic reticulum;Antigen processing and presentation;NOD-like receptor signaling pathway;Plant-pathogen interaction;Progesterone-mediated oocyte maturation;Pathways in cancer;Prostate cancer
E9Q0Y7	Olfactory transduction
Q14AA6	Ribosome biogenesis in eukaryotes;RNA transport
Q6S9I0	Complement and coagulation cascades
Q543C2	Pyrimidine metabolism;Drug metabolism - other enzymes
Q3U9E2	Chemokine signaling pathway;Focal adhesion;Natural killer cell mediated cytotoxicity;T cell receptor signaling pathway;B cell receptor signaling pathway;Fc epsilon RI signaling pathway;Fc gamma R-mediated phagocytosis;Leukocyte transendothelial migration;Regulation of actin cytoskeleton
B9EKS7	Glycerophospholipid metabolism
Q8VBU5	Purine metabolism
G3X9J1	Calcium signaling pathway;Protein digestion and absorption
Q8VF17	Olfactory transduction
Q542D6	Sphingolipid metabolism
Q8VG87	Olfactory transduction
Q8VF80	Olfactory transduction
Q8VG26	Olfactory transduction
Q14AF6	Spliceosome
E9Q7E7	Olfactory transduction
Q0VEX8	Neuroactive ligand-receptor interaction
Q8VFW5	Olfactory transduction
Q7TRW7	Olfactory transduction
Q4KL82	DNA replication;Nucleotide excision repair;Mismatch repair
Q8VH17	Olfactory transduction
Q3UER1	Glycolysis / Gluconeogenesis;Pentose phosphate pathway;Fructose and mannose metabolism;Carbon fixation in photosynthetic organisms
Q059T5	N-Glycan biosynthesis
Q3UXE9	ErbB signaling pathway;Chemokine signaling pathway;Phosphatidylinositol signaling system;mTOR signaling pathway;Apoptosis;VEGF signaling pathway;Osteoclast differentiation;Focal adhesion;Toll-like receptor signaling pathway;Jak-STAT signaling pathway;Natural killer cell mediated cytotoxicity;T cell receptor signaling pathway;B cell receptor signaling pathway;Fc epsilon RI signaling pathway;Fc gamma R-mediated phagocytosis;Leukocyte transendothelial migration;Neurotrophin signaling pathway;Regulation of actin cytoskeleton;Insulin signaling pathway;Progesterone-mediated oocyte maturation;Type II diabetes mellitus;Aldosterone-regulated sodium reabsorption;Carbohydrate digestion and absorption;Bacterial invasion of epithelial cells;Chagas disease (American trypanosomiasis);Toxoplasmosis;Amoebiasis;Hepatitis C;Measles;Pathways in cancer;Colorectal cancer;Renal cell carcinoma;Pancreatic cancer;Endometrial cancer;Glioma;Prostate cancer;Melanoma;Chronic myeloid leukemia;Acute myeloid leukemia;Small cell lung cancer;Non-small cell lung cancer
Q7TRX6;A7DTG5	Olfactory transduction
Q8VEU4	Olfactory transduction
Q7TRI4	Olfactory transduction
Q3TG86	Steroid hormone biosynthesis
Q8VFT6	Olfactory transduction
Q544Q7	Cardiac muscle contraction;Aldosterone-regulated sodium reabsorption;Endocrine and other factor-regulated calcium reabsorption;Proximal tubule bicarbonate reclamation;Salivary secretion;Gastric acid secretion;Pancreatic secretion;Carbohydrate digestion and absorption;Protein digestion and absorption;Bile secretion;Mineral absorption
Q544C8	Cytokine-cytokine receptor interaction;Jak-STAT signaling pathway;Hematopoietic cell lineage
A0A7R8C347	Proteasome;Cytokine-cytokine receptor interaction;Regulation of autophagy;TGF-beta signaling pathway;Osteoclast differentiation;Antigen processing and presentation;Jak-STAT signaling pathway;Natural killer cell mediated cytotoxicity;T cell receptor signaling pathway;Type I diabetes mellitus;Leishmaniasis;Chagas disease (American trypanosomiasis);African trypanosomiasis;Malaria;Toxoplasmosis;Amoebiasis;ko05152;Measles;Systemic lupus erythematosus;Rheumatoid arthritis;Allograft rejection;Graft-versus-host disease
B2RVZ3	Phototransduction
B2MVU6	Ubiquitin mediated proteolysis;Primary immunodeficiency
Q544S4	Lysosome
Q9CZ48	Various types of N-glycan biosynthesis;Other types of O-glycan biosynthesis;Glycosaminoglycan biosynthesis - keratan sulfate;Glycosphingolipid biosynthesis - lacto and neolacto series
Q58E49	Cell cycle;Notch signaling pathway;Huntington's disease;Pathways in cancer;Chronic myeloid leukemia
A2A8W8	MAPK signaling pathway;Insulin signaling pathway
Q0VBU3	Neuroactive ligand-receptor interaction;Regulation of actin cytoskeleton
Q8VFI8;A0A1D5RM56	Olfactory transduction
Q9EQ99	Olfactory transduction
B2RS44	Cell cycle
Q7TRX3	Olfactory transduction
Q9EQA9	Olfactory transduction
Q8VFW9	Olfactory transduction
Q3TZF1	Cytokine-cytokine receptor interaction
Q8VGI7	Olfactory transduction
Q8VGN8	Olfactory transduction
Q5SW50	Olfactory transduction
Q8VET1	Olfactory transduction
Q3TJC2	Ether lipid metabolism
A2AT96	Olfactory transduction
B2RTA0	Neuroactive ligand-receptor interaction
Q3V081	Ubiquitin mediated proteolysis
Q80SY9	NOD-like receptor signaling pathway;Shigellosis;ko05152
Q8VG16	Olfactory transduction
Q7TRH2	Olfactory transduction
Q7TQQ3	Olfactory transduction
A0A0R4J0M6	Phagosome
Q9EQI5	Cytokine-cytokine receptor interaction;Chemokine signaling pathway
G3X905	Chemokine signaling pathway;Endocytosis;Phototransduction
Q542B0	RNA degradation
Q80XR8;Q6PGJ1	Endocytosis
Q792Z1	Neuroactive ligand-receptor interaction;Pancreatic secretion;Protein digestion and absorption
A2AHM8	Olfactory transduction
Q7TR64	Olfactory transduction
Q5SW49	Olfactory transduction
Q8VGT1	Olfactory transduction
Q8VGA1	Olfactory transduction
Q60I90	Calcium signaling pathway;Neuroactive ligand-receptor interaction
E9Q519	Olfactory transduction
Q8VFR4	Olfactory transduction
Q8VF02	Olfactory transduction
A2AFM3	Base excision repair
Q80UF1	Wnt signaling pathway;Adherens junction;Melanogenesis;Pathways in cancer;Colorectal cancer;Endometrial cancer;Prostate cancer;Thyroid cancer;Basal cell carcinoma;Acute myeloid leukemia;Arrhythmogenic right ventricular cardiomyopathy (ARVC)
Q569N0	Oxidative phosphorylation;Alzheimer's disease;Parkinson's disease;Huntington's disease
Q3UPF7	Osteoclast differentiation;Natural killer cell mediated cytotoxicity;B cell receptor signaling pathway;Fc epsilon RI signaling pathway;Fc gamma R-mediated phagocytosis;ko05152
Q8VFX7	Olfactory transduction
Q8C048	Calcium signaling pathway;Salivary secretion;Pancreatic secretion
Q542P9	PPAR signaling pathway;Adipocytokine signaling pathway;Hepatitis C
A2AT78	Olfactory transduction
Q544U1	Cytokine-cytokine receptor interaction
Q4FK29	ko05152
A9C491	Ubiquitin mediated proteolysis
Q53YK0	Neuroactive ligand-receptor interaction
Q8VG12	Olfactory transduction
Q543X5	RNA degradation
A5AA27	Hedgehog signaling pathway;Pathways in cancer;Basal cell carcinoma
Q3TSW4	Cell cycle;p53 signaling pathway;Wnt signaling pathway;Focal adhesion;Jak-STAT signaling pathway;Measles
Q7TNL7	MAPK signaling pathway
Q3ZB20	MAPK signaling pathway;Cardiac muscle contraction;Hypertrophic cardiomyopathy (HCM);Arrhythmogenic right ventricular cardiomyopathy (ARVC);Dilated cardiomyopathy
Q7JCZ3	Oxidative phosphorylation;Cardiac muscle contraction;Alzheimer's disease;Parkinson's disease;Huntington's disease
Q8VG18	Olfactory transduction
Q8VFT2	Olfactory transduction
Q68FG1	Mismatch repair
Q3UV69	Cytokine-cytokine receptor interaction
Q3UUZ9	Nitrogen metabolism
Q7TRA6	Olfactory transduction
Q8K1M3	Apoptosis;Insulin signaling pathway
Q5M9P1	Ribosome
Q3UCF2	Spliceosome
Q7TR24	Olfactory transduction
B2RTF7	Fc epsilon RI signaling pathway;Asthma
Q8VGS2	Olfactory transduction
Q920Z0	Olfactory transduction
E9Q518	Olfactory transduction
Q60GT3	Mucin type O-Glycan biosynthesis
Q810G2	Cytokine-cytokine receptor interaction;Regulation of autophagy;Toll-like receptor signaling pathway;RIG-I-like receptor signaling pathway;Cytosolic DNA-sensing pathway;Jak-STAT signaling pathway;Natural killer cell mediated cytotoxicity;ko05152;Hepatitis C;Measles;Autoimmune thyroid disease
Q3THW4	Hematopoietic cell lineage
Q549D0	Lysosome
Q62029	RNA transport;mRNA surveillance pathway;RNA degradation
Q4FK69	MAPK signaling pathway;Cytokine-cytokine receptor interaction;Hematopoietic cell lineage;Amoebiasis
A2AAU2	MAPK signaling pathway;Cardiac muscle contraction;Hypertrophic cardiomyopathy (HCM);Arrhythmogenic right ventricular cardiomyopathy (ARVC);Dilated cardiomyopathy
Q9QZ20	Olfactory transduction
E9PZ66	Olfactory transduction
Q14AB1	Olfactory transduction
Q8VGL9	Olfactory transduction
Q544E9	MAPK signaling pathway;Cytokine-cytokine receptor interaction;Apoptosis;Natural killer cell mediated cytotoxicity;Neurotrophin signaling pathway;Type I diabetes mellitus;Chagas disease (American trypanosomiasis);African trypanosomiasis;Measles;Pathways in cancer;Autoimmune thyroid disease;Allograft rejection;Graft-versus-host disease
Q3SXS6	Cytokine-cytokine receptor interaction;Intestinal immune network for IgA production;Primary immunodeficiency
Q3UCH0	Ribosome
Q3UP99	MAPK signaling pathway - fly;Dorso-ventral axis formation
Q0VEC4	Neuroactive ligand-receptor interaction
Q8VFQ3	Olfactory transduction
Q3U4A8	Hematopoietic cell lineage
E9Q5P8	Olfactory transduction
Q059I1	Ribosome
Q810G6;D3YU14	Cytokine-cytokine receptor interaction;Regulation of autophagy;Toll-like receptor signaling pathway;RIG-I-like receptor signaling pathway;Cytosolic DNA-sensing pathway;Jak-STAT signaling pathway;Natural killer cell mediated cytotoxicity;ko05152;Hepatitis C;Measles;Autoimmune thyroid disease
Q7TQS4	Olfactory transduction
Q7TQU5;Q5SZZ5	Olfactory transduction
Q9R0K2	Olfactory transduction
Q3UMA3;B1ATZ1	Endocytosis;Phagosome
Q8VF69	Olfactory transduction
A0A0A0MQ68	Fatty acid metabolism;Lysine degradation;Benzoate degradation;Tryptophan metabolism
B2RVD5	Systemic lupus erythematosus
Q3U5F6	Cell adhesion molecules (CAMs);African trypanosomiasis;Malaria
Q3UFS3	Tyrosine metabolism;Melanogenesis
Q3V1K5	Neuroactive ligand-receptor interaction
Q5SX13	Hepatitis C
Q4FK45	Cell cycle;p53 signaling pathway;Wnt signaling pathway;Focal adhesion;Jak-STAT signaling pathway;Measles
Q32MS1	Calcium signaling pathway;Neuroactive ligand-receptor interaction
A2RSW6	Glycine, serine and threonine metabolism;One carbon pool by folate;Nitrogen metabolism
B7ZMR4	Neuroactive ligand-receptor interaction
Q14A64	Tryptophan metabolism
Q8VF48	Olfactory transduction
Q9EQ86	Olfactory transduction
Q545T0	Lysosome;Osteoclast differentiation;Toll-like receptor signaling pathway;Rheumatoid arthritis
Q569X3	Spliceosome
Q544T5	One carbon pool by folate;Folate biosynthesis
Q0VBA4	Ribosome
Q8VF33	Olfactory transduction
Q7TQY2;A0A0N4SUW6	Olfactory transduction
Q8VFY3	Olfactory transduction
Q05A24	Neuroactive ligand-receptor interaction
Q8VG65	Olfactory transduction
E9Q4J3	Olfactory transduction
B5THE2	Galactose metabolism;Starch and sucrose metabolism;Carbohydrate digestion and absorption
Q3UNH6	Melanogenesis;Vasopressin-regulated water reabsorption;Huntington's disease;Prostate cancer
Q8VGR3	Olfactory transduction
Q5F2A7	RNA transport
B2RUC7	RNA transport
Q7TR71	Olfactory transduction
Q80ZL6	MAPK signaling pathway;Regulation of actin cytoskeleton;Pathways in cancer;Melanoma
Q8VFA1	Olfactory transduction
Q3UM35	Cell adhesion molecules (CAMs);Tight junction;Leukocyte transendothelial migration;Hepatitis C
Q3UV88	Phagosome;Toll-like receptor signaling pathway;Chagas disease (American trypanosomiasis);ko05152
Q8VFU1	Olfactory transduction
Q8VF29	Olfactory transduction
Q6PGF5	Ribosome biogenesis in eukaryotes
Q8VF49;A0A140LIF4	Olfactory transduction
Q8VHQ1	Amoebiasis
Q542T3	Toll-like receptor signaling pathway;RIG-I-like receptor signaling pathway;Cytosolic DNA-sensing pathway;Hepatitis C;Measles
Q5DX24	PPAR signaling pathway
Q3V1F2	ECM-receptor interaction;Cell adhesion molecules (CAMs);Malaria
Q3TSV7	Cell adhesion molecules (CAMs);Antigen processing and presentation;Hematopoietic cell lineage;T cell receptor signaling pathway;Primary immunodeficiency
Q8VF16	Olfactory transduction
Q3TZS3	Focal adhesion;ECM-receptor interaction;Regulation of actin cytoskeleton;Hypertrophic cardiomyopathy (HCM);Arrhythmogenic right ventricular cardiomyopathy (ARVC);Dilated cardiomyopathy
Q5EBK7	Ribosome
Q3UG25	MAPK signaling pathway;Osteoclast differentiation;Pathways in cancer
Q7TQX0	Olfactory transduction
Q3TJN1	Valine, leucine and isoleucine degradation;Valine, leucine and isoleucine biosynthesis;Pantothenate and CoA biosynthesis
E9Q1L6	Olfactory transduction
Q8VFI2	Olfactory transduction
Q3UPK6	Proteasome
Q58E38	Sphingolipid metabolism;Calcium signaling pathway;VEGF signaling pathway;Fc gamma R-mediated phagocytosis;ko05152
Q8BN51	Pyrimidine metabolism;Drug metabolism - other enzymes
Q8VGM6	Olfactory transduction
Q3ULL6	RNA transport;mRNA surveillance pathway
G5E8X2	RNA transport;mRNA surveillance pathway;RNA degradation
Q6ZWX1	Ribosome
Q3U9G8	Atrazine degradation
Q0VB14	Apoptosis;Neurotrophin signaling pathway
Q544D4	Hypertrophic cardiomyopathy (HCM);Arrhythmogenic right ventricular cardiomyopathy (ARVC);Dilated cardiomyopathy;Viral myocarditis
K7N5X7	Olfactory transduction
A2RTI3	Lysosome;Antigen processing and presentation
Q3U5I5	MAPK signaling pathway;ErbB signaling pathway;MAPK signaling pathway - fly;Chemokine signaling pathway;Dorso-ventral axis formation;Osteoclast differentiation;Focal adhesion;Gap junction;Jak-STAT signaling pathway;Natural killer cell mediated cytotoxicity;T cell receptor signaling pathway;B cell receptor signaling pathway;Fc epsilon RI signaling pathway;Neurotrophin signaling pathway;Insulin signaling pathway;GnRH signaling pathway;Hepatitis C;Pathways in cancer;Renal cell carcinoma;Endometrial cancer;Glioma;Prostate cancer;Chronic myeloid leukemia;Acute myeloid leukemia;Non-small cell lung cancer
Q3V307	Glycosylphosphatidylinositol(GPI)-anchor biosynthesis
Q542U5	Lysosome
Q3TPC7	Peroxisome
Q3TLR3	Ubiquitin mediated proteolysis
Q8VFW8	Olfactory transduction
A2RSS2	Other types of O-glycan biosynthesis
Q54AC6	Oxidative phosphorylation
Q548Z6	Glycolysis / Gluconeogenesis;Cysteine and methionine metabolism;Pyruvate metabolism;Propanoate metabolism
Q3TNJ3	Vascular smooth muscle contraction
Q8BML3	N-Glycan biosynthesis;Various types of N-glycan biosynthesis
Q8VGB8	Olfactory transduction
A2AVY0	Olfactory transduction
Q7TRA2	Olfactory transduction
Q545V3	Glycolysis / Gluconeogenesis;Methane metabolism;RNA degradation
Q91XH5	Folate biosynthesis
Q8C3J2;Q6PHP9	Glycosphingolipid biosynthesis - ganglio series
Q8K154	Pentose and glucuronate interconversions;Ascorbate and aldarate metabolism;Steroid hormone biosynthesis;Starch and sucrose metabolism;Other types of O-glycan biosynthesis;Retinol metabolism;Porphyrin and chlorophyll metabolism;Metabolism of xenobiotics by cytochrome P450;Drug metabolism - cytochrome P450;Drug metabolism - other enzymes
Q9WU94	Olfactory transduction
Q8VGT2	Olfactory transduction
A0A385KNU8	Neuroactive ligand-receptor interaction
Q545E4	ErbB signaling pathway;Pathways in cancer;Renal cell carcinoma;Pancreatic cancer;Glioma;Prostate cancer;Non-small cell lung cancer
Q9ER05	Pancreatic secretion;Protein digestion and absorption
Q3UFJ9	Neuroactive ligand-receptor interaction
Q3TGH8	Endocytosis;Jak-STAT signaling pathway
B9EJX8	Spliceosome
Q52L78	Protein processing in endoplasmic reticulum
A2A4Z0	Ubiquitin mediated proteolysis
Q9QWU6;A0A1B0GSD4	Olfactory transduction
Q9QXN7	Antigen processing and presentation;Natural killer cell mediated cytotoxicity
Q5BLJ9	Ribosome
Q542S2	Cytokine-cytokine receptor interaction;Type I diabetes mellitus
Q921G9	Tight junction
Q7TRY2	Olfactory transduction
Q059Y4	Wnt signaling pathway;Hedgehog signaling pathway;Melanogenesis;Pathways in cancer;Basal cell carcinoma
Q9EQB2;E9PYB6;E9PYB7	Olfactory transduction
Q6GTR6	Cell adhesion molecules (CAMs);T cell receptor signaling pathway;Autoimmune thyroid disease;Rheumatoid arthritis
Q5BLJ7	Ribosome
Q8VGB1	Olfactory transduction
Q8VF40	Olfactory transduction
Q8VGA0;B1AWZ7	Olfactory transduction
A2ATG2	Olfactory transduction
Q7TRI9;G3UXX8	Olfactory transduction
Q52L79	MAPK signaling pathway;ErbB signaling pathway;Wnt signaling pathway;Osteoclast differentiation;Focal adhesion;Toll-like receptor signaling pathway;T cell receptor signaling pathway;B cell receptor signaling pathway;Neurotrophin signaling pathway;GnRH signaling pathway;Epithelial cell signaling in Helicobacter pylori infection;Leishmaniasis;Chagas disease (American trypanosomiasis);Pathways in cancer;Colorectal cancer;Renal cell carcinoma;Rheumatoid arthritis
Q3SXF8	Neuroactive ligand-receptor interaction
Q9D8C9	Purine metabolism;Pyrimidine metabolism;Nicotinate and nicotinamide metabolism
Q3UD06	Oxidative phosphorylation;Alzheimer's disease;Parkinson's disease;Huntington's disease
Q63ZW6	Focal adhesion;ECM-receptor interaction;Protein digestion and absorption;Amoebiasis;Pathways in cancer;Small cell lung cancer
A2AE33	Phototransduction
Q8VEU8	Olfactory transduction
Q3U8S0	Lysosome
Q7TRG2	Olfactory transduction
Q543F8	Cell cycle;Cell cycle - yeast;Meiosis - yeast
Q8VFP4	Olfactory transduction
Q545E8	Purine metabolism;Pyrimidine metabolism
Q3UTK5	Axon guidance
Q5BLK2	Ribosome
Q544R6	Lysosome;Renin-angiotensin system
Q790P4	Steroid hormone biosynthesis
Q540Q5	MAPK signaling pathway - fly;Dorso-ventral axis formation
Q3UW87	Steroid hormone biosynthesis;Linoleic acid metabolism;Aminobenzoate degradation;Retinol metabolism;Metabolism of xenobiotics by cytochrome P450;Drug metabolism - cytochrome P450;Drug metabolism - other enzymes
Q3UU43	Glycosaminoglycan biosynthesis - chondroitin sulfate
Q3TNC5	Arachidonic acid metabolism;Linoleic acid metabolism
Q9EQ98	Olfactory transduction
Q3TN85	Nucleotide excision repair;Protein processing in endoplasmic reticulum
B7ZNX6	NOD-like receptor signaling pathway
Q7TRB8	Olfactory transduction
Q544F3	Cell adhesion molecules (CAMs);T cell receptor signaling pathway
A2AU35	Proteasome
Q7TQQ7	Olfactory transduction
Q6W3E0	Calcium signaling pathway;Phosphatidylinositol signaling system;Oocyte meiosis;Vascular smooth muscle contraction;Plant-pathogen interaction;Long-term potentiation;Neurotrophin signaling pathway;Olfactory transduction;Phototransduction;Phototransduction - fly;Insulin signaling pathway;GnRH signaling pathway;Melanogenesis;Salivary secretion;Gastric acid secretion;Alzheimer's disease;ko05152;Glioma
Q3U7Z6	Glycolysis / Gluconeogenesis;Methane metabolism
Q5EBJ0	PPAR signaling pathway
Q8VFC1;E9Q9I8	Olfactory transduction
Q9DBL0	Calcium signaling pathway;Neuroactive ligand-receptor interaction;Vascular smooth muscle contraction;Salivary secretion
Q2PMY2	Cytokine-cytokine receptor interaction;NOD-like receptor signaling pathway;Cytosolic DNA-sensing pathway;African trypanosomiasis;Malaria;ko05152;Rheumatoid arthritis
Q3UN10	Protein processing in endoplasmic reticulum
B0V2Q7	Glycerolipid metabolism;Glycerophospholipid metabolism
Q8VG91	Olfactory transduction
F8VQ01	Olfactory transduction
Q7TQT5	Olfactory transduction
Q7TRP7	Olfactory transduction
E9Q6C2	Complement and coagulation cascades;Staphylococcus aureus infection;Systemic lupus erythematosus
Q7TR53	Olfactory transduction
B2RQ57	ErbB signaling pathway;Viral myocarditis
Q7TR04	Olfactory transduction
Q9R0S0	MAPK signaling pathway;Cell cycle;p53 signaling pathway
Q3UEE8	Glyoxylate and dicarboxylate metabolism;Peroxisome
Q7TS91	Fructose and mannose metabolism
Q148S9	Histidine metabolism;Tyrosine metabolism;Polycyclic aromatic hydrocarbon degradation
Q7TQT7	Olfactory transduction
Q6NXL5	Endocytosis
Q9EQB6	Olfactory transduction
Q3UKR1	TGF-beta signaling pathway
L7MU54	Olfactory transduction
A0A140T8K0	Olfactory transduction
Q5SU94	Cytokine-cytokine receptor interaction;Focal adhesion
Q8VGX6	Olfactory transduction
Q8VFN0	Olfactory transduction
Q8VCA4	Arachidonic acid metabolism
E9PUN7	Olfactory transduction
Q8VGW6	Olfactory transduction
A2AD37	Neuroactive ligand-receptor interaction
Q542F3	Vitamin digestion and absorption
Q7TRY0;A0A1B0GRP2	Olfactory transduction
Q9EPF7	Olfactory transduction
Q543W0	Osteoclast differentiation;Antigen processing and presentation;Melanogenesis;Vasopressin-regulated water reabsorption;Huntington's disease;ko05152;Prostate cancer
Q8VGT3;B0QZP1	Olfactory transduction
A2RSC2	Pyruvate metabolism
Q8BQ46	Basal transcription factors
Q543Z0	Neuroactive ligand-receptor interaction
Q3U3R1	Cytokine-cytokine receptor interaction
Q549Q4	Cell adhesion molecules (CAMs);Hematopoietic cell lineage
Q8VFU5	Olfactory transduction
Q542A3	Amoebiasis
Q0VG15	MAPK signaling pathway;Regulation of actin cytoskeleton;Pathways in cancer;Melanoma
Q8VGU2	Olfactory transduction
Q9EP98	MAPK signaling pathway;ErbB signaling pathway;MAPK signaling pathway - fly;Calcium signaling pathway;Cytokine-cytokine receptor interaction;Endocytosis;Dorso-ventral axis formation;Focal adhesion;Adherens junction;Gap junction;Regulation of actin cytoskeleton;GnRH signaling pathway;Epithelial cell signaling in Helicobacter pylori infection;Hepatitis C;Pathways in cancer;Pancreatic cancer;Endometrial cancer;Glioma;Prostate cancer;Melanoma;Bladder cancer;Non-small cell lung cancer
Q549G3	Cytokine-cytokine receptor interaction;Toll-like receptor signaling pathway;RIG-I-like receptor signaling pathway;Jak-STAT signaling pathway;Type I diabetes mellitus;Leishmaniasis;Chagas disease (American trypanosomiasis);African trypanosomiasis;Malaria;Toxoplasmosis;Amoebiasis;ko05152;Measles;Allograft rejection
A0A0R4J174	MAPK signaling pathway
M9MMK5	Olfactory transduction
Q3TEK6	B cell receptor signaling pathway
Q8VC81	Glycerophospholipid metabolism;Ether lipid metabolism;Arachidonic acid metabolism;Linoleic acid metabolism;alpha-Linolenic acid metabolism;MAPK signaling pathway;Vascular smooth muscle contraction;VEGF signaling pathway;Fc epsilon RI signaling pathway;Long-term depression;GnRH signaling pathway;Pancreatic secretion;Fat digestion and absorption;Toxoplasmosis
Q542U1	Neuroactive ligand-receptor interaction
Q8VF87	Olfactory transduction
A2RS33	Olfactory transduction
Q7TRR4	Olfactory transduction
Q8VGL0	Olfactory transduction
Q6ZWX2	Regulation of actin cytoskeleton
Q542F4	DNA replication;Cell cycle;Cell cycle - yeast;Meiosis - yeast
Q3TE88	Basal transcription factors
Q5D073	Peroxisome
Q9EQA4	Olfactory transduction
Q8VEV1	Olfactory transduction
A2RSS6	Other glycan degradation;Lysosome
Q8VGP4	Olfactory transduction
Q7TQY0	Olfactory transduction
Q4FK54	Proteasome;Antigen processing and presentation;Hepatitis C
B2RS30	NOD-like receptor signaling pathway
B2RRV3	Cytokine-cytokine receptor interaction;Intestinal immune network for IgA production
Q8VFN6	Olfactory transduction
Q5NCJ9	Oxidative phosphorylation;Cardiac muscle contraction;Alzheimer's disease;Parkinson's disease;Huntington's disease
Q8VG58	Olfactory transduction
Q5FW64	ErbB signaling pathway;GnRH signaling pathway;Epithelial cell signaling in Helicobacter pylori infection
Q3UJF5	Homologous recombination
Q8VF34	Olfactory transduction
Q6P6L6	RNA transport
Q8CDM9	Focal adhesion
Q7TR14;A2AV15	Olfactory transduction
Q8VFD7	Olfactory transduction
B2RTM0	Systemic lupus erythematosus
A2ACY8	Olfactory transduction
Q8VES9	Olfactory transduction
Q9CYB4	Cell cycle;Pathways in cancer;Pancreatic cancer;Glioma;Prostate cancer;Melanoma;Bladder cancer;Chronic myeloid leukemia;Small cell lung cancer;Non-small cell lung cancer
Q7TRC9	Olfactory transduction
Q08EC9	Mucin type O-Glycan biosynthesis
Q7TRV9	Olfactory transduction
Q8VGV8	Olfactory transduction
Q504M6	Leukocyte transendothelial migration
E9Q0Y4	Leukocyte transendothelial migration
Q8VG66	Olfactory transduction
Q3UPN1	Cell adhesion molecules (CAMs);Leukocyte transendothelial migration;African trypanosomiasis;Malaria
Q0VBK4	Neuroactive ligand-receptor interaction
Q8VGM2;F7CKX1	Olfactory transduction
Q3UA94	mRNA surveillance pathway
Q3UZS0	Neuroactive ligand-receptor interaction
A0A0R4J187	Non-homologous end-joining
Q7TR72	Olfactory transduction
Q8VFV8	Olfactory transduction
A1A4T4	ErbB signaling pathway;Chemokine signaling pathway;Phosphatidylinositol signaling system;mTOR signaling pathway;Apoptosis;VEGF signaling pathway;Osteoclast differentiation;Focal adhesion;Toll-like receptor signaling pathway;Jak-STAT signaling pathway;Natural killer cell mediated cytotoxicity;T cell receptor signaling pathway;B cell receptor signaling pathway;Fc epsilon RI signaling pathway;Fc gamma R-mediated phagocytosis;Leukocyte transendothelial migration;Neurotrophin signaling pathway;Regulation of actin cytoskeleton;Insulin signaling pathway;Progesterone-mediated oocyte maturation;Type II diabetes mellitus;Aldosterone-regulated sodium reabsorption;Carbohydrate digestion and absorption;Bacterial invasion of epithelial cells;Chagas disease (American trypanosomiasis);Toxoplasmosis;Amoebiasis;Hepatitis C;Measles;Pathways in cancer;Colorectal cancer;Renal cell carcinoma;Pancreatic cancer;Endometrial cancer;Glioma;Prostate cancer;Melanoma;Chronic myeloid leukemia;Acute myeloid leukemia;Small cell lung cancer;Non-small cell lung cancer
A2ATA0	Olfactory transduction
Q8VGL4;A0A1B0GRK3	Olfactory transduction
Q548G3	Maturity onset diabetes of the young
Q8VFB1	Olfactory transduction
Q9CQG8	Parkinson's disease
O35901	RNA degradation;Spliceosome
A6H6M1	Hematopoietic cell lineage;T cell receptor signaling pathway;Chagas disease (American trypanosomiasis);Measles;Primary immunodeficiency
Q4FJM0	Natural killer cell mediated cytotoxicity;Malaria
Q7TR74	Olfactory transduction
Q6GTL7	Fructose and mannose metabolism
B2RPS1	Endocytosis;Phagosome;Vasopressin-regulated water reabsorption;Amoebiasis;ko05152
Q544Z6	p53 signaling pathway;Protein processing in endoplasmic reticulum;Apoptosis;Neurotrophin signaling pathway;Amyotrophic lateral sclerosis (ALS);Huntington's disease;Prion diseases;ko05152;Pathways in cancer;Colorectal cancer
Q7TR95	Olfactory transduction
Q3THG5	Basal transcription factors;Nucleotide excision repair;Cell cycle
A2AVA9	Olfactory transduction
Q3SXH8	Olfactory transduction
A2AVL6	Olfactory transduction
Q80ZH7	Base excision repair
Q543S8	Cytokine-cytokine receptor interaction;Chemokine signaling pathway
Q3UW98	Olfactory transduction;Pancreatic secretion
B2RX77	Purine metabolism;Pyrimidine metabolism;RNA polymerase;Cytosolic DNA-sensing pathway
Q7TRE4	Olfactory transduction
A2ATE0	Olfactory transduction
E9Q8M2	Olfactory transduction
Q52JJ6	Renin-angiotensin system
Q14AL5	Neuroactive ligand-receptor interaction
Q8VFV0	Olfactory transduction
Q58EW0	Ribosome
Q91XK0	Tyrosine metabolism;Riboflavin metabolism;Isoquinoline alkaloid biosynthesis;Betalain biosynthesis;Melanogenesis
Q3TWF3	Alzheimer's disease
Q4FJP7	MAPK signaling pathway;Phagosome;Toll-like receptor signaling pathway;Hematopoietic cell lineage;Regulation of actin cytoskeleton;Pathogenic Escherichia coli infection;Amoebiasis;ko05152
Q9CPS5;Q8BMV2	Proteasome
Q497I3	PPAR signaling pathway
Q3U7I0	Mucin type O-Glycan biosynthesis
Q3TJ39	Endocytosis;Phagosome;Vasopressin-regulated water reabsorption;Amoebiasis;ko05152
Q5F227	Protein digestion and absorption
Q6PI63	Purine metabolism;Pyrimidine metabolism;RNA polymerase;Huntington's disease
Q8VGZ6	Olfactory transduction
Q7TR79	Olfactory transduction
Q8VFQ2	Olfactory transduction
A3KML3	Cell cycle;Oocyte meiosis;Neurotrophin signaling pathway
Q7TQU8	Olfactory transduction
Q7TR81	Olfactory transduction
Q9QZ18	Olfactory transduction
Q540C2	Cytokine-cytokine receptor interaction;Regulation of autophagy;Toll-like receptor signaling pathway;RIG-I-like receptor signaling pathway;Cytosolic DNA-sensing pathway;Jak-STAT signaling pathway;Natural killer cell mediated cytotoxicity;ko05152;Hepatitis C;Measles;Autoimmune thyroid disease
Q6NXJ9	Neuroactive ligand-receptor interaction
A2A649	Wnt signaling pathway;Hedgehog signaling pathway;Melanogenesis;Pathways in cancer;Basal cell carcinoma
Q149M3	Olfactory transduction
Q8VGJ0	Olfactory transduction
Q8VFX3	Olfactory transduction
Q99NH4	Olfactory transduction
Q3KPC7;A0A1L1STT8	Olfactory transduction
Q7TRX8	Olfactory transduction
Q8VGH1	Olfactory transduction
Q3TNB8	Regulation of actin cytoskeleton
A0A0R4J182	Lysosome
Q7TRU3	Olfactory transduction
E9PV79;E9PY57;E9Q2R0	Olfactory transduction
Q5D1J0	Glycosaminoglycan degradation
Q5XZF2	Cytokine-cytokine receptor interaction;Chemokine signaling pathway;Toll-like receptor signaling pathway;NOD-like receptor signaling pathway;Cytosolic DNA-sensing pathway;Prion diseases;Epithelial cell signaling in Helicobacter pylori infection;Chagas disease (American trypanosomiasis);Rheumatoid arthritis
Q7TS39	Olfactory transduction
Q05AD1	Neuroactive ligand-receptor interaction
Q5QNV9	Cytokine-cytokine receptor interaction;Chemokine signaling pathway;Cytosolic DNA-sensing pathway
Q792Y6	Neuroactive ligand-receptor interaction;Pancreatic secretion;Protein digestion and absorption
Q3U6X6	Glycolysis / Gluconeogenesis;Pentose phosphate pathway;Galactose metabolism;Purine metabolism;Starch and sucrose metabolism;Amino sugar and nucleotide sugar metabolism;Streptomycin biosynthesis
Q5FW94	Purine metabolism;Pyrimidine metabolism;DNA replication
Q53ZW9	Bile secretion
A2VCK4	Taste transduction
Q7TRW4	Olfactory transduction
B9EK13	Purine metabolism
Q3UEK4	Pyrimidine metabolism;beta-Alanine metabolism;Pantothenate and CoA biosynthesis;Drug metabolism - other enzymes
A0A7U3JW52	MAPK signaling pathway;Regulation of actin cytoskeleton;Pathways in cancer;Melanoma
Q3U5R2	Glycosylphosphatidylinositol(GPI)-anchor biosynthesis
Q8VGD4	Olfactory transduction
Q8VEY7	Olfactory transduction
A0A7U3L4H7	MAPK signaling pathway;Regulation of actin cytoskeleton;Pathways in cancer;Melanoma
Q8VG29	Olfactory transduction
Q149U7	Cytokine-cytokine receptor interaction;Chemokine signaling pathway
B2RXY7	Arachidonic acid metabolism
Q3TT90	Endocytosis
Q4FJQ6	Amoebiasis
Q56A15	p53 signaling pathway;Apoptosis;Alzheimer's disease;Parkinson's disease;Amyotrophic lateral sclerosis (ALS);Huntington's disease;Toxoplasmosis;ko05152;Pathways in cancer;Colorectal cancer;Small cell lung cancer;Viral myocarditis
Q549F9	RNA transport
Q8VG81	Olfactory transduction
Q496T0	Neuroactive ligand-receptor interaction
Q3U5K0	Glycerolipid metabolism
Q547B2	Cell adhesion molecules (CAMs);Tight junction;Leukocyte transendothelial migration;Hepatitis C
Q546L3	Caffeine metabolism;Nitrotoluene degradation;Drug metabolism - other enzymes
Q3TQQ1	Basal transcription factors
Q5M9J9	Pentose and glucuronate interconversions;Fructose and mannose metabolism;Galactose metabolism;Glycerolipid metabolism;Pyruvate metabolism
Q3U1J5	Cytokine-cytokine receptor interaction;Chemokine signaling pathway
Q7TMD4	Lysosome
Q3THA3	Terpenoid backbone biosynthesis;Peroxisome
Q542S6	Toll-like receptor signaling pathway;ko05152
Q8VG14	Olfactory transduction
Q3U671	RNA degradation
A0A0B6VSQ6	Endocrine and other factor-regulated calcium reabsorption
Q544B1	Glycolysis / Gluconeogenesis;Pentose and glucuronate interconversions;Ascorbate and aldarate metabolism;Fatty acid metabolism;Valine, leucine and isoleucine degradation;Lysine degradation;Arginine and proline metabolism;Histidine metabolism;Tryptophan metabolism;beta-Alanine metabolism;Glycerolipid metabolism;Pyruvate metabolism;Chloroalkane and chloroalkene degradation;Propanoate metabolism;Limonene and pinene degradation
S4R1K3	Cytokine-cytokine receptor interaction;Chemokine signaling pathway
Q8WLM9	Endocytosis;Phagosome;Cell adhesion molecules (CAMs);Antigen processing and presentation;Natural killer cell mediated cytotoxicity;Type I diabetes mellitus;Autoimmune thyroid disease;Allograft rejection;Graft-versus-host disease;Viral myocarditis
Q3UNG6	Endocrine and other factor-regulated calcium reabsorption
B9EIA2	RIG-I-like receptor signaling pathway
Q542T1	Cytokine-cytokine receptor interaction;Chemokine signaling pathway
B2RTE3	Spliceosome
Q496X5	Neuroactive ligand-receptor interaction
Q3UJ07	Protein processing in endoplasmic reticulum
A6H622	Ribosome biogenesis in eukaryotes;RNA transport
Q3UNF5	Glycolysis / Gluconeogenesis;Histidine metabolism;Tyrosine metabolism;Phenylalanine metabolism;beta-Alanine metabolism;Metabolism of xenobiotics by cytochrome P450;Drug metabolism - cytochrome P450
Q6P9L5	RNA transport
Q0VBT1	Wnt signaling pathway;Hedgehog signaling pathway;Melanogenesis;Pathways in cancer;Basal cell carcinoma
B2RST7	Phagosome;Cell adhesion molecules (CAMs);Antigen processing and presentation;Intestinal immune network for IgA production;Type I diabetes mellitus;Leishmaniasis;Toxoplasmosis;Staphylococcus aureus infection;ko05152;Asthma;Autoimmune thyroid disease;Systemic lupus erythematosus;Rheumatoid arthritis;Allograft rejection;Graft-versus-host disease;Viral myocarditis
Q6ITT2	Cardiac muscle contraction;Aldosterone-regulated sodium reabsorption;Endocrine and other factor-regulated calcium reabsorption;Proximal tubule bicarbonate reclamation;Salivary secretion;Pancreatic secretion;Carbohydrate digestion and absorption;Protein digestion and absorption;Bile secretion;Mineral absorption
A0A7U3L698	MAPK signaling pathway;Regulation of actin cytoskeleton;Pathways in cancer;Melanoma
Q8VG31	Olfactory transduction
Q540N3	Endocrine and other factor-regulated calcium reabsorption
A8DUK0	African trypanosomiasis;Malaria
Q921Y1	Spliceosome
Q32MW4	Purine metabolism
Q0KK35	Glycerolipid metabolism;Glycerophospholipid metabolism
Q80XI9	Hedgehog signaling pathway
Q5FWB7	Glycolysis / Gluconeogenesis;Pentose phosphate pathway;Fructose and mannose metabolism;Carbon fixation in photosynthetic organisms
Q4FZH3	RNA transport;mRNA surveillance pathway
Q3UDI6	Glycerolipid metabolism
Q5EEX1	Oocyte meiosis;Regulation of autophagy;mTOR signaling pathway;Regulation of actin cytoskeleton;Insulin signaling pathway;Progesterone-mediated oocyte maturation;Type II diabetes mellitus;Type I diabetes mellitus;Maturity onset diabetes of the young;Aldosterone-regulated sodium reabsorption;Prostate cancer
Q8VFZ2	Olfactory transduction
Q7TRK9	Olfactory transduction
Q8VGQ1	Olfactory transduction
Q5QNW0	Cytokine-cytokine receptor interaction;Chemokine signaling pathway;Chagas disease (American trypanosomiasis);Rheumatoid arthritis
Q53Z46	Taste transduction
Q3TG35	Cell cycle;Cell cycle - yeast
Q549D9	African trypanosomiasis;Malaria
Q3TZH8	Malaria
A2RTH0	Cytokine-cytokine receptor interaction;Chemokine signaling pathway
A2BI31	Complement and coagulation cascades;Hematopoietic cell lineage
Q3UYQ0;Q2YD80	Pentose phosphate pathway;Purine metabolism
Q8VFB4	Olfactory transduction
Q9CQH2	Glycosylphosphatidylinositol(GPI)-anchor biosynthesis
Q8C7P2	ErbB signaling pathway;Chemokine signaling pathway;Phosphatidylinositol signaling system;mTOR signaling pathway;Apoptosis;VEGF signaling pathway;Osteoclast differentiation;Focal adhesion;Toll-like receptor signaling pathway;Jak-STAT signaling pathway;Natural killer cell mediated cytotoxicity;T cell receptor signaling pathway;B cell receptor signaling pathway;Fc epsilon RI signaling pathway;Fc gamma R-mediated phagocytosis;Leukocyte transendothelial migration;Neurotrophin signaling pathway;Regulation of actin cytoskeleton;Insulin signaling pathway;Progesterone-mediated oocyte maturation;Type II diabetes mellitus;Aldosterone-regulated sodium reabsorption;Carbohydrate digestion and absorption;Bacterial invasion of epithelial cells;Chagas disease (American trypanosomiasis);Toxoplasmosis;Amoebiasis;Hepatitis C;Measles;Pathways in cancer;Colorectal cancer;Renal cell carcinoma;Pancreatic cancer;Endometrial cancer;Glioma;Prostate cancer;Melanoma;Chronic myeloid leukemia;Acute myeloid leukemia;Small cell lung cancer;Non-small cell lung cancer
Q545D8	Asthma
Q3TF81	Ribosome biogenesis in eukaryotes;RNA transport
I3QI43	Malaria
Q3U6W3	Fatty acid elongation in mitochondria;Lysosome
Q0VEM1	Axon guidance
Q505E1	Glycerophospholipid metabolism
Q3TMS3	Pentose and glucuronate interconversions
Q9D5S8	NOD-like receptor signaling pathway
Q4QQL2	Ubiquitin mediated proteolysis;Protein processing in endoplasmic reticulum
Q8CAB3	Neuroactive ligand-receptor interaction
A2RS36	Olfactory transduction
Q3TT66	Cytokine-cytokine receptor interaction;Neuroactive ligand-receptor interaction;Jak-STAT signaling pathway
Q545N7	Arginine and proline metabolism
Q3U1X7	Phagosome;Cell adhesion molecules (CAMs);Antigen processing and presentation;Intestinal immune network for IgA production;Type I diabetes mellitus;Leishmaniasis;Toxoplasmosis;Staphylococcus aureus infection;ko05152;Asthma;Autoimmune thyroid disease;Systemic lupus erythematosus;Rheumatoid arthritis;Allograft rejection;Graft-versus-host disease;Viral myocarditis
Q7JJ15	Endocytosis;Phagosome;Cell adhesion molecules (CAMs);Antigen processing and presentation;Natural killer cell mediated cytotoxicity;Type I diabetes mellitus;Autoimmune thyroid disease;Allograft rejection;Graft-versus-host disease;Viral myocarditis
Q80YP5	Phagosome;Focal adhesion;ECM-receptor interaction;Hematopoietic cell lineage;Regulation of actin cytoskeleton;Bacterial invasion of epithelial cells;Shigellosis;Hypertrophic cardiomyopathy (HCM);Arrhythmogenic right ventricular cardiomyopathy (ARVC);Dilated cardiomyopathy
Q3U4A2	Olfactory transduction
Q8VFZ1	Olfactory transduction
Q5FW97;Q5XJG8;Q5XKE1	Glycolysis / Gluconeogenesis;Methane metabolism;RNA degradation
O19440	Endocytosis;Phagosome;Cell adhesion molecules (CAMs);Antigen processing and presentation;Natural killer cell mediated cytotoxicity;Type I diabetes mellitus;Autoimmune thyroid disease;Allograft rejection;Graft-versus-host disease;Viral myocarditis
Q546K5	Caffeine metabolism;Nitrotoluene degradation;Drug metabolism - other enzymes
Q496Q2	Glutathione metabolism;Arachidonic acid metabolism
F6YU65	Gastric acid secretion
Q544Z7	Base excision repair
Q542J1	Wnt signaling pathway;Melanogenesis;Pathways in cancer;Basal cell carcinoma
Q8C7S3	Axon guidance
A0A087WPC3	Fatty acid metabolism;Arachidonic acid metabolism;Retinol metabolism;PPAR signaling pathway;Vascular smooth muscle contraction
Q3UKY1	Vascular smooth muscle contraction;Tight junction
A0A087WQN7	Ribosome biogenesis in eukaryotes;RNA degradation
B2RQ58	Olfactory transduction
A0A0R4J0X7	Glycolysis / Gluconeogenesis
B9EJ14	MAPK signaling pathway;Cardiac muscle contraction;Hypertrophic cardiomyopathy (HCM);Arrhythmogenic right ventricular cardiomyopathy (ARVC);Dilated cardiomyopathy
E9PVZ7	Olfactory transduction
Q3UKP8	Pathways in cancer;Bladder cancer
Q3UJ92	Steroid hormone biosynthesis
A7VMV2	Pentose and glucuronate interconversions
Q3UQC8	Regulation of actin cytoskeleton;Prostate cancer
Q3TSR1	Endocytosis
Q3U879	Cytokine-cytokine receptor interaction;Jak-STAT signaling pathway;T cell receptor signaling pathway;Intestinal immune network for IgA production;Leishmaniasis;Chagas disease (American trypanosomiasis);African trypanosomiasis;Malaria;Toxoplasmosis;Amoebiasis;Staphylococcus aureus infection;ko05152;Asthma;Autoimmune thyroid disease;Systemic lupus erythematosus;Allograft rejection
Q14B51	Mucin type O-Glycan biosynthesis
Q3UY30	Purine metabolism;Vascular smooth muscle contraction
A2RRK7	Pathways in cancer;Chronic myeloid leukemia
B7ZCM8	Glycerophospholipid metabolism;Ether lipid metabolism;Arachidonic acid metabolism;Linoleic acid metabolism;alpha-Linolenic acid metabolism;MAPK signaling pathway;Vascular smooth muscle contraction;VEGF signaling pathway;Fc epsilon RI signaling pathway;Long-term depression;GnRH signaling pathway;Pancreatic secretion;Fat digestion and absorption;Toxoplasmosis
A2AER7	Spliceosome
A1L2Z0	Cell cycle;Cell cycle - yeast;Meiosis - yeast;Oocyte meiosis
K7N6V7	Olfactory transduction
A0A2R8W6R6	Amyotrophic lateral sclerosis (ALS)
A2AVT5	Olfactory transduction
A0A7R8C3J8	Cytokine-cytokine receptor interaction;Regulation of autophagy;Toll-like receptor signaling pathway;RIG-I-like receptor signaling pathway;Cytosolic DNA-sensing pathway;Jak-STAT signaling pathway;Natural killer cell mediated cytotoxicity;ko05152;Hepatitis C;Measles;Autoimmune thyroid disease
Q9D1E7	Amoebiasis
G5E8T9	Pyruvate metabolism
E9QAP4	Complement and coagulation cascades;Hematopoietic cell lineage;Viral myocarditis
Q5RKP3	Ribosome
Q3UPA4	Adipocytokine signaling pathway
A0A0J9YUE7	Olfactory transduction
E9QK62	Axon guidance
E9PZS7	Olfactory transduction
Q6IE03	RNA transport;Wnt signaling pathway
Q3U0N0	Neuroactive ligand-receptor interaction
A0A0R4J0I9	Alzheimer's disease;Malaria
A2A6S2	Calcium signaling pathway;Neuroactive ligand-receptor interaction;Long-term potentiation;Alzheimer's disease;Amyotrophic lateral sclerosis (ALS)
A0A0R4J275	Oxidative phosphorylation;Alzheimer's disease;Parkinson's disease;Huntington's disease
Q3U260	N-Glycan biosynthesis;Various types of N-glycan biosynthesis;Other types of O-glycan biosynthesis;Glycosaminoglycan biosynthesis - keratan sulfate;Glycosphingolipid biosynthesis - lacto and neolacto series
E9QNQ4	MAPK signaling pathway
E9PYP0	Purine metabolism
Q544D2	TGF-beta signaling pathway
E9Q6H0	Purine metabolism;Vascular smooth muscle contraction;Gap junction;Long-term depression;Salivary secretion
Q3UTY8	Wnt signaling pathway;Hedgehog signaling pathway;Melanogenesis;Pathways in cancer;Basal cell carcinoma
Q543Y2	Cell adhesion molecules (CAMs);Hematopoietic cell lineage
Q3UGL5	Wnt signaling pathway;Notch signaling pathway;Pathways in cancer;Chronic myeloid leukemia
A0A0R4J0A9	Wnt signaling pathway
S4R1G7	Systemic lupus erythematosus
A2AJG0	Ribosome biogenesis in eukaryotes;RNA transport
E9Q2H1	Ubiquitin mediated proteolysis
F6Z9B9	Drug metabolism - other enzymes
Q3UZR8	RNA transport
Q3U4Q8	Antigen processing and presentation;ko05152
Q9DAM4	Citrate cycle (TCA cycle);Glyoxylate and dicarboxylate metabolism
Q8C5P3	Arginine and proline metabolism;Calcium signaling pathway
Q5HZI6	Fructose and mannose metabolism;Amino sugar and nucleotide sugar metabolism
A0A2R3XZC4	RIG-I-like receptor signaling pathway;Cytosolic DNA-sensing pathway
A0A0R4J131	Biotin metabolism;Vitamin digestion and absorption
Q3ULQ6	Ubiquitin mediated proteolysis;Jak-STAT signaling pathway;Hepatitis C;Pathways in cancer;Small cell lung cancer
Q5SVI8	Focal adhesion;Tight junction;Leukocyte transendothelial migration;Regulation of actin cytoskeleton
Q3UCL2	Systemic lupus erythematosus
Q91ZF5	Olfactory transduction;Pancreatic secretion
A2ANA3	Cell adhesion molecules (CAMs);Tight junction;Leukocyte transendothelial migration;Hepatitis C
Q8BRV4	Cytokine-cytokine receptor interaction;TGF-beta signaling pathway
Q3UVA4	Inositol phosphate metabolism;ErbB signaling pathway;Chemokine signaling pathway;Phosphatidylinositol signaling system;mTOR signaling pathway;Apoptosis;VEGF signaling pathway;Osteoclast differentiation;Focal adhesion;Toll-like receptor signaling pathway;Jak-STAT signaling pathway;Natural killer cell mediated cytotoxicity;T cell receptor signaling pathway;B cell receptor signaling pathway;Fc epsilon RI signaling pathway;Fc gamma R-mediated phagocytosis;Leukocyte transendothelial migration;Neurotrophin signaling pathway;Regulation of actin cytoskeleton;Insulin signaling pathway;Progesterone-mediated oocyte maturation;Type II diabetes mellitus;Aldosterone-regulated sodium reabsorption;Carbohydrate digestion and absorption;Bacterial invasion of epithelial cells;Chagas disease (American trypanosomiasis);Toxoplasmosis;Amoebiasis;Hepatitis C;Measles;Pathways in cancer;Colorectal cancer;Renal cell carcinoma;Pancreatic cancer;Endometrial cancer;Glioma;Prostate cancer;Melanoma;Chronic myeloid leukemia;Acute myeloid leukemia;Small cell lung cancer;Non-small cell lung cancer
S4R1M3	Systemic lupus erythematosus
B7ZWG1	Ubiquitin mediated proteolysis
B2RQP1	Hepatitis C
Q3TF02	mRNA surveillance pathway
D3Z751	Antigen processing and presentation;Natural killer cell mediated cytotoxicity
A0A077S9Z6	Galactose metabolism
Q3TRR3	Glycosphingolipid biosynthesis - ganglio series
Q3UPN9	ko05152
Q3TYW1	Focal adhesion;ECM-receptor interaction
Q8C6X4	MAPK signaling pathway;ErbB signaling pathway;Chemokine signaling pathway;mTOR signaling pathway;Apoptosis;VEGF signaling pathway;Osteoclast differentiation;Focal adhesion;Tight junction;Toll-like receptor signaling pathway;Jak-STAT signaling pathway;T cell receptor signaling pathway;B cell receptor signaling pathway;Fc epsilon RI signaling pathway;Fc gamma R-mediated phagocytosis;Neurotrophin signaling pathway;Insulin signaling pathway;Progesterone-mediated oocyte maturation;Adipocytokine signaling pathway;Carbohydrate digestion and absorption;Chagas disease (American trypanosomiasis);Toxoplasmosis;ko05152;Hepatitis C;Measles;Pathways in cancer;Colorectal cancer;Renal cell carcinoma;Pancreatic cancer;Endometrial cancer;Glioma;Prostate cancer;Melanoma;Chronic myeloid leukemia;Acute myeloid leukemia;Small cell lung cancer;Non-small cell lung cancer
Q3UMQ1	Glycerophospholipid metabolism;Ether lipid metabolism;Arachidonic acid metabolism;Linoleic acid metabolism;alpha-Linolenic acid metabolism;MAPK signaling pathway;Vascular smooth muscle contraction;VEGF signaling pathway;Fc epsilon RI signaling pathway;Long-term depression;GnRH signaling pathway;Pancreatic secretion;Fat digestion and absorption;Toxoplasmosis
Q9D6A3	p53 signaling pathway;Neurotrophin signaling pathway;Measles
E9QLQ3	Purine metabolism;Insulin signaling pathway;Progesterone-mediated oocyte maturation
F8VPR5	Cell cycle;Wnt signaling pathway;Notch signaling pathway;TGF-beta signaling pathway;Adherens junction;Jak-STAT signaling pathway;Long-term potentiation;Melanogenesis;Huntington's disease;ko05152;Pathways in cancer;Renal cell carcinoma;Prostate cancer
A9QW46	Cytokine-cytokine receptor interaction;Hematopoietic cell lineage;Pathways in cancer
Q571G2	RNA degradation
Q3UYU1	Steroid hormone biosynthesis
E9PUK6	RNA transport;mRNA surveillance pathway
A2AV13	Olfactory transduction
Q3UZB8	Basal transcription factors;Nucleotide excision repair
Q3TMZ1	Arginine and proline metabolism
Q8CHP4	Calcium signaling pathway;Neuroactive ligand-receptor interaction
Q3UQB5	Axon guidance
B0G0Y2	Fatty acid metabolism;Arachidonic acid metabolism;Retinol metabolism;PPAR signaling pathway;Vascular smooth muscle contraction
A0A0M6L0K7	Cytokine-cytokine receptor interaction;Neuroactive ligand-receptor interaction;Jak-STAT signaling pathway
D3Z4I0	Glycosylphosphatidylinositol(GPI)-anchor biosynthesis
Z4YJC9	Fat digestion and absorption
Q3US73	Primary bile acid biosynthesis
B2RQQ1	Tight junction;Viral myocarditis
B2CP06	Neuroactive ligand-receptor interaction
A2AM95	Hypertrophic cardiomyopathy (HCM);Arrhythmogenic right ventricular cardiomyopathy (ARVC);Dilated cardiomyopathy
A0A0R4J049	RNA transport;Cell cycle - yeast
B7ZN11	Glycosylphosphatidylinositol(GPI)-anchor biosynthesis
A2ARD6	Tryptophan metabolism
Q5DTJ2	MAPK signaling pathway;ErbB signaling pathway;Axon guidance;Focal adhesion;T cell receptor signaling pathway;Regulation of actin cytoskeleton;Renal cell carcinoma
Q3UHW9	Axon guidance;Fc gamma R-mediated phagocytosis;Regulation of actin cytoskeleton
F8VPK5	Chemokine signaling pathway;Vascular smooth muscle contraction;Wnt signaling pathway;TGF-beta signaling pathway;Axon guidance;Focal adhesion;Leukocyte transendothelial migration;Regulation of actin cytoskeleton;Pathogenic Escherichia coli infection;Shigellosis
Q3TSU8	DNA replication;Base excision repair;Nucleotide excision repair;Mismatch repair
Q8CEF2	Focal adhesion
Q5HZK4	p53 signaling pathway
Q810V8	MAPK signaling pathway;Oocyte meiosis;mTOR signaling pathway;Long-term potentiation;Neurotrophin signaling pathway;Progesterone-mediated oocyte maturation
L7N210	Olfactory transduction
Q545U6	Oxidative phosphorylation;Cardiac muscle contraction;Alzheimer's disease;Parkinson's disease;Huntington's disease
I7HJI5	Amoebiasis
E9PWH2	NOD-like receptor signaling pathway
Q3UYY2	Cell cycle - yeast;Meiosis - yeast
Q8BTF0	Neuroactive ligand-receptor interaction
Q9D297	Cell cycle;TGF-beta signaling pathway
Q53YJ1	Steroid hormone biosynthesis
Q5SUC8	Pyrimidine metabolism;Drug metabolism - other enzymes
Q5SX75	Arginine and proline metabolism
G3X9I4	RNA transport;mRNA surveillance pathway;Spliceosome
Q4FJV3	Cell adhesion molecules (CAMs);Tight junction;Leukocyte transendothelial migration;Hepatitis C
Q7TSZ9	MAPK signaling pathway
Q8BQN0	Calcium signaling pathway;Phosphatidylinositol signaling system;Oocyte meiosis;Vascular smooth muscle contraction;Gap junction;Long-term potentiation;Long-term depression;GnRH signaling pathway;Salivary secretion;Gastric acid secretion;Pancreatic secretion;Alzheimer's disease;Huntington's disease
A2AFM0	Glycine, serine and threonine metabolism;Porphyrin and chlorophyll metabolism
A0A158SIT9	MAPK signaling pathway;Chemokine signaling pathway;Endocytosis;Phototransduction
Q3TD53	Phagosome;Cell adhesion molecules (CAMs);Antigen processing and presentation;Intestinal immune network for IgA production;Type I diabetes mellitus;Leishmaniasis;Toxoplasmosis;Staphylococcus aureus infection;ko05152;Asthma;Autoimmune thyroid disease;Systemic lupus erythematosus;Rheumatoid arthritis;Allograft rejection;Graft-versus-host disease;Viral myocarditis
Q3TMF9	Streptomycin biosynthesis;Polyketide sugar unit biosynthesis;Biosynthesis of vancomycin group antibiotics
E9PZP8	Ubiquitin mediated proteolysis
Q570Z5	Glycerolipid metabolism;Glycerophospholipid metabolism;Phosphatidylinositol signaling system
F8VQ29	Regulation of actin cytoskeleton
Q543F6	Axon guidance;Alzheimer's disease
A0A0A6YW07	Streptomycin biosynthesis;Inositol phosphate metabolism;Phosphatidylinositol signaling system
Q3V0B2	Glycine, serine and threonine metabolism;Porphyrin and chlorophyll metabolism
E9PXN7	Pentose and glucuronate interconversions;Ascorbate and aldarate metabolism;Steroid hormone biosynthesis;Starch and sucrose metabolism;Other types of O-glycan biosynthesis;Retinol metabolism;Porphyrin and chlorophyll metabolism;Metabolism of xenobiotics by cytochrome P450;Drug metabolism - cytochrome P450;Drug metabolism - other enzymes
Q3TPM5	Adherens junction;Insulin signaling pathway;Type II diabetes mellitus;Aldosterone-regulated sodium reabsorption
A0A0R4IZX2	Aldosterone-regulated sodium reabsorption
A2AMW3	Neuroactive ligand-receptor interaction
Q8BS98	Neuroactive ligand-receptor interaction
Q640L6	MAPK signaling pathway
Q32MH0	MAPK signaling pathway;Cytokine-cytokine receptor interaction;Apoptosis;Osteoclast differentiation;Hematopoietic cell lineage;Amoebiasis
A2AI38	Cytokine-cytokine receptor interaction;TGF-beta signaling pathway
B6VGH4	Caffeine metabolism;Tryptophan metabolism;Linoleic acid metabolism;Retinol metabolism;Metabolism of xenobiotics by cytochrome P450;Drug metabolism - cytochrome P450
A0A068EW80	Ubiquitin mediated proteolysis;Endocytosis;Pathways in cancer;Acute myeloid leukemia
G3UZ38	Arachidonic acid metabolism;Linoleic acid metabolism
Q3TQK8	Steroid biosynthesis
Q3UDC9	Cardiac muscle contraction;Regulation of actin cytoskeleton;Salivary secretion;Gastric acid secretion;Pancreatic secretion;Bile secretion
E9PV38	Drug metabolism - other enzymes
Q3UTE9	Neuroactive ligand-receptor interaction;GnRH signaling pathway
A0A0R4J061	Retinol metabolism
S4R1E0	Systemic lupus erythematosus
Q3UKJ6	Spliceosome
Q14BK1	Cytokine-cytokine receptor interaction;Jak-STAT signaling pathway
Q8BW40	ErbB signaling pathway;Calcium signaling pathway;Oocyte meiosis;Wnt signaling pathway;Long-term potentiation;Neurotrophin signaling pathway;Olfactory transduction;Phototransduction - fly;GnRH signaling pathway;Melanogenesis;Gastric acid secretion;ko05152;Glioma
D3Z667	Huntington's disease
E9Q264	Tight junction;Viral myocarditis
A1L3B8	Proteasome
F8VPY2	Basal transcription factors
Q8CCA7	Carbohydrate digestion and absorption;Bile secretion;Mineral absorption
Q543F0	Antigen processing and presentation;ko05152;Primary immunodeficiency
Q3UEN6	Glycine, serine and threonine metabolism;Cysteine and methionine metabolism
A0A0A6YVY4	Toll-like receptor signaling pathway;Pathogenic Escherichia coli infection
Q3UGT1	Fatty acid metabolism;PPAR signaling pathway;Adipocytokine signaling pathway
E9Q891	Olfactory transduction
A0A1L1SSF2	Glycolysis / Gluconeogenesis
Q3UNK5	MAPK signaling pathway;Cytokine-cytokine receptor interaction;Cell cycle;Endocytosis;TGF-beta signaling pathway;Osteoclast differentiation;Intestinal immune network for IgA production;Leishmaniasis;Chagas disease (American trypanosomiasis);Malaria;Toxoplasmosis;Amoebiasis;ko05152;Pathways in cancer;Colorectal cancer;Renal cell carcinoma;Pancreatic cancer;Chronic myeloid leukemia;Rheumatoid arthritis;Hypertrophic cardiomyopathy (HCM);Dilated cardiomyopathy
Q3UQD4	Vasopressin-regulated water reabsorption
E9PUM9	Cell adhesion molecules (CAMs)
Q3UR94	Purine metabolism;Pyrimidine metabolism;DNA replication;Base excision repair;Nucleotide excision repair
E9Q7P2	MAPK signaling pathway;Calcium signaling pathway
Q921R1	Purine metabolism
A0A0R4J0C2	Alanine, aspartate and glutamate metabolism;Cysteine and methionine metabolism;Valine, leucine and isoleucine degradation;Tyrosine metabolism;Phenylalanine metabolism;Tryptophan metabolism;Phenylalanine, tyrosine and tryptophan biosynthesis;Isoquinoline alkaloid biosynthesis
Q6PDY6	Wnt signaling pathway;Hedgehog signaling pathway;Melanogenesis;Pathways in cancer;Basal cell carcinoma
A0A0R4J1Y1	Protein processing in endoplasmic reticulum;Hepatitis C;Measles
A0A8Z1S8W2	Amino sugar and nucleotide sugar metabolism
A2A8R0	Endocytosis;TGF-beta signaling pathway
Q3U0E8	T cell receptor signaling pathway
A2AKH4	SNARE interactions in vesicular transport
E9QNF7	Cell adhesion molecules (CAMs)
Q197W7	N-Glycan biosynthesis;Various types of N-glycan biosynthesis
Q3UND5	Notch signaling pathway
G3UVU2	Spliceosome
Q3UHC8	Fatty acid biosynthesis;Pyruvate metabolism;Propanoate metabolism;Insulin signaling pathway
Q54AE3	Chemokine signaling pathway;Taste transduction
E9PYH2	Biosynthesis of unsaturated fatty acids
Q3TJ94	Neuroactive ligand-receptor interaction;Complement and coagulation cascades;Regulation of actin cytoskeleton
Q8BQS9	MAPK signaling pathway;Cytokine-cytokine receptor interaction;Endocytosis;TGF-beta signaling pathway;Osteoclast differentiation;Adherens junction;Chagas disease (American trypanosomiasis);Pathways in cancer;Colorectal cancer;Pancreatic cancer;Chronic myeloid leukemia
Q8C7F3	Bile secretion
D3Z6W3	Retinol metabolism
Q3UP48	Maturity onset diabetes of the young
Q6A0C5	Ubiquitin mediated proteolysis
E9QP44	Endocytosis
A2AB79	Systemic lupus erythematosus
Q3U7P6	Folate biosynthesis
Q3URN4	Cytokine-cytokine receptor interaction;Jak-STAT signaling pathway
Q8BKU9	Wnt signaling pathway;Melanogenesis;Pathways in cancer;Basal cell carcinoma
Q3TVJ8	Protein processing in endoplasmic reticulum
F8VQJ3	Focal adhesion;ECM-receptor interaction;Prion diseases;Toxoplasmosis;Amoebiasis;Pathways in cancer;Small cell lung cancer
Q543R4	Type I diabetes mellitus
B9EHG7	Sphingolipid metabolism
G5E843	Axon guidance
Q497P1	SNARE interactions in vesicular transport
Q8C069	Neuroactive ligand-receptor interaction
F8VQL6	Neurotrophin signaling pathway
Q8BUM7	Cytokine-cytokine receptor interaction
A0A0R4J018	Drug metabolism - other enzymes
F6UIK0	MAPK signaling pathway
A0A0R4J082	Melanogenesis;Vasopressin-regulated water reabsorption;Huntington's disease;Prostate cancer
Q3UTZ0	Wnt signaling pathway;Melanogenesis;Pathways in cancer;Basal cell carcinoma
Q5SWR1	Endocytosis;Endocrine and other factor-regulated calcium reabsorption;Huntington's disease
A0A0R4J1Q7	Purine metabolism;Starch and sucrose metabolism;Riboflavin metabolism;Nicotinate and nicotinamide metabolism;Pantothenate and CoA biosynthesis
Q542E3	Renin-angiotensin system;Pancreatic secretion;Protein digestion and absorption
G5E866	Spliceosome
E9PXN3;E9Q536	Olfactory transduction
Q8R0E8	Cardiac muscle contraction;Aldosterone-regulated sodium reabsorption;Endocrine and other factor-regulated calcium reabsorption;Proximal tubule bicarbonate reclamation;Salivary secretion;Gastric acid secretion;Pancreatic secretion;Carbohydrate digestion and absorption;Protein digestion and absorption;Bile secretion;Mineral absorption
Q3U3D4	Cell cycle;Cell cycle - yeast;Ubiquitin mediated proteolysis;Progesterone-mediated oocyte maturation
Q497R3	Protein processing in endoplasmic reticulum
F6V2U0	Inositol phosphate metabolism;Phosphatidylinositol signaling system
Q4QQL3	Lysosome
Q3TS18	Cytokine-cytokine receptor interaction;Jak-STAT signaling pathway
Q3UER5	Cytokine-cytokine receptor interaction;TGF-beta signaling pathway
A0A0R4J138	Glycosaminoglycan degradation;Lysosome
Q52KG8	ECM-receptor interaction
Q8BW69	Oocyte meiosis;Progesterone-mediated oocyte maturation
Q3UV15	MAPK signaling pathway;Osteoclast differentiation;Pathways in cancer
A0A0R4IZW4	MAPK signaling pathway;Cytokine-cytokine receptor interaction;Focal adhesion;Gap junction;Regulation of actin cytoskeleton;Pathways in cancer;Glioma;Prostate cancer;Melanoma
A5D6P3	ABC transporters;Vitamin digestion and absorption
G3X8Q0	TGF-beta signaling pathway;Huntington's disease
A0A0R4J0G0	Glycolysis / Gluconeogenesis;Citrate cycle (TCA cycle);Pyruvate metabolism;PPAR signaling pathway;Insulin signaling pathway;Adipocytokine signaling pathway;Proximal tubule bicarbonate reclamation
Q53YN4	Vascular smooth muscle contraction;Tight junction
A0A0R4J0F5	Cytokine-cytokine receptor interaction;Jak-STAT signaling pathway
A0A0R4J0T3	Taste transduction
A0A0R4J1D6	Neuroactive ligand-receptor interaction
Q8BPY1	ABC transporters;Fat digestion and absorption
Q0GH64	Cell adhesion molecules (CAMs);Tight junction;Leukocyte transendothelial migration;Hepatitis C
A0A0R4J023	Valine, leucine and isoleucine degradation
Q3UGC8	Valine, leucine and isoleucine degradation;Glyoxylate and dicarboxylate metabolism;Propanoate metabolism;Carbon fixation pathways in prokaryotes
Q3V1K9	Hypertrophic cardiomyopathy (HCM);Arrhythmogenic right ventricular cardiomyopathy (ARVC);Dilated cardiomyopathy
Q0VEH1	Neuroactive ligand-receptor interaction
B3VQI8	Phagosome;Osteoclast differentiation;Leukocyte transendothelial migration;Leishmaniasis
Q9CVC8	Arachidonic acid metabolism;Linoleic acid metabolism;Retinol metabolism;Metabolism of xenobiotics by cytochrome P450;Drug metabolism - cytochrome P450
E9PXZ3	Focal adhesion;ECM-receptor interaction;Regulation of actin cytoskeleton;Hypertrophic cardiomyopathy (HCM);Arrhythmogenic right ventricular cardiomyopathy (ARVC);Dilated cardiomyopathy
Q3TIV6	Aminoacyl-tRNA biosynthesis
E9QPE7	Tight junction;Viral myocarditis
F8VQM2	Cytokine-cytokine receptor interaction;Chemokine signaling pathway
Q9DAZ7	Amoebiasis
G5E8U4	Cytokine-cytokine receptor interaction;Jak-STAT signaling pathway
Q3V0T8	Terpenoid backbone biosynthesis
Q3TZ03	Biotin metabolism
G3X914	Ubiquitin mediated proteolysis
Q52KJ0	Glycosaminoglycan biosynthesis - heparan sulfate
B2RXW1	Histidine metabolism;Nitrogen metabolism
Q543R9	Hematopoietic cell lineage
Q8BP54	Citrate cycle (TCA cycle);Pyruvate metabolism
Q3UR47	Axon guidance;Fc gamma R-mediated phagocytosis;Regulation of actin cytoskeleton
Q8CE74	MAPK signaling pathway;ErbB signaling pathway;Chemokine signaling pathway;mTOR signaling pathway;Apoptosis;VEGF signaling pathway;Osteoclast differentiation;Focal adhesion;Tight junction;Toll-like receptor signaling pathway;Jak-STAT signaling pathway;T cell receptor signaling pathway;B cell receptor signaling pathway;Fc epsilon RI signaling pathway;Fc gamma R-mediated phagocytosis;Neurotrophin signaling pathway;Insulin signaling pathway;Progesterone-mediated oocyte maturation;Adipocytokine signaling pathway;Carbohydrate digestion and absorption;Chagas disease (American trypanosomiasis);Toxoplasmosis;ko05152;Hepatitis C;Measles;Pathways in cancer;Colorectal cancer;Renal cell carcinoma;Pancreatic cancer;Endometrial cancer;Glioma;Prostate cancer;Melanoma;Chronic myeloid leukemia;Acute myeloid leukemia;Small cell lung cancer;Non-small cell lung cancer
B2RR30	Notch signaling pathway
Q3UG16	Lysosome
E9Q4S7	Adherens junction
A2AUA4	Olfactory transduction
Q32MW1	Steroid biosynthesis
Q3U535	MAPK signaling pathway;Cell cycle;Progesterone-mediated oocyte maturation
Q5F239	Ubiquitin mediated proteolysis;Protein processing in endoplasmic reticulum;Parkinson's disease
Q3UUQ5	Neuroactive ligand-receptor interaction;Vascular smooth muscle contraction;Vasopressin-regulated water reabsorption
Q543W6	Cell cycle;Cell cycle - yeast;p53 signaling pathway
Q3UEN9	Alanine, aspartate and glutamate metabolism;Glycine, serine and threonine metabolism;Methane metabolism;Peroxisome
Q544B8	Other types of O-glycan biosynthesis;Glycosphingolipid biosynthesis - lacto and neolacto series
E9Q7L0	Citrate cycle (TCA cycle);Lysine degradation;Tryptophan metabolism
Q3U2G9	Amino sugar and nucleotide sugar metabolism
Q3UPI0	Other types of O-glycan biosynthesis;Notch signaling pathway
Q9DBD9	Arachidonic acid metabolism;Linoleic acid metabolism;Retinol metabolism;Metabolism of xenobiotics by cytochrome P450;Drug metabolism - cytochrome P450
Q3TQ59	Wnt signaling pathway;Hedgehog signaling pathway;Melanogenesis;Pathways in cancer;Basal cell carcinoma
Q3TWH5	MAPK signaling pathway;Cytokine-cytokine receptor interaction;Cell cycle;Endocytosis;TGF-beta signaling pathway;Osteoclast differentiation;Leishmaniasis;Chagas disease (American trypanosomiasis);Malaria;Toxoplasmosis;Amoebiasis;ko05152;Pathways in cancer;Colorectal cancer;Renal cell carcinoma;Pancreatic cancer;Chronic myeloid leukemia;Rheumatoid arthritis;Hypertrophic cardiomyopathy (HCM);Dilated cardiomyopathy
E2D0W5	Other types of O-glycan biosynthesis;Glycosphingolipid biosynthesis - lacto and neolacto series
A0A0F7RQR1	Neuroactive ligand-receptor interaction;GnRH signaling pathway
Q8CII3	Sphingolipid metabolism
A0A0R4J008	Cell cycle;Notch signaling pathway;Huntington's disease;Pathways in cancer;Chronic myeloid leukemia
A0A1L1ST14	Olfactory transduction
Q3UG09	Cytokine-cytokine receptor interaction;TGF-beta signaling pathway
Q3UQE3	Protein digestion and absorption
Q3UYH8	Neuroactive ligand-receptor interaction
B2RPW6	Endocytosis;TGF-beta signaling pathway
A0A0R4J0I8	Alzheimer's disease
Q3URU4	Homologous recombination;Non-homologous end-joining
Q14BC2	Oxidative phosphorylation;Alzheimer's disease;Parkinson's disease;Huntington's disease
Q8BXX7	One carbon pool by folate
F8VPL1	MAPK signaling pathway;Cardiac muscle contraction;Hypertrophic cardiomyopathy (HCM);Arrhythmogenic right ventricular cardiomyopathy (ARVC);Dilated cardiomyopathy
Q9DD05	Porphyrin and chlorophyll metabolism
A0A286YD35	Vascular smooth muscle contraction;Salivary secretion;Pancreatic secretion
A0A0R4J101	Salivary secretion;Gastric acid secretion;Pancreatic secretion;Bile secretion
Q5SZZ8	Olfactory transduction
A2AT85	Olfactory transduction
Q8BY97	Cell cycle;Cell cycle - yeast
Q3UIC2	Cell adhesion molecules (CAMs);Arrhythmogenic right ventricular cardiomyopathy (ARVC)
Q3UMY0	Chemokine signaling pathway
Q8BJN8	Hedgehog signaling pathway;Pathways in cancer;Basal cell carcinoma
A2AM97	Ribosome
Q3TY70	Endocytosis;Tight junction
Q3TAW7	Galactose metabolism;Other glycan degradation;Glycosaminoglycan degradation;Sphingolipid metabolism;Glycosphingolipid biosynthesis - ganglio series;Lysosome
Q3UZL8	Protein export
A0A077K846	N-Glycan biosynthesis;Various types of N-glycan biosynthesis
A2AN37	Pyrimidine metabolism;Drug metabolism - other enzymes
Q6DFX0	Pathways in cancer;Small cell lung cancer;Non-small cell lung cancer
A0A1W5LU38	Mineral absorption
A0A286YD87	Hedgehog signaling pathway
Q3UWK3	Amyotrophic lateral sclerosis (ALS)
Q5PR15	Ribosome
A0A0R4IZY3	MAPK signaling pathway;Endocytosis;Regulation of actin cytoskeleton
A3EWM2	Cysteine and methionine metabolism
Q3UK44	B cell receptor signaling pathway
Q3U0D7	Endocytosis;Fc gamma R-mediated phagocytosis
A0A0R4J069	Selenocompound metabolism
A0A0R4J0F7	Mineral absorption
A0A140T8R6	Neuroactive ligand-receptor interaction;Taste transduction
Q543H0	Cysteine and methionine metabolism;Arginine and proline metabolism;beta-Alanine metabolism;Glutathione metabolism
Q3UKM0	Fatty acid metabolism;Valine, leucine and isoleucine degradation;Benzoate degradation;Biosynthesis of unsaturated fatty acids;PPAR signaling pathway;Peroxisome
Q9CV93	Salivary secretion
E9PYG6	MAPK signaling pathway;Axon guidance
A0A0R4J0P5	NOD-like receptor signaling pathway
Q3UYA5	Regulation of autophagy
F8VPZ8	Olfactory transduction
Q545V8	Ribosome biogenesis in eukaryotes;Wnt signaling pathway;Adherens junction;Tight junction;Circadian rhythm - plant;Measles
Q5F2A0	Cytokine-cytokine receptor interaction
A2ATZ8	MAPK signaling pathway;Cardiac muscle contraction;Hypertrophic cardiomyopathy (HCM);Arrhythmogenic right ventricular cardiomyopathy (ARVC);Dilated cardiomyopathy
Q5SWJ8	Protein export;Protein processing in endoplasmic reticulum;Phagosome;Vibrio cholerae infection
G3UXL2	Pentose phosphate pathway;Purine metabolism
E9PYI7	Adherens junction
F8VPJ8	Olfactory transduction
Q5DTH1	Ubiquitin mediated proteolysis
B1AUN2	RNA transport
Q3UN47	Apoptosis
Q3UGI8	p53 signaling pathway;mTOR signaling pathway;Insulin signaling pathway
D3Z0M9	Spliceosome
J3QMC5	Ribosome biogenesis in eukaryotes
Q544E3	Inositol phosphate metabolism;Phosphatidylinositol signaling system;Regulation of actin cytoskeleton
A2BFR3	Systemic lupus erythematosus
Q3TJI7	Adherens junction;Tight junction
E9Q605	MAPK signaling pathway;Chemokine signaling pathway;Apoptosis;Osteoclast differentiation;Toll-like receptor signaling pathway;NOD-like receptor signaling pathway;RIG-I-like receptor signaling pathway;Cytosolic DNA-sensing pathway;T cell receptor signaling pathway;B cell receptor signaling pathway;Adipocytokine signaling pathway;Epithelial cell signaling in Helicobacter pylori infection;Shigellosis;Chagas disease (American trypanosomiasis);Toxoplasmosis;Hepatitis C;Measles;Pathways in cancer;Pancreatic cancer;Prostate cancer;Chronic myeloid leukemia;Acute myeloid leukemia;Small cell lung cancer
B2RRY4	Tight junction
Q8BYW0	Salivary secretion
Q3V318	Neuroactive ligand-receptor interaction
Q8C5Y6	Glycerophospholipid metabolism;Ether lipid metabolism;Arachidonic acid metabolism;Linoleic acid metabolism;alpha-Linolenic acid metabolism;MAPK signaling pathway;Vascular smooth muscle contraction;VEGF signaling pathway;Fc epsilon RI signaling pathway;Long-term depression;GnRH signaling pathway;Pancreatic secretion;Fat digestion and absorption;Toxoplasmosis
A0A0A0MQ82	MAPK signaling pathway
G3UWC3	Neuroactive ligand-receptor interaction
D1FNM9	Calcium signaling pathway;Salivary secretion;Pancreatic secretion
Q4FK28	Purine metabolism;Primary immunodeficiency
E9PXF3	RNA transport;Wnt signaling pathway
Q8BQ43	Complement and coagulation cascades
Q8BZI5	Calcium signaling pathway;Neuroactive ligand-receptor interaction;Gap junction
E9QK53	MAPK signaling pathway;Endocytosis;Regulation of actin cytoskeleton;Pathways in cancer;Prostate cancer
A0A0R4J0Z1	Protein processing in endoplasmic reticulum;Vibrio cholerae infection
Q2TAY4	Purine metabolism;Vascular smooth muscle contraction
A0A0R4IZY0	Renin-angiotensin system;African trypanosomiasis
A0A0R4J0P3	Neuroactive ligand-receptor interaction
Q8BRC7	Wnt signaling pathway;Hedgehog signaling pathway;Melanogenesis;Pathways in cancer;Basal cell carcinoma
Q3U7H1	Lysosome
Q3UVN4	Notch signaling pathway
Q4FK77	Bile secretion
A2AQJ8	Galactose metabolism;Starch and sucrose metabolism
Q3UEM7	Complement and coagulation cascades;Staphylococcus aureus infection
A0A494BAG2	Ubiquitin mediated proteolysis;Endocytosis;Aldosterone-regulated sodium reabsorption
D3Z4M6	Axon guidance
K7N6B1	Olfactory transduction
Q2M1K2	Ribosome biogenesis in eukaryotes
A0A0B4J1G1	Phagosome;Osteoclast differentiation;Fc gamma R-mediated phagocytosis;Staphylococcus aureus infection;ko05152;Measles;Systemic lupus erythematosus
B1AWM5	Arachidonic acid metabolism;Linoleic acid metabolism
Q3TNY3	Neurotrophin signaling pathway
Q3V0U2	Calcium signaling pathway;Neuroactive ligand-receptor interaction;Gap junction;Long-term potentiation;Long-term depression;Huntington's disease
Q6A002	RNA transport
Q6GQU1	Glycolysis / Gluconeogenesis;Fructose and mannose metabolism;Galactose metabolism;Starch and sucrose metabolism;Amino sugar and nucleotide sugar metabolism;Streptomycin biosynthesis;Butirosin and neomycin biosynthesis;Insulin signaling pathway;Type II diabetes mellitus;Carbohydrate digestion and absorption
Q3U0M8	RNA transport
F8VQN7	Olfactory transduction
Q544H0	RNA transport
A2AV10	Olfactory transduction
B1B0X3;E9QK39	MAPK signaling pathway;Oocyte meiosis;mTOR signaling pathway;Long-term potentiation;Neurotrophin signaling pathway;Progesterone-mediated oocyte maturation
Q3UEK1	Phagosome;Complement and coagulation cascades;Staphylococcus aureus infection
Q3UZD6	Cell cycle
G1K381	Axon guidance
Q8BV96	Terpenoid backbone biosynthesis;Bile secretion
L0MX76	Glycosaminoglycan degradation
Q541U3	Cytokine-cytokine receptor interaction;Jak-STAT signaling pathway
E9Q9A6	Cytokine-cytokine receptor interaction;Jak-STAT signaling pathway
A0A0R4J2C1	Alzheimer's disease
E9QK04	Cell adhesion molecules (CAMs)
Q8C6P4	Wnt signaling pathway;Hedgehog signaling pathway;Melanogenesis;Pathways in cancer;Basal cell carcinoma
E9Q547	Olfactory transduction
A0A1W2P7F1	Complement and coagulation cascades;Staphylococcus aureus infection;Systemic lupus erythematosus
Q3UM63	Mineral absorption
Q3TAI3	Cytokine-cytokine receptor interaction;Jak-STAT signaling pathway
Q3UWE2	Protein digestion and absorption
Q3V426	Ubiquitin mediated proteolysis;Protein processing in endoplasmic reticulum
Q542D9	Endocytosis;Phagosome;Hematopoietic cell lineage
Q8BMR3	N-Glycan biosynthesis;Various types of N-glycan biosynthesis;Protein processing in endoplasmic reticulum
Q0PD45	Endocytosis;Endocrine and other factor-regulated calcium reabsorption;Vasopressin-regulated water reabsorption;Pancreatic secretion
E9QPU1	Focal adhesion;ECM-receptor interaction;Complement and coagulation cascades
A2A8T1	Fatty acid metabolism;Arachidonic acid metabolism;Retinol metabolism;PPAR signaling pathway;Vascular smooth muscle contraction
Q3USR5	Ubiquitin mediated proteolysis;Protein processing in endoplasmic reticulum
L7N1Z5	Olfactory transduction
A0A0R4J093	Pyrimidine metabolism
A0A7U3JW51	MAPK signaling pathway;Regulation of actin cytoskeleton;Pathways in cancer;Melanoma
G3X9C6	Calcium signaling pathway;Neuroactive ligand-receptor interaction
A0A0R4J0B3	Regulation of autophagy;mTOR signaling pathway
A0A0R4J0X6	Cytokine-cytokine receptor interaction;Chemokine signaling pathway;Intestinal immune network for IgA production
Q3UMS9	Pathways in cancer;Small cell lung cancer
G3X9H5	Huntington's disease
F8VQ18	Olfactory transduction
A0A0A6YWR8	MAPK signaling pathway
A0A087WS83	MAPK signaling pathway;Calcium signaling pathway;Type II diabetes mellitus
Q8C066	Pathways in cancer;Acute myeloid leukemia
Q66JP5	Arachidonic acid metabolism;Linoleic acid metabolism
Q53ZD4	Glutathione metabolism;Metabolism of xenobiotics by cytochrome P450;Drug metabolism - cytochrome P450
Q542H2	Proteasome
B2MWM9	Protein processing in endoplasmic reticulum;Phagosome;Antigen processing and presentation;Chagas disease (American trypanosomiasis)
A0A0R4J0A4	Cytokine-cytokine receptor interaction;Endocytosis;Focal adhesion;Rheumatoid arthritis
A8IP69	Cell cycle;Oocyte meiosis;Neurotrophin signaling pathway
Q5U421	MAPK signaling pathway;MAPK signaling pathway - yeast;VEGF signaling pathway;Osteoclast differentiation;Toll-like receptor signaling pathway;NOD-like receptor signaling pathway;RIG-I-like receptor signaling pathway;T cell receptor signaling pathway;Fc epsilon RI signaling pathway;Leukocyte transendothelial migration;Neurotrophin signaling pathway;GnRH signaling pathway;Progesterone-mediated oocyte maturation;Amyotrophic lateral sclerosis (ALS);Epithelial cell signaling in Helicobacter pylori infection;Shigellosis;Leishmaniasis;Chagas disease (American trypanosomiasis);Toxoplasmosis;ko05152;Hepatitis C
Q3U479	MAPK signaling pathway;Cytokine-cytokine receptor interaction;Apoptosis;Osteoclast differentiation;Adipocytokine signaling pathway;Alzheimer's disease;Amyotrophic lateral sclerosis (ALS);Chagas disease (American trypanosomiasis);Toxoplasmosis;ko05152;Hepatitis C
A0A3B0IP04	Complement and coagulation cascades;Prion diseases;Chagas disease (American trypanosomiasis);Staphylococcus aureus infection;Systemic lupus erythematosus
J3QP08	Systemic lupus erythematosus
A2AUM0	Protein processing in endoplasmic reticulum;Hepatitis C;Measles
E9PUL3	Olfactory transduction;Pancreatic secretion
E9QNX9	Oocyte meiosis;Endocytosis;Focal adhesion;Adherens junction;Long-term depression;Progesterone-mediated oocyte maturation;Pathways in cancer;Glioma;Prostate cancer;Melanoma
Q6P5I3	Glycolysis / Gluconeogenesis;Fatty acid metabolism;Tyrosine metabolism;Chloroalkane and chloroalkene degradation;Naphthalene degradation;Methane metabolism;Retinol metabolism;Metabolism of xenobiotics by cytochrome P450;Drug metabolism - cytochrome P450
B5B2P6	Wnt signaling pathway;Axon guidance;VEGF signaling pathway;Natural killer cell mediated cytotoxicity;T cell receptor signaling pathway;B cell receptor signaling pathway
Q8BM73	Endocytosis
Q3UEH8	Phenylalanine metabolism;Phenylalanine, tyrosine and tryptophan biosynthesis
Q3TSP4	Glycosaminoglycan biosynthesis - heparan sulfate
Q5SXG5	Glycerophospholipid metabolism;Ether lipid metabolism;Endocytosis;Fc gamma R-mediated phagocytosis;GnRH signaling pathway
Q8BSI9	Cell adhesion molecules (CAMs);Arrhythmogenic right ventricular cardiomyopathy (ARVC)
A0A0B4J1E2	Spliceosome;Notch signaling pathway
Q3UKB9	Arginine and proline metabolism;Histidine metabolism;Tryptophan metabolism
B2RQQ8	Focal adhesion;ECM-receptor interaction;Protein digestion and absorption;Amoebiasis;Pathways in cancer;Small cell lung cancer
Q3TZI5	Mismatch repair;Pathways in cancer;Colorectal cancer
Q544D1	Cytokine-cytokine receptor interaction;Jak-STAT signaling pathway
A0A0R4J0B8	Endocytosis
V5TDK8	Glycerophospholipid metabolism;Ether lipid metabolism;Arachidonic acid metabolism;Linoleic acid metabolism;alpha-Linolenic acid metabolism;MAPK signaling pathway;Vascular smooth muscle contraction;VEGF signaling pathway;Fc epsilon RI signaling pathway;Long-term depression;GnRH signaling pathway;Pancreatic secretion;Fat digestion and absorption;Toxoplasmosis
G3X8X6	Cell adhesion molecules (CAMs)
E9Q4M1	Olfactory transduction
Q546F8	RNA degradation
Q6RI65	Basal transcription factors;Huntington's disease
A0A0R4J088	Complement and coagulation cascades
A0A0R4J0H9	Pathways in cancer;Renal cell carcinoma
V9GXI5	Phagosome;ko05152
F8VQ79	Phototransduction - fly
A0A158SIT0	Arginine and proline metabolism
A2AMS3	Galactose metabolism;Amino sugar and nucleotide sugar metabolism
Q3UI99	Cell cycle;Cell cycle - yeast;Meiosis - yeast
A0A068BIS6	Glycosphingolipid biosynthesis - ganglio series
A0MNP4	RNA degradation
Q8BLL2	Wnt signaling pathway;Melanogenesis;Pathways in cancer;Basal cell carcinoma
Q8BXX8	mRNA surveillance pathway
Q5SXA7	Pantothenate and CoA biosynthesis
Q8C089	Glycosaminoglycan biosynthesis - heparan sulfate
Q3UG39	Regulation of autophagy;mTOR signaling pathway
S4R2F1	MAPK signaling pathway;Cardiac muscle contraction;Hypertrophic cardiomyopathy (HCM);Arrhythmogenic right ventricular cardiomyopathy (ARVC);Dilated cardiomyopathy
Q6ZWS7	ErbB signaling pathway;Calcium signaling pathway;Oocyte meiosis;Wnt signaling pathway;Long-term potentiation;Neurotrophin signaling pathway;Olfactory transduction;Phototransduction - fly;GnRH signaling pathway;Melanogenesis;Gastric acid secretion;ko05152;Glioma
E9Q7S0	Inositol phosphate metabolism;Phosphatidylinositol signaling system
A0A1L1STV1	Olfactory transduction
Q2KHL4	Steroid hormone biosynthesis;Linoleic acid metabolism;Aminobenzoate degradation;Retinol metabolism;Metabolism of xenobiotics by cytochrome P450;Drug metabolism - cytochrome P450;Drug metabolism - other enzymes
Q8C894	Lipoic acid metabolism
A0A0R4J050	Arginine and proline metabolism
A0A0R4J0D3	N-Glycan biosynthesis;Various types of N-glycan biosynthesis;Protein processing in endoplasmic reticulum
A0A0R4J0N7	Primary bile acid biosynthesis;PPAR signaling pathway
A0A0R4J015	ABC transporters;Bile secretion
Q5NCT2	Homologous recombination
Q9ESZ3;Q9ESZ2	Fatty acid biosynthesis;Pyruvate metabolism;Propanoate metabolism;Insulin signaling pathway
A0A8Q0P8A2	Cytokine-cytokine receptor interaction;TGF-beta signaling pathway
Q3URV7	Cytokine-cytokine receptor interaction;Jak-STAT signaling pathway;Hematopoietic cell lineage
F6WMJ3	Regulation of actin cytoskeleton;Pancreatic cancer
B7ZNP9	mTOR signaling pathway
Q543T0	Neuroactive ligand-receptor interaction
A0A0N4SVC2	Spliceosome
Q3UKP6	Adherens junction;Regulation of actin cytoskeleton
Q14BH8	MAPK signaling pathway;Cardiac muscle contraction;Hypertrophic cardiomyopathy (HCM);Arrhythmogenic right ventricular cardiomyopathy (ARVC);Dilated cardiomyopathy
Q3UL64	Other glycan degradation;Sphingolipid metabolism;Lysosome
A2AL50	Ether lipid metabolism;Peroxisome
A0A0R4J112	RNA transport;Viral myocarditis
F8VQ84	Olfactory transduction
Q497D7	Ribosome
E9QPX3	Oxidative phosphorylation;Alzheimer's disease;Parkinson's disease;Huntington's disease
O08801	Amoebiasis
B0G0Y1	Fatty acid metabolism;Arachidonic acid metabolism;Retinol metabolism;PPAR signaling pathway;Vascular smooth muscle contraction
G5E8A9	PPAR signaling pathway;Pathways in cancer;Bladder cancer;Rheumatoid arthritis
K7N678	Olfactory transduction
B9EHN0	Ubiquitin mediated proteolysis;Parkinson's disease
D3YYY8	Bacterial invasion of epithelial cells
Q78GB8	MAPK signaling pathway;ErbB signaling pathway;Protein processing in endoplasmic reticulum;Wnt signaling pathway;Osteoclast differentiation;Focal adhesion;Toll-like receptor signaling pathway;NOD-like receptor signaling pathway;RIG-I-like receptor signaling pathway;Fc epsilon RI signaling pathway;Neurotrophin signaling pathway;Insulin signaling pathway;GnRH signaling pathway;Progesterone-mediated oocyte maturation;Adipocytokine signaling pathway;Type II diabetes mellitus;Epithelial cell signaling in Helicobacter pylori infection;Shigellosis;Chagas disease (American trypanosomiasis);Toxoplasmosis;ko05152;Hepatitis C;Pathways in cancer;Colorectal cancer;Pancreatic cancer
A2ASW4	Leukocyte transendothelial migration
Q3UTR5	Arginine and proline metabolism
Q3UN31	Glycerophospholipid metabolism;Ether lipid metabolism;Arachidonic acid metabolism;Linoleic acid metabolism;alpha-Linolenic acid metabolism;MAPK signaling pathway;Vascular smooth muscle contraction;VEGF signaling pathway;Fc epsilon RI signaling pathway;Long-term depression;GnRH signaling pathway;Pancreatic secretion;Fat digestion and absorption;Toxoplasmosis
Q8BXZ7	Axon guidance
H7BX23	Arginine and proline metabolism
Q3TEN9	Glycerolipid metabolism;PPAR signaling pathway;Plant-pathogen interaction
L0CL36	Phagosome;Toll-like receptor signaling pathway;Pathogenic Escherichia coli infection;Leishmaniasis;Chagas disease (American trypanosomiasis);Malaria;Toxoplasmosis;Amoebiasis;ko05152;Measles;Rheumatoid arthritis
Q3TR97	RNA transport
Q3UN66	MAPK signaling pathway;MAPK signaling pathway - yeast;ErbB signaling pathway;Calcium signaling pathway;Phosphatidylinositol signaling system;Vascular smooth muscle contraction;Wnt signaling pathway;VEGF signaling pathway;Focal adhesion;Tight junction;Gap junction;Natural killer cell mediated cytotoxicity;Fc gamma R-mediated phagocytosis;Leukocyte transendothelial migration;Long-term potentiation;Long-term depression;Phototransduction - fly;Melanogenesis;Aldosterone-regulated sodium reabsorption;Endocrine and other factor-regulated calcium reabsorption;Salivary secretion;Gastric acid secretion;Pancreatic secretion;Vibrio cholerae infection;African trypanosomiasis;Amoebiasis;Pathways in cancer;Glioma;Non-small cell lung cancer
Q3TWG5	Phagosome;Vasopressin-regulated water reabsorption
Q5QNU0	RNA transport
F8WIC0	Purine metabolism
Q3UNY4	Glycerophospholipid metabolism;Ether lipid metabolism;Endocytosis;Fc gamma R-mediated phagocytosis;GnRH signaling pathway
E9QM61	Nucleotide excision repair
I3RSH5	Ubiquitin mediated proteolysis
A2AVT0;Q7TR30	Olfactory transduction
Q05A81	Cytokine-cytokine receptor interaction;Jak-STAT signaling pathway;Hematopoietic cell lineage
E9Q7K1	Purine metabolism
A0A0N4SUK5	Vasopressin-regulated water reabsorption;Huntington's disease;Prostate cancer
E9PWL1	MAPK signaling pathway;Calcium signaling pathway;Type II diabetes mellitus
Q3U3N1	Oxidative phosphorylation;Porphyrin and chlorophyll metabolism
G3X975	Aminoacyl-tRNA biosynthesis
Q3V1X3	Mismatch repair
Q545W2	Purine metabolism;Pyrimidine metabolism;RNA polymerase;Cytosolic DNA-sensing pathway
G5E814	Oxidative phosphorylation;Alzheimer's disease;Parkinson's disease;Huntington's disease
E9QP07	Spliceosome
A2CFE9	Cytokine-cytokine receptor interaction;Chemokine signaling pathway
G3X8Y8	Phagosome;Toll-like receptor signaling pathway;Leishmaniasis;Chagas disease (American trypanosomiasis);Malaria;Toxoplasmosis;Amoebiasis;ko05152;Measles;Rheumatoid arthritis
Q3TVJ9	Glycosaminoglycan biosynthesis - keratan sulfate;Glycosphingolipid biosynthesis - lacto and neolacto series
Q3UZJ0	Cell cycle;Pathways in cancer;Pancreatic cancer;Glioma;Prostate cancer;Melanoma;Bladder cancer;Chronic myeloid leukemia;Small cell lung cancer;Non-small cell lung cancer
G3X9B1	Ribosome biogenesis in eukaryotes
E7FJU2	Endocrine and other factor-regulated calcium reabsorption
Q5SUV8	Histidine metabolism;Tyrosine metabolism;Phenylalanine metabolism;Tryptophan metabolism;Indole alkaloid biosynthesis;Isoquinoline alkaloid biosynthesis;Betalain biosynthesis
Q3UHW8	RNA transport
A0A0J9YU79	Fructose and mannose metabolism
Q54AB6	Cardiac muscle contraction;Hypertrophic cardiomyopathy (HCM);Dilated cardiomyopathy
Q544G5	ECM-receptor interaction;Hypertrophic cardiomyopathy (HCM);Arrhythmogenic right ventricular cardiomyopathy (ARVC);Dilated cardiomyopathy;Viral myocarditis
A0A158SIT4	Axon guidance
A0A0U5JAA2	Cytokine-cytokine receptor interaction;Rheumatoid arthritis
B2BH30;F6YJ89	Calcium signaling pathway;Neuroactive ligand-receptor interaction;Gap junction;Long-term potentiation;Long-term depression;Huntington's disease
A0A0R4J0N8	Cytokine-cytokine receptor interaction;Chemokine signaling pathway;Endocytosis;Axon guidance;Leukocyte transendothelial migration;Intestinal immune network for IgA production
A2APM2	ECM-receptor interaction;Hematopoietic cell lineage;Shigellosis
F8VPK6	Glycosaminoglycan biosynthesis - chondroitin sulfate;Glycosaminoglycan biosynthesis - heparan sulfate
A0A158RFU9	Neuroactive ligand-receptor interaction
E9Q8M3	Olfactory transduction
Q544L2	Pyrimidine metabolism;One carbon pool by folate
Q3U419	Osteoclast differentiation;Natural killer cell mediated cytotoxicity
Q8BS94	Axon guidance;Fc gamma R-mediated phagocytosis;Regulation of actin cytoskeleton
A0A3B2W725	Basal transcription factors;Huntington's disease
Q3V1K8	Axon guidance
E9Q8I0	Complement and coagulation cascades;Staphylococcus aureus infection
Q3TDI2	Protein processing in endoplasmic reticulum
Q3UR83	Neuroactive ligand-receptor interaction
Q3UZE4	Glycosaminoglycan degradation
Q3TCI8	Amino sugar and nucleotide sugar metabolism
Q8CC99	Neuroactive ligand-receptor interaction;Vascular smooth muscle contraction
K7QD41	Calcium signaling pathway;Chemokine signaling pathway;Natural killer cell mediated cytotoxicity;Leukocyte transendothelial migration;GnRH signaling pathway
Q3UTP5	Calcium signaling pathway;Protein digestion and absorption
A2ADL9	Tight junction
Q9D1R6	Cardiac muscle contraction;Hypertrophic cardiomyopathy (HCM);Dilated cardiomyopathy
A2AK60	Olfactory transduction
Q3UG07	Leukocyte transendothelial migration;GnRH signaling pathway;Pathways in cancer;Bladder cancer
A0A1L1SSG9	Olfactory transduction
Q53X17	Antigen processing and presentation;ko05152;Primary immunodeficiency
A0A087WSP5	Chemokine signaling pathway;Osteoclast differentiation;Toll-like receptor signaling pathway;Jak-STAT signaling pathway;Leishmaniasis;Toxoplasmosis;ko05152;Hepatitis C;Measles;Pathways in cancer;Pancreatic cancer
A0A0R4J0T4	MAPK signaling pathway;Chemokine signaling pathway;Apoptosis;Osteoclast differentiation;Toll-like receptor signaling pathway;NOD-like receptor signaling pathway;RIG-I-like receptor signaling pathway;Cytosolic DNA-sensing pathway;T cell receptor signaling pathway;B cell receptor signaling pathway;Neurotrophin signaling pathway;Insulin signaling pathway;Adipocytokine signaling pathway;Type II diabetes mellitus;Epithelial cell signaling in Helicobacter pylori infection;Shigellosis;Chagas disease (American trypanosomiasis);Toxoplasmosis;Hepatitis C;Pathways in cancer;Pancreatic cancer;Prostate cancer;Chronic myeloid leukemia;Acute myeloid leukemia;Small cell lung cancer
Q8BL41	ErbB signaling pathway;Calcium signaling pathway;Oocyte meiosis;Wnt signaling pathway;Long-term potentiation;Neurotrophin signaling pathway;Olfactory transduction;Phototransduction - fly;GnRH signaling pathway;Melanogenesis;Gastric acid secretion;ko05152;Glioma
A0A8I4YXJ8	Cell cycle;Cell cycle - yeast;Meiosis - yeast;Oocyte meiosis;Progesterone-mediated oocyte maturation
Q3UIG2	Peroxisome
Q4FJL1	MAPK signaling pathway;Cytokine-cytokine receptor interaction;Endocytosis;TGF-beta signaling pathway;Osteoclast differentiation;Adherens junction;Chagas disease (American trypanosomiasis);Pathways in cancer;Colorectal cancer;Pancreatic cancer;Chronic myeloid leukemia
E9PXF7	Hepatitis C
G3X9P9	RNA transport;Wnt signaling pathway
A0A1L1SSS5	Olfactory transduction
A2BHP7	Olfactory transduction
Q4FZL7	Cytokine-cytokine receptor interaction;RIG-I-like receptor signaling pathway;Jak-STAT signaling pathway
Q3UY39	Cytokine-cytokine receptor interaction;TGF-beta signaling pathway
E9Q554	Olfactory transduction
G5E8L8	MAPK signaling pathway;Gap junction;GnRH signaling pathway
A0A0R4J0V8	Lysosome
Q3V341	Endocytosis;Tight junction;Insulin signaling pathway
Q6P1E0	Osteoclast differentiation;Natural killer cell mediated cytotoxicity;B cell receptor signaling pathway;Fc epsilon RI signaling pathway;Fc gamma R-mediated phagocytosis;ko05152
L7MU04	Systemic lupus erythematosus
Q3U2P8	MAPK signaling pathway;VEGF signaling pathway;Neurotrophin signaling pathway
Q3UKQ7	Osteoclast differentiation;Jak-STAT signaling pathway;Hepatitis C;Measles
Q3TYB0	Wnt signaling pathway;Adherens junction;Melanogenesis;Pathways in cancer;Colorectal cancer;Endometrial cancer;Prostate cancer;Thyroid cancer;Basal cell carcinoma;Acute myeloid leukemia;Arrhythmogenic right ventricular cardiomyopathy (ARVC)
Q9CT84	Glycerophospholipid metabolism;Peroxisome
A2A614	Chemokine signaling pathway
G3UWE4	Steroid hormone biosynthesis
Q3UMJ4	Basal transcription factors
A0A286YDI8	Protein processing in endoplasmic reticulum
Q3V100	Fructose and mannose metabolism;Amino sugar and nucleotide sugar metabolism
A4PBQ7	ABC transporters
Q3UVJ7	Peroxisome
E9Q4X2	Protein processing in endoplasmic reticulum
Q14DT6	Complement and coagulation cascades;Staphylococcus aureus infection;Systemic lupus erythematosus
A0A0R4J001	Wnt signaling pathway
Q6NV63	Ubiquitin mediated proteolysis
A0A0R4IZY7	Natural killer cell mediated cytotoxicity
G5E8F1	Phagosome;Cell adhesion molecules (CAMs);Hematopoietic cell lineage;Leukocyte transendothelial migration;Regulation of actin cytoskeleton;Leishmaniasis;Amoebiasis;Staphylococcus aureus infection;ko05152
Q3UR96	Wnt signaling pathway;Hedgehog signaling pathway;Melanogenesis;Pathways in cancer;Basal cell carcinoma
A0A0R4J0U3	Circadian rhythm - mammal;Circadian rhythm - fly
B1ARV3	Alanine, aspartate and glutamate metabolism;Cysteine and methionine metabolism;Valine, leucine and isoleucine degradation;Tyrosine metabolism;Phenylalanine metabolism;Tryptophan metabolism;Phenylalanine, tyrosine and tryptophan biosynthesis;Isoquinoline alkaloid biosynthesis
Q3UEQ9	Lysine biosynthesis;Lysine degradation
Q3UIB2	MAPK signaling pathway;MAPK signaling pathway - yeast;VEGF signaling pathway;Osteoclast differentiation;Toll-like receptor signaling pathway;NOD-like receptor signaling pathway;RIG-I-like receptor signaling pathway;T cell receptor signaling pathway;Fc epsilon RI signaling pathway;Leukocyte transendothelial migration;Neurotrophin signaling pathway;GnRH signaling pathway;Progesterone-mediated oocyte maturation;Amyotrophic lateral sclerosis (ALS);Epithelial cell signaling in Helicobacter pylori infection;Shigellosis;Leishmaniasis;Chagas disease (American trypanosomiasis);Toxoplasmosis;ko05152;Hepatitis C
E9PWG6	Cell cycle - yeast
Q3TY45	Vitamin digestion and absorption
Q3UZ79	ErbB signaling pathway;Jak-STAT signaling pathway;ko05152;Measles;Pathways in cancer;Chronic myeloid leukemia;Acute myeloid leukemia
Q3V002	Neuroactive ligand-receptor interaction
A0A0R4J0T8	Endocytosis
A0A7R8C4Y5	Cytokine-cytokine receptor interaction;Regulation of autophagy;Toll-like receptor signaling pathway;RIG-I-like receptor signaling pathway;Cytosolic DNA-sensing pathway;Jak-STAT signaling pathway;Natural killer cell mediated cytotoxicity;ko05152;Hepatitis C;Measles;Autoimmune thyroid disease
A2ALD4	Olfactory transduction
Q0VGQ1	Steroid hormone biosynthesis;Biosynthesis of unsaturated fatty acids
Q3UAI3	PPAR signaling pathway;Phagosome;ECM-receptor interaction;Hematopoietic cell lineage;Adipocytokine signaling pathway;Fat digestion and absorption;Malaria
Q3UJ34	Alanine, aspartate and glutamate metabolism;Arginine and proline metabolism
Q3UJ76	Endocytosis;Endocrine and other factor-regulated calcium reabsorption;Huntington's disease
Q543H3	Arginine and proline metabolism
Q8BND1	Gap junction;Long-term depression;Olfactory transduction;Salivary secretion
Q8C718	Wnt signaling pathway;Hedgehog signaling pathway;Melanogenesis;Pathways in cancer;Basal cell carcinoma
A2ACY7	Olfactory transduction
Q3UEN8	Steroid hormone biosynthesis;Linoleic acid metabolism;Aminobenzoate degradation;Retinol metabolism;Metabolism of xenobiotics by cytochrome P450;Drug metabolism - cytochrome P450;Drug metabolism - other enzymes
Q3U5G1	Chemokine signaling pathway;T cell receptor signaling pathway;Leukocyte transendothelial migration
Q3ULU3	Valine, leucine and isoleucine degradation;Valine, leucine and isoleucine biosynthesis;Pantothenate and CoA biosynthesis
B1ARV2	Olfactory transduction
E9Q564	Olfactory transduction
Q3UE22	Chemokine signaling pathway;Vascular smooth muscle contraction;Wnt signaling pathway;TGF-beta signaling pathway;Axon guidance;Focal adhesion;Leukocyte transendothelial migration;Regulation of actin cytoskeleton;Pathogenic Escherichia coli infection;Shigellosis
Q80TR9	Fc gamma R-mediated phagocytosis
Q3UDB5	Glycosaminoglycan biosynthesis - heparan sulfate
Q544A0	MAPK signaling pathway;ErbB signaling pathway;Protein processing in endoplasmic reticulum;Wnt signaling pathway;Osteoclast differentiation;Focal adhesion;Toll-like receptor signaling pathway;NOD-like receptor signaling pathway;RIG-I-like receptor signaling pathway;Fc epsilon RI signaling pathway;Neurotrophin signaling pathway;Insulin signaling pathway;GnRH signaling pathway;Progesterone-mediated oocyte maturation;Adipocytokine signaling pathway;Type II diabetes mellitus;Epithelial cell signaling in Helicobacter pylori infection;Shigellosis;Chagas disease (American trypanosomiasis);Toxoplasmosis;ko05152;Hepatitis C;Pathways in cancer;Colorectal cancer;Pancreatic cancer
A2ANQ2	Calcium signaling pathway;Neuroactive ligand-receptor interaction;Vascular smooth muscle contraction;Salivary secretion
Q8BMH9	Cytokine-cytokine receptor interaction;Chemokine signaling pathway
Q14C42	MAPK signaling pathway;Cardiac muscle contraction;Hypertrophic cardiomyopathy (HCM);Arrhythmogenic right ventricular cardiomyopathy (ARVC);Dilated cardiomyopathy
B2RSC8	Ubiquitin mediated proteolysis;Endocytosis
Q545H8	Axon guidance
Q8BV60	Other types of O-glycan biosynthesis
F6U238	Notch signaling pathway
Q9D9X3	Nicotinate and nicotinamide metabolism
Q3UTV9	Cytokine-cytokine receptor interaction;Jak-STAT signaling pathway;Hematopoietic cell lineage
Q3ULV6	Other glycan degradation;Sphingolipid metabolism
Q3UFS5	PPAR signaling pathway
A2AVJ7	Protein processing in endoplasmic reticulum
A0A0R4J036	Amyotrophic lateral sclerosis (ALS)
Q544V2	Neuroactive ligand-receptor interaction;Gap junction
F6R5P4	Cytokine-cytokine receptor interaction;Chemokine signaling pathway
Q2TBA6	Wnt signaling pathway;Hedgehog signaling pathway;Melanogenesis;Pathways in cancer;Basal cell carcinoma
Q8CEI0	Chemokine signaling pathway;B cell receptor signaling pathway;Fc epsilon RI signaling pathway;Fc gamma R-mediated phagocytosis;Long-term depression;Epithelial cell signaling in Helicobacter pylori infection
Q3TEL0	Fatty acid elongation in mitochondria;Lysosome
G3X995	Protein digestion and absorption
A0A0R4J1C9	Glycosaminoglycan biosynthesis - keratan sulfate
A0A0R4J0A8	Base excision repair
A0A7R8GUW9	Cytokine-cytokine receptor interaction;Jak-STAT signaling pathway
Q4V9Z9	Chemokine signaling pathway;Endocytosis;Phototransduction
Q3V141	mRNA surveillance pathway
Q642K1	Ribosome
E9QMJ8	Wnt signaling pathway;Pathways in cancer;Colorectal cancer;Endometrial cancer;Basal cell carcinoma
A0A0R4J065	Regulation of autophagy
Q3V334	Neuroactive ligand-receptor interaction
Q3U9X2	RNA degradation;Spliceosome
Q8BRF6	RNA transport
A0A1L1STZ9	Olfactory transduction
Q3TK95	RNA transport;mTOR signaling pathway;Insulin signaling pathway
Q6GQV9	Cell cycle;Wnt signaling pathway;Notch signaling pathway;TGF-beta signaling pathway;Adherens junction;Jak-STAT signaling pathway;Long-term potentiation;Melanogenesis;Huntington's disease;ko05152;Pathways in cancer;Renal cell carcinoma;Prostate cancer
A0A0R4J0W1	Taste transduction
A0A0R4J105	Tight junction;Epithelial cell signaling in Helicobacter pylori infection
K7Q7T7	MAPK signaling pathway;Chemokine signaling pathway;Phagosome;Wnt signaling pathway;Axon guidance;VEGF signaling pathway;Osteoclast differentiation;Focal adhesion;Adherens junction;Toll-like receptor signaling pathway;Natural killer cell mediated cytotoxicity;B cell receptor signaling pathway;Fc epsilon RI signaling pathway;Fc gamma R-mediated phagocytosis;Leukocyte transendothelial migration;Neurotrophin signaling pathway;Regulation of actin cytoskeleton;Pancreatic secretion;Amyotrophic lateral sclerosis (ALS);Bacterial invasion of epithelial cells;Epithelial cell signaling in Helicobacter pylori infection;Shigellosis;Pathways in cancer;Colorectal cancer;Renal cell carcinoma;Pancreatic cancer;Viral myocarditis
Q8CBY7	MAPK signaling pathway;Adherens junction;Regulation of actin cytoskeleton;Pathways in cancer;Prostate cancer;Melanoma
E9PZ16	ECM-receptor interaction
A0A1B0GSX7	RNA transport
Q3UG22	MAPK signaling pathway;Cytokine-cytokine receptor interaction;Endocytosis;TGF-beta signaling pathway;Osteoclast differentiation;Adherens junction;Chagas disease (American trypanosomiasis);Pathways in cancer;Colorectal cancer;Pancreatic cancer;Chronic myeloid leukemia
F8VQ72	MAPK signaling pathway;Ubiquitin mediated proteolysis;RIG-I-like receptor signaling pathway;Neurotrophin signaling pathway;GnRH signaling pathway
Q8C213	Calcium signaling pathway;Pancreatic secretion;Alzheimer's disease
E9Q843	Olfactory transduction
Q546X9	Protein processing in endoplasmic reticulum
A0A0U5JAA8	Cytokine-cytokine receptor interaction
Q3KP92	Cytokine-cytokine receptor interaction;Intestinal immune network for IgA production;Rheumatoid arthritis
Q8R0X5	Calcium signaling pathway;Pancreatic secretion;Alzheimer's disease
B2RS82	Amino sugar and nucleotide sugar metabolism
A0A0R4J038	Complement and coagulation cascades
A0A0R4J096	Circadian rhythm - mammal
Q812G4	Apoptosis;Chagas disease (American trypanosomiasis)
Q2M4G9	Ubiquitin mediated proteolysis;Jak-STAT signaling pathway;Hepatitis C;Pathways in cancer;Small cell lung cancer
Q3TXW0	Glycosphingolipid biosynthesis - lacto and neolacto series
A0A0R4J136	Steroid hormone biosynthesis
Q8BQ03	DNA replication;Cell cycle;Cell cycle - yeast;Meiosis - yeast
Q3TUH8	MAPK signaling pathway;Neurotrophin signaling pathway
Q3USD5	Phosphonate and phosphinate metabolism;Glycerophospholipid metabolism
Q543B6	Cell adhesion molecules (CAMs);Hematopoietic cell lineage
Q4FJT2	ErbB signaling pathway
Q3TR87	Primary immunodeficiency
Q3UJ95	Inositol phosphate metabolism;Phosphatidylinositol signaling system;Regulation of actin cytoskeleton
Q5CZY9	Ribosome
Q3TNK3	Glutathione metabolism;Arachidonic acid metabolism
F8VQG4	Endocytosis;Phagosome;Cell adhesion molecules (CAMs);Antigen processing and presentation;Natural killer cell mediated cytotoxicity;Type I diabetes mellitus;Autoimmune thyroid disease;Allograft rejection;Graft-versus-host disease;Viral myocarditis
D3YVG0	Bile secretion
L7MTT3	Olfactory transduction
Q0VAY0	Olfactory transduction
Q8BVD4	Fatty acid metabolism;Lysine degradation;Benzoate degradation;Tryptophan metabolism
Q8BM62	N-Glycan biosynthesis;Other types of O-glycan biosynthesis
Q3U102	Cell adhesion molecules (CAMs);Leukocyte transendothelial migration
A0A140T8R7	Huntington's disease
B8JJM6	Complement and coagulation cascades;Staphylococcus aureus infection
Q4FJQ4	Apoptosis;Alzheimer's disease
Q3UD67	Aminoacyl-tRNA biosynthesis
Q3U5G4	Antigen processing and presentation;Toxoplasmosis;ko05152;Primary immunodeficiency
Q3UB72	Adherens junction;Jak-STAT signaling pathway;Natural killer cell mediated cytotoxicity;T cell receptor signaling pathway;B cell receptor signaling pathway;Leishmaniasis
Q3V2I2	Notch signaling pathway
Q3UHB5	MAPK signaling pathway
Q543K2	Amyotrophic lateral sclerosis (ALS)
Q3UN35	Glycosphingolipid biosynthesis - ganglio series
Q3TDQ8	Purine metabolism
D8KZH8	Neuroactive ligand-receptor interaction
A0A1W2P740	Olfactory transduction
F8VPL4	Taste transduction
A2CF88	Arachidonic acid metabolism
A0A140LI54	Glycerophospholipid metabolism
A0A0R4J104	Endocytosis
Q542K0	Insulin signaling pathway;Adipocytokine signaling pathway;Hypertrophic cardiomyopathy (HCM)
Q3UEN4	Methane metabolism;Drug metabolism - cytochrome P450
Q5RKP4	N-Glycan biosynthesis;Various types of N-glycan biosynthesis;Protein processing in endoplasmic reticulum
Q8R1Z0	Acute myeloid leukemia
E9Q3G8	RNA transport
Q5SUZ7	Cell adhesion molecules (CAMs);T cell receptor signaling pathway;Intestinal immune network for IgA production;Primary immunodeficiency
F6QNG5	Phototransduction - fly
G3X9B2	Oocyte meiosis
Q66JY8	Steroid biosynthesis;ko05152
A0A411ACX9	MAPK signaling pathway;Cardiac muscle contraction;Hypertrophic cardiomyopathy (HCM);Arrhythmogenic right ventricular cardiomyopathy (ARVC);Dilated cardiomyopathy
Q8BHW1	Ribosome biogenesis in eukaryotes
D2CGM4	RIG-I-like receptor signaling pathway;Measles
A0A140LJK7	Calcium signaling pathway;Salivary secretion;Alzheimer's disease
B2RS41	Alanine, aspartate and glutamate metabolism;Butanoate metabolism
Q642U4	Cytokine-cytokine receptor interaction;Chemokine signaling pathway;Rheumatoid arthritis
A0A0A0MQ69	Protein processing in endoplasmic reticulum
F8VQI7	Olfactory transduction
F8VQK3	Purine metabolism;Vascular smooth muscle contraction;Gap junction;Long-term depression;Salivary secretion
A0A0R4J074	Lysine degradation
Q14AM4	Toll-like receptor signaling pathway;Pathogenic Escherichia coli infection;Toxoplasmosis
A0A0R4J0J6	RNA transport
B1AWN9	Cytokine-cytokine receptor interaction
E9Q7C5	Olfactory transduction
G5E882	Malaria
A3KPB8	Cytokine-cytokine receptor interaction;Jak-STAT signaling pathway;Hematopoietic cell lineage;Rheumatoid arthritis
B2RWT9	Axon guidance
Q3UV83	Cell adhesion molecules (CAMs)
Q54AI7	Cytokine-cytokine receptor interaction;Chemokine signaling pathway;Rheumatoid arthritis
Q9CS54	Protein export
A0A0R4J0Z3	Vasopressin-regulated water reabsorption;Bile secretion
A0A0R4J122	Bile secretion
A0A0B4J1F3	Osteoclast differentiation
Q8BKB0	Neuroactive ligand-receptor interaction
Q8C8M7	Cell cycle
Q3UN55	Fatty acid metabolism;PPAR signaling pathway
Q80ZL3	Endocytosis
E9Q9V3	Notch signaling pathway
Q3TP81	Nucleotide excision repair;Ubiquitin mediated proteolysis
Q3TU98	Regulation of actin cytoskeleton
Q3UKU8	Neuroactive ligand-receptor interaction;Pancreatic secretion
Q3V0S2	RNA degradation
G5E896	RNA degradation
Q3V3U5	Ubiquitin mediated proteolysis;Jak-STAT signaling pathway;Hepatitis C;Pathways in cancer;Small cell lung cancer
Q3KP20	Calcium signaling pathway;Neuroactive ligand-receptor interaction
Q8CD51	Renin-angiotensin system
Q0PD48	Measles
A3KPP7;A3KPP5	Olfactory transduction
A0A0R4J0V0	Histidine metabolism;beta-Alanine metabolism
Q0PD34	Endocytosis
D3Z741	RNA transport;Wnt signaling pathway
A0A0R4J190	Nicotinate and nicotinamide metabolism;Calcium signaling pathway;Salivary secretion;Pancreatic secretion
Q0VDW9	ABC transporters
Q546I3	PPAR signaling pathway;Wnt signaling pathway;Pathways in cancer;Acute myeloid leukemia
Q3UG05	Glycerophospholipid metabolism;Ether lipid metabolism;Arachidonic acid metabolism;Linoleic acid metabolism;alpha-Linolenic acid metabolism;MAPK signaling pathway;Vascular smooth muscle contraction;VEGF signaling pathway;Fc epsilon RI signaling pathway;Long-term depression;GnRH signaling pathway;Pancreatic secretion;Fat digestion and absorption;Toxoplasmosis
D3Z6E3	Glycosaminoglycan biosynthesis - chondroitin sulfate;Sulfur metabolism
E9Q413	Olfactory transduction
Q540G0	Apoptosis;Toll-like receptor signaling pathway;Neurotrophin signaling pathway;Leishmaniasis;Chagas disease (American trypanosomiasis);Toxoplasmosis;ko05152;Measles
A2ARY1	Olfactory transduction
Q3KP88	Cytokine-cytokine receptor interaction
E9PXW4	Olfactory transduction
Q3UNW2	Drug metabolism - cytochrome P450
Q5DTI2	Calcium signaling pathway;Pancreatic secretion;Alzheimer's disease
G3UVT9	Phagosome;ko05152;Measles
A0A087WQ16	Mismatch repair;Pathways in cancer;Colorectal cancer
Q3UMU4	PPAR signaling pathway;Adipocytokine signaling pathway;Bile secretion;Hepatitis C;Pathways in cancer;Thyroid cancer;Small cell lung cancer;Non-small cell lung cancer
F8VPQ6	Aminobenzoate degradation;Folate biosynthesis;Two-component system
Q544U5	Purine metabolism;Pyrimidine metabolism
A0A0R4J048	Steroid hormone biosynthesis
A0A7R8GUQ3	Cytokine-cytokine receptor interaction;Jak-STAT signaling pathway;T cell receptor signaling pathway;Intestinal immune network for IgA production;Leishmaniasis;Chagas disease (American trypanosomiasis);African trypanosomiasis;Malaria;Toxoplasmosis;Amoebiasis;Staphylococcus aureus infection;ko05152;Asthma;Autoimmune thyroid disease;Systemic lupus erythematosus;Allograft rejection
Q3UU47	Neuroactive ligand-receptor interaction;Adipocytokine signaling pathway
Q8C9G5	Cytokine-cytokine receptor interaction;Focal adhesion;Malaria;Pathways in cancer;Renal cell carcinoma;Melanoma
G3XA48	Terpenoid backbone biosynthesis
Q3UMM1	Phagosome;Gap junction;Pathogenic Escherichia coli infection
K7N6C2	Arachidonic acid metabolism;Linoleic acid metabolism;Retinol metabolism;Metabolism of xenobiotics by cytochrome P450;Drug metabolism - cytochrome P450
Q8BRE1	Cell adhesion molecules (CAMs)
A0A0R4J090	Hematopoietic cell lineage
A0A654ICD2	Gap junction;Arrhythmogenic right ventricular cardiomyopathy (ARVC)
A0A0R4J0X5	Complement and coagulation cascades
Q3U6X7	Cell cycle;Oocyte meiosis;p53 signaling pathway;Progesterone-mediated oocyte maturation;Measles;Pathways in cancer;Prostate cancer;Small cell lung cancer
V9GWT0	Toxoplasmosis
Q32XG7	Parkinson's disease
D3YXF5	Complement and coagulation cascades;Prion diseases;Systemic lupus erythematosus
Q3URP1	Lysine degradation
Q8C8N0	Calcium signaling pathway;Phosphatidylinositol signaling system;Oocyte meiosis;Vascular smooth muscle contraction;Gap junction;Long-term potentiation;Long-term depression;GnRH signaling pathway;Salivary secretion;Gastric acid secretion;Pancreatic secretion;Alzheimer's disease;Huntington's disease
Q3UEF2	Arachidonic acid metabolism;Linoleic acid metabolism;Retinol metabolism;Metabolism of xenobiotics by cytochrome P450;Drug metabolism - cytochrome P450
Q3UHZ0	PPAR signaling pathway;mTOR signaling pathway;Focal adhesion;Insulin signaling pathway;Aldosterone-regulated sodium reabsorption;Endometrial cancer;Prostate cancer;Non-small cell lung cancer
Q3UI35	Wnt signaling pathway
F8WGE3	ABC transporters
Q3UP78	Hematopoietic cell lineage
Q3UYD3	Taste transduction
B9EHC3	Glycosaminoglycan biosynthesis - chondroitin sulfate;Sulfur metabolism
E9QNA7	PPAR signaling pathway;Adherens junction;Insulin signaling pathway
Q1HL32	Cell cycle;Cell cycle - yeast;Meiosis - yeast;Oocyte meiosis
Q3U454	Alzheimer's disease;Malaria
Q3UPA1	Calcium signaling pathway;Vascular smooth muscle contraction;Gap junction;Long-term depression;GnRH signaling pathway;Chagas disease (American trypanosomiasis);Amoebiasis
A0A5F8MPT6	Tight junction
E9Q468	Neuroactive ligand-receptor interaction
F8VQC1	Protein export
Q3UZF9	Focal adhesion;ECM-receptor interaction;Regulation of actin cytoskeleton;Bacterial invasion of epithelial cells;Amoebiasis;Pathways in cancer;Small cell lung cancer
Q549R4	Cell cycle;TGF-beta signaling pathway;Pathways in cancer;Small cell lung cancer
A2A7S7	Aminoacyl-tRNA biosynthesis
A0A0R4J1W7	Cell cycle;Cell cycle - yeast;Meiosis - yeast;Oocyte meiosis;Ubiquitin mediated proteolysis;Progesterone-mediated oocyte maturation
A0A1L1SRK6	Olfactory transduction
G3X8X0	Spliceosome
Q3UQH5	Steroid hormone biosynthesis
Q53WY0	Chemokine signaling pathway;Adherens junction;Fc gamma R-mediated phagocytosis;Regulation of actin cytoskeleton;Bacterial invasion of epithelial cells;Pathogenic Escherichia coli infection;Shigellosis
G3X9B7	Circadian rhythm - mammal
Q8C5V7	Focal adhesion;Neurotrophin signaling pathway;Insulin signaling pathway;Renal cell carcinoma
Q9CTE0	Ubiquitin mediated proteolysis
Q0VF19	MAPK signaling pathway;Regulation of actin cytoskeleton;Pathways in cancer;Melanoma
A0A1D5RL92	Spliceosome
Q6L8F5	Circadian rhythm - mammal
Q8CB97	Neuroactive ligand-receptor interaction
Q3UH19	MAPK signaling pathway;Alzheimer's disease
Q3UXG3	Vascular smooth muscle contraction;Salivary secretion;Pancreatic secretion
Q3UZZ2	Notch signaling pathway;Maturity onset diabetes of the young
Q544A5	Cytokine-cytokine receptor interaction;mTOR signaling pathway;Focal adhesion;Pathways in cancer;Renal cell carcinoma;Pancreatic cancer;Bladder cancer;Rheumatoid arthritis
A3KN68	Type I diabetes mellitus
Q0P635	Cytokine-cytokine receptor interaction;Endocytosis;Osteoclast differentiation;Hematopoietic cell lineage;Pathways in cancer
Q5HZI3	Nicotinate and nicotinamide metabolism
E9QPD7	Citrate cycle (TCA cycle);Pyruvate metabolism
B2RUG4	Hedgehog signaling pathway;Pathways in cancer;Basal cell carcinoma
Q3V1B2	Wnt signaling pathway;Melanogenesis;Pathways in cancer;Basal cell carcinoma
Q3UVX2	Chemokine signaling pathway;Regulation of actin cytoskeleton
E9PYH0	Cell adhesion molecules (CAMs)
A0A0A0MQ87	MAPK signaling pathway;ErbB signaling pathway;MAPK signaling pathway - fly;Chemokine signaling pathway;Dorso-ventral axis formation;Focal adhesion;Gap junction;Jak-STAT signaling pathway;Natural killer cell mediated cytotoxicity;T cell receptor signaling pathway;B cell receptor signaling pathway;Fc epsilon RI signaling pathway;Neurotrophin signaling pathway;Regulation of actin cytoskeleton;Insulin signaling pathway;GnRH signaling pathway;Hepatitis C;Pathways in cancer;Renal cell carcinoma;Endometrial cancer;Glioma;Prostate cancer;Chronic myeloid leukemia;Acute myeloid leukemia;Non-small cell lung cancer
E9Q5I3	Salivary secretion
B1AWD0	Purine metabolism
Q8BXJ6	Aminoacyl-tRNA biosynthesis
Q8C6Q7	Cell adhesion molecules (CAMs);T cell receptor signaling pathway;Fc gamma R-mediated phagocytosis;Primary immunodeficiency
Q8CC91	Arachidonic acid metabolism;Linoleic acid metabolism
I7HJR1	Protein digestion and absorption
E9Q7C8	Arachidonic acid metabolism;Linoleic acid metabolism;Retinol metabolism;Metabolism of xenobiotics by cytochrome P450;Drug metabolism - cytochrome P450
Q3UVA1	Calcium signaling pathway;Phosphatidylinositol signaling system;Oocyte meiosis;Vascular smooth muscle contraction;Gap junction;Long-term potentiation;Long-term depression;GnRH signaling pathway;Salivary secretion;Gastric acid secretion;Pancreatic secretion;Alzheimer's disease;Huntington's disease
A0A0R4IZX6	Lysosome
A0A1L1SUC9	Olfactory transduction
Q0VGU0	Protein processing in endoplasmic reticulum
Q5NCM7	Endocytosis
B2RXX9	Tight junction;Viral myocarditis
A0A0R4IZY2	Drug metabolism - cytochrome P450
Q3U1V3	Chemokine signaling pathway;Endocytosis;Phototransduction - fly
Q3UY35	Glycosaminoglycan biosynthesis - keratan sulfate
A2AVC0	Olfactory transduction
E9QA16	Vascular smooth muscle contraction
E9PWA8	Olfactory transduction
Q3UK27	Alzheimer's disease
A0A7R8GUW5	Cytokine-cytokine receptor interaction;RIG-I-like receptor signaling pathway;Jak-STAT signaling pathway
A2NTK1	Osteoclast differentiation
A0A0R4J091	Purine metabolism;Pyrimidine metabolism;DNA replication;Base excision repair;Nucleotide excision repair
Q544L9	Axon guidance
Q3V4A1	mTOR signaling pathway;Adipocytokine signaling pathway
Q543U7	Cytokine-cytokine receptor interaction
Q3UAP1	Protein processing in endoplasmic reticulum
Q3UM14	Lysosome
Q3U1E8	Cytokine-cytokine receptor interaction;Chemokine signaling pathway
Q3TR46	Chemokine signaling pathway;Vascular smooth muscle contraction;Wnt signaling pathway;TGF-beta signaling pathway;Axon guidance;Focal adhesion;Leukocyte transendothelial migration;Regulation of actin cytoskeleton;Pathogenic Escherichia coli infection;Shigellosis
A2AJW4	Insulin signaling pathway
G3UW94	Spliceosome;Shigellosis
Q3UG55	Porphyrin and chlorophyll metabolism
Q8C4R2	Gap junction;Long-term depression;Olfactory transduction;Salivary secretion
Q0PD50	Pancreatic secretion
A0A7R8C3E4	Cytokine-cytokine receptor interaction;Regulation of autophagy;Toll-like receptor signaling pathway;RIG-I-like receptor signaling pathway;Cytosolic DNA-sensing pathway;Jak-STAT signaling pathway;Natural killer cell mediated cytotoxicity;ko05152;Hepatitis C;Measles;Autoimmune thyroid disease
A0A0G2JFH3	Olfactory transduction
F8VQM0	Aminobenzoate degradation;Folate biosynthesis;Two-component system
Q8BZV9	Calcium signaling pathway;Neuroactive ligand-receptor interaction
Q8CC52	Axon guidance
E9Q593	Arachidonic acid metabolism;Retinol metabolism;Metabolism of xenobiotics by cytochrome P450;Drug metabolism - cytochrome P450
Q3UCW2	mTOR signaling pathway;Pathways in cancer;Renal cell carcinoma
Q3UEJ8	Glycine, serine and threonine metabolism;Lysine degradation;Peroxisome
B9EIV8	Collecting duct acid secretion
B2RRZ7	Apoptosis;RIG-I-like receptor signaling pathway;Adipocytokine signaling pathway;ko05152;Hepatitis C
Q14DI6	Biosynthesis of unsaturated fatty acids
Q8BXN1	Calcium signaling pathway;Protein digestion and absorption
Q544P6	Hedgehog signaling pathway
A0A0R4J0P1	Valine, leucine and isoleucine degradation
A0A0R4J0P6	RNA degradation
A0A0R4J0R1	SNARE interactions in vesicular transport
Q52KC1	RNA transport
Q8CDH5	Ribosome biogenesis in eukaryotes;Wnt signaling pathway;Adherens junction;Tight junction;Circadian rhythm - plant;Measles
Q3TG75	Arginine and proline metabolism
Q9CUZ6	Wnt signaling pathway;Melanogenesis;Pathways in cancer;Basal cell carcinoma
Q3U1K2	Calcium signaling pathway;Pancreatic secretion;Alzheimer's disease
Q5SQK1	Vascular smooth muscle contraction
Q8C094	MAPK signaling pathway;ErbB signaling pathway;Protein processing in endoplasmic reticulum;Wnt signaling pathway;Osteoclast differentiation;Focal adhesion;Toll-like receptor signaling pathway;NOD-like receptor signaling pathway;RIG-I-like receptor signaling pathway;Fc epsilon RI signaling pathway;Neurotrophin signaling pathway;Insulin signaling pathway;GnRH signaling pathway;Progesterone-mediated oocyte maturation;Adipocytokine signaling pathway;Type II diabetes mellitus;Epithelial cell signaling in Helicobacter pylori infection;Shigellosis;Chagas disease (American trypanosomiasis);Toxoplasmosis;ko05152;Hepatitis C;Pathways in cancer;Colorectal cancer;Pancreatic cancer
G3X8Z7	Neuroactive ligand-receptor interaction
Q3V2N4	Ubiquitin mediated proteolysis
B2RTL6	Phagosome;TGF-beta signaling pathway;Focal adhesion;ECM-receptor interaction;Malaria
Q566C3	Alanine, aspartate and glutamate metabolism;Carbon fixation in photosynthetic organisms
E9Q7P5	Olfactory transduction
Q7TPD5	MAPK signaling pathway;Oocyte meiosis;mTOR signaling pathway;Long-term potentiation;Neurotrophin signaling pathway;Progesterone-mediated oocyte maturation
A0A1L1SU13	Olfactory transduction
E9QNZ9	Glycerolipid metabolism
Q3TH57	Spliceosome
Q3UFE8	Lysosome
A2AVC4	Olfactory transduction
A0A1L1SSZ5	Olfactory transduction
A2A545	MAPK signaling pathway;Cardiac muscle contraction;Hypertrophic cardiomyopathy (HCM);Arrhythmogenic right ventricular cardiomyopathy (ARVC);Dilated cardiomyopathy
A6MDC5	Cell adhesion molecules (CAMs)
Q6NXV8	Cytokine-cytokine receptor interaction;Endocytosis;Osteoclast differentiation;Hematopoietic cell lineage;Pathways in cancer
E9QQ91	Wnt signaling pathway;Adherens junction;Melanogenesis;Pathways in cancer;Colorectal cancer;Endometrial cancer;Prostate cancer;Thyroid cancer;Basal cell carcinoma;Acute myeloid leukemia;Arrhythmogenic right ventricular cardiomyopathy (ARVC)
Q3U1Z6	Cytokine-cytokine receptor interaction;Jak-STAT signaling pathway;Intestinal immune network for IgA production;Rheumatoid arthritis
Q3UXD8	ErbB signaling pathway;mTOR signaling pathway;TGF-beta signaling pathway;Fc gamma R-mediated phagocytosis;Insulin signaling pathway;Acute myeloid leukemia
Q810M8	Protein processing in endoplasmic reticulum
F8VPT3	Galactose metabolism;Carbohydrate digestion and absorption
A0A5F8MQB6	Olfactory transduction;Pancreatic secretion
A0A7R8GV68	Cytokine-cytokine receptor interaction;Regulation of autophagy;Toll-like receptor signaling pathway;RIG-I-like receptor signaling pathway;Cytosolic DNA-sensing pathway;Jak-STAT signaling pathway;Natural killer cell mediated cytotoxicity;ko05152;Hepatitis C;Measles;Autoimmune thyroid disease
Q3TQF1	Cytokine-cytokine receptor interaction;Hematopoietic cell lineage;Pathways in cancer;Acute myeloid leukemia
G3X9L8	Olfactory transduction
Q3TY83	MAPK signaling pathway
Q0VBD7	Calcium signaling pathway;Neuroactive ligand-receptor interaction;Complement and coagulation cascades;Regulation of actin cytoskeleton
G3X8P9	Valine, leucine and isoleucine degradation;Tyrosine metabolism;Tryptophan metabolism;Vitamin B6 metabolism;Nicotinate and nicotinamide metabolism;Drug metabolism - cytochrome P450
Q3UZ80	Non-homologous end-joining;Hematopoietic cell lineage
Q3V2L8	Purine metabolism;Pyrimidine metabolism
A2AM56	ABC transporters
Q3UZK2	Cell adhesion molecules (CAMs);Tight junction;Leukocyte transendothelial migration;Hepatitis C
Q3V0J9	Cell adhesion molecules (CAMs);Adherens junction;Insulin signaling pathway
Q3UC02	Ribosome
Q5ND43	Inositol phosphate metabolism;Phosphatidylinositol signaling system
A0A087WQK2	Protein processing in endoplasmic reticulum
Q62344	Olfactory transduction
Q5I0V6	Cysteine and methionine metabolism
Q78PA5	Cytokine-cytokine receptor interaction;Jak-STAT signaling pathway;Hematopoietic cell lineage
E9Q9B7	Neurotrophin signaling pathway
Q3UHH6	Chemokine signaling pathway;Regulation of actin cytoskeleton
Q3U6G1	Riboflavin metabolism;Porphyrin and chlorophyll metabolism
Q149J3	Wnt signaling pathway;Melanogenesis;Pathways in cancer;Basal cell carcinoma
D3Z6V7	Endocytosis
E9QL43	RNA transport
Q3TCI2	Protein processing in endoplasmic reticulum
G3X9P7	Vascular smooth muscle contraction
Q3UN81	Neuroactive ligand-receptor interaction
Q3V3W7	Complement and coagulation cascades
Q544K4	MAPK signaling pathway;Apoptosis;Osteoclast differentiation;T cell receptor signaling pathway;Intestinal immune network for IgA production;Epithelial cell signaling in Helicobacter pylori infection
E9PVX1	Olfactory transduction
Q3U3B7	Streptomycin biosynthesis;Inositol phosphate metabolism;Phosphatidylinositol signaling system
E9PV37	Olfactory transduction
Q3USE0	Insulin signaling pathway
Q3UHN4	MAPK signaling pathway;Calcium signaling pathway;Long-term depression;Taste transduction;Type II diabetes mellitus
Q810L8	Wnt signaling pathway;Melanogenesis;Pathways in cancer;Basal cell carcinoma
Q0PD62	Tight junction
E9QQ21	Neuroactive ligand-receptor interaction
B3Y5T0	Calcium signaling pathway;Neuroactive ligand-receptor interaction
Q8CDZ9	MAPK signaling pathway;Cytokine-cytokine receptor interaction;Cell cycle;Endocytosis;TGF-beta signaling pathway;Osteoclast differentiation;Leishmaniasis;Chagas disease (American trypanosomiasis);Malaria;Toxoplasmosis;Amoebiasis;ko05152;Pathways in cancer;Colorectal cancer;Renal cell carcinoma;Pancreatic cancer;Chronic myeloid leukemia;Rheumatoid arthritis;Hypertrophic cardiomyopathy (HCM);Dilated cardiomyopathy
Q545V6	Neuroactive ligand-receptor interaction;Gastric acid secretion
F7CXU4	Endocytosis;Phagosome;Cell adhesion molecules (CAMs);Antigen processing and presentation;Natural killer cell mediated cytotoxicity;Type I diabetes mellitus;Autoimmune thyroid disease;Allograft rejection;Graft-versus-host disease;Viral myocarditis
Q5SQF9	Mucin type O-Glycan biosynthesis
Q3V1Y6	mRNA surveillance pathway
D3Z5D4	Phagosome;ko05152;Measles
E9PXZ7	Regulation of actin cytoskeleton
G3UWB6	Neuroactive ligand-receptor interaction
Q3TET2	Glycerolipid metabolism;PPAR signaling pathway;Plant-pathogen interaction
A0A0R4J0B4	Amino sugar and nucleotide sugar metabolism
L7MU59	Olfactory transduction
Q68G78	Tight junction
A0A411ACY3	MAPK signaling pathway;Cardiac muscle contraction;Hypertrophic cardiomyopathy (HCM);Arrhythmogenic right ventricular cardiomyopathy (ARVC);Dilated cardiomyopathy
B1AUC4	Ubiquitin mediated proteolysis
Q8BVW4	Cytokine-cytokine receptor interaction;Chemokine signaling pathway
A0A0R4J092	Other glycan degradation;Lysosome
A2CGA5	Ubiquitin mediated proteolysis;Apoptosis;Focal adhesion;NOD-like receptor signaling pathway;Toxoplasmosis;Pathways in cancer;Small cell lung cancer
A9Z1Z1	Cytokine-cytokine receptor interaction;Chemokine signaling pathway
Q3TZJ9	p53 signaling pathway
Q3UYC1	Terpenoid backbone biosynthesis
E9Q509	Glycolysis / Gluconeogenesis;Purine metabolism;Pyruvate metabolism;Insulin signaling pathway;Type II diabetes mellitus;Maturity onset diabetes of the young
A0A0R4J0H7	Cell cycle - yeast
A0A087WS15	Fatty acid metabolism;Arachidonic acid metabolism;Retinol metabolism;PPAR signaling pathway;Vascular smooth muscle contraction
Q3UWT7	Glycerophospholipid metabolism;Ether lipid metabolism;Endocytosis;Fc gamma R-mediated phagocytosis;GnRH signaling pathway
A0A0R4J0H5	Lysosome
A9YZW8	Pathways in cancer;Bladder cancer;Non-small cell lung cancer
Q3UA65	DNA replication;Cell cycle;Cell cycle - yeast;Meiosis - yeast
L7N466	One carbon pool by folate
E9QM38	Salivary secretion;Pancreatic secretion;Vibrio cholerae infection
Q80WU9	MAPK signaling pathway
Q3UZ96	Adherens junction
Q8CEI8	MAPK signaling pathway
Q3UFV9	Protein processing in endoplasmic reticulum
F8VQ28	Chemokine signaling pathway;VEGF signaling pathway;Focal adhesion;Leukocyte transendothelial migration;Regulation of actin cytoskeleton;Bacterial invasion of epithelial cells
Q3UDU9	Protein processing in endoplasmic reticulum
G5E8J1	Olfactory transduction
Q544S6	Primary bile acid biosynthesis
G3UWD6	Pentose phosphate pathway;Glutathione metabolism
Q5SV02	Homologous recombination;Non-homologous end-joining
E9QAN8	Inositol phosphate metabolism;Phosphatidylinositol signaling system
Q3UEM4	Arachidonic acid metabolism;Linoleic acid metabolism;Retinol metabolism;Metabolism of xenobiotics by cytochrome P450;Drug metabolism - cytochrome P450
Q3UZT5	Neuroactive ligand-receptor interaction
Q3TW74	One carbon pool by folate
A0A0R4J0W4	Nitrogen metabolism
Q8C7X9	Calcium signaling pathway;Phosphatidylinositol signaling system;Oocyte meiosis;Vascular smooth muscle contraction;Gap junction;Long-term potentiation;Long-term depression;GnRH signaling pathway;Salivary secretion;Gastric acid secretion;Pancreatic secretion;Alzheimer's disease;Huntington's disease
E9QMH1	Atrazine degradation
Q3TBY9	Neuroactive ligand-receptor interaction
Q3UU98	Huntington's disease
A0A0R4J0K0	Jak-STAT signaling pathway
A0A0R4J0F4	Notch signaling pathway
Q148Q4	Retinol metabolism
Q8BJ14	Cell cycle;Wnt signaling pathway;Notch signaling pathway;TGF-beta signaling pathway;Adherens junction;Jak-STAT signaling pathway;Long-term potentiation;Melanogenesis;Huntington's disease;ko05152;Pathways in cancer;Renal cell carcinoma;Prostate cancer
Q8C6X9	MAPK signaling pathway;Protein processing in endoplasmic reticulum;Apoptosis;Osteoclast differentiation;RIG-I-like receptor signaling pathway;Adipocytokine signaling pathway;Hepatitis C;Pathways in cancer;Small cell lung cancer
Q3UQ86	Neuroactive ligand-receptor interaction
A2AGU5	Cell adhesion molecules (CAMs);Tight junction;Leukocyte transendothelial migration;Hepatitis C
A0A0R4J198	Synthesis and degradation of ketone bodies;Valine, leucine and isoleucine degradation;Butanoate metabolism
Q6PCM3	Cell cycle;Pathways in cancer;Pancreatic cancer;Glioma;Prostate cancer;Melanoma;Bladder cancer;Chronic myeloid leukemia;Small cell lung cancer;Non-small cell lung cancer
A0A087WP11	Systemic lupus erythematosus
B1AVK5	Focal adhesion;ECM-receptor interaction;Protein digestion and absorption;Amoebiasis;Pathways in cancer;Small cell lung cancer
Q2TB46	Phototransduction
Q3TMK9	Cell cycle;Cell cycle - yeast;Meiosis - yeast;Oocyte meiosis
F8VPQ4	Axon guidance
Q53WR6	Cell adhesion molecules (CAMs)
Q542P8	Ribosome biogenesis in eukaryotes
E9QAP7	Basal transcription factors;Huntington's disease
Q3TA88	Endocytosis
F8WI71	Cytokine-cytokine receptor interaction;Toll-like receptor signaling pathway;RIG-I-like receptor signaling pathway;Jak-STAT signaling pathway;Type I diabetes mellitus;Leishmaniasis;Chagas disease (American trypanosomiasis);African trypanosomiasis;Malaria;Toxoplasmosis;Amoebiasis;ko05152;Measles;Allograft rejection
A0A0R4J1A5	Lysosome
A2AFQ0	Ubiquitin mediated proteolysis
Q5DU30	p53 signaling pathway;Apoptosis;Alzheimer's disease;Parkinson's disease;Amyotrophic lateral sclerosis (ALS);Huntington's disease;ko05152;Small cell lung cancer
A0A1L1SSL9	Cell cycle;p53 signaling pathway
E9Q2T3	Focal adhesion;ECM-receptor interaction
A0A0R4J256	Proteasome
Q54AJ5	Cell adhesion molecules (CAMs)
G3X8V6	Cytokine-cytokine receptor interaction;Jak-STAT signaling pathway
Q3UXN3	Aminoacyl-tRNA biosynthesis
M0QWU0	Wnt signaling pathway
A0A0F7RQH1	Neuroactive ligand-receptor interaction;GnRH signaling pathway;Autoimmune thyroid disease
A0A0B4J1F0	Focal adhesion;ECM-receptor interaction;Regulation of actin cytoskeleton;Hypertrophic cardiomyopathy (HCM);Arrhythmogenic right ventricular cardiomyopathy (ARVC);Dilated cardiomyopathy
Q542Q3	p53 signaling pathway
Q3V2F7	PPAR signaling pathway;Fat digestion and absorption
G3X8Z6;G3UZD0	DNA replication;Nucleotide excision repair;Mismatch repair
Q4KL26	MAPK signaling pathway;Cardiac muscle contraction;Hypertrophic cardiomyopathy (HCM);Arrhythmogenic right ventricular cardiomyopathy (ARVC);Dilated cardiomyopathy
Q3TKG4	Proteasome
Q3V1P4	Glycosaminoglycan biosynthesis - heparan sulfate
Q3UGN6	PPAR signaling pathway;mTOR signaling pathway;Focal adhesion;Insulin signaling pathway;Aldosterone-regulated sodium reabsorption;Endometrial cancer;Prostate cancer;Non-small cell lung cancer
A0A0R4J083	Fatty acid metabolism;PPAR signaling pathway
G3X8R4	Basal transcription factors;Nucleotide excision repair
A2CFB8	ECM-receptor interaction;Hematopoietic cell lineage
Q3U3H5	Galactose metabolism;Amino sugar and nucleotide sugar metabolism
Q3UEN1	Pyrimidine metabolism;Drug metabolism - other enzymes
E9QNB8	Lysine degradation
Q3UKC6	Cytokine-cytokine receptor interaction;Endocytosis;Osteoclast differentiation;Hematopoietic cell lineage;Pathways in cancer
Q31200	Endocytosis;Phagosome;Cell adhesion molecules (CAMs);Antigen processing and presentation;Natural killer cell mediated cytotoxicity;Type I diabetes mellitus;Autoimmune thyroid disease;Allograft rejection;Graft-versus-host disease;Viral myocarditis
A0A1W2P7Q6	RNA transport
A0A1B0GSF4	Olfactory transduction
Q3U965	Peroxisome
Q3UBC6	Porphyrin and chlorophyll metabolism
Q3UIA4	Glycolysis / Gluconeogenesis;Histidine metabolism;Tyrosine metabolism;Phenylalanine metabolism;beta-Alanine metabolism;Metabolism of xenobiotics by cytochrome P450;Drug metabolism - cytochrome P450
B2RQH0	Staphylococcus aureus infection
Q3UF24	Protein processing in endoplasmic reticulum;Apoptosis;Alzheimer's disease
Q3TB79	Protein processing in endoplasmic reticulum;Apoptosis;Alzheimer's disease
Q544C9	RNA degradation
Q3UTL8	Neuroactive ligand-receptor interaction
Q5SX74	Arginine and proline metabolism
B2CZK6	Lysosome
Q80WV2	p53 signaling pathway
Q3UDY2	Sphingolipid metabolism
E9QK41	Axon guidance
Q54AA6	Glycerolipid metabolism;Retinol metabolism;Fat digestion and absorption
D3YZR2	ErbB signaling pathway
F8VPV3	Hedgehog signaling pathway
F8VPJ9	Olfactory transduction
Q3UR74	Cell cycle;Oocyte meiosis;Progesterone-mediated oocyte maturation
Q3UMH6	MAPK signaling pathway;Cell cycle;p53 signaling pathway
A0A0R4J0J4	Malaria
Q3UY05	Oxidative phosphorylation;Alzheimer's disease;Parkinson's disease;Huntington's disease
Q5DTK3	Endocytosis;Tight junction;Insulin signaling pathway
A0A0R4J043	Protein digestion and absorption
D3Z4E0	Alanine, aspartate and glutamate metabolism;Cysteine and methionine metabolism;Valine, leucine and isoleucine degradation;Tyrosine metabolism;Phenylalanine metabolism;Tryptophan metabolism;Phenylalanine, tyrosine and tryptophan biosynthesis;Isoquinoline alkaloid biosynthesis
E9QMD2	Ubiquitin mediated proteolysis
Q3TH41	Osteoclast differentiation;T cell receptor signaling pathway
Q4VA48	mRNA surveillance pathway
Q0VGS8	Neuroactive ligand-receptor interaction;Long-term depression
Q3UTY9	MAPK signaling pathway
Q3UWD7	MAPK signaling pathway;ErbB signaling pathway;Cytokine-cytokine receptor interaction;Endocytosis;Focal adhesion;Gap junction;Regulation of actin cytoskeleton;Hepatitis C;Pathways in cancer;Pancreatic cancer;Endometrial cancer;Glioma;Prostate cancer;Melanoma;Bladder cancer;Non-small cell lung cancer
Q8C9W4	Cytokine-cytokine receptor interaction;Jak-STAT signaling pathway;Hematopoietic cell lineage;Primary immunodeficiency
Q8BU75	RNA transport
Q3UWF9	Measles
Q8BJ38	Cell cycle;Pathways in cancer;Pancreatic cancer;Glioma;Prostate cancer;Melanoma;Bladder cancer;Chronic myeloid leukemia;Small cell lung cancer;Non-small cell lung cancer
Q3UKC8	Chemokine signaling pathway
Q3UYZ6	Ubiquitin mediated proteolysis
Q3V1C8	Purine metabolism;Pyrimidine metabolism
Q3UFZ2	MAPK signaling pathway;Regulation of actin cytoskeleton;Pathways in cancer;Melanoma
Q3UU40	Antigen processing and presentation;Toxoplasmosis;ko05152;Primary immunodeficiency
Q3TPD9	Glycine, serine and threonine metabolism;Arginine and proline metabolism;Histidine metabolism;Tyrosine metabolism;Phenylalanine metabolism;Tryptophan metabolism;Isoquinoline alkaloid biosynthesis;Drug metabolism - cytochrome P450
Q3ULK1	Endocytosis
Q3UWN7	Oxidative phosphorylation;Lysosome;Phagosome;Vibrio cholerae infection;Epithelial cell signaling in Helicobacter pylori infection;ko05152;Rheumatoid arthritis
Q6PHN2	Cell adhesion molecules (CAMs)
Q6XL43	Pentose and glucuronate interconversions;Ascorbate and aldarate metabolism;Steroid hormone biosynthesis;Starch and sucrose metabolism;Other types of O-glycan biosynthesis;Retinol metabolism;Porphyrin and chlorophyll metabolism;Metabolism of xenobiotics by cytochrome P450;Drug metabolism - cytochrome P450;Drug metabolism - other enzymes
Q3TV47	Cardiac muscle contraction;Aldosterone-regulated sodium reabsorption;Endocrine and other factor-regulated calcium reabsorption;Proximal tubule bicarbonate reclamation;Salivary secretion;Gastric acid secretion;Pancreatic secretion;Carbohydrate digestion and absorption;Protein digestion and absorption;Bile secretion;Mineral absorption
Q3UQY2	Glycosylphosphatidylinositol(GPI)-anchor biosynthesis
Q8BW46	Aminoacyl-tRNA biosynthesis
Q3UN14	Tropane, piperidine and pyridine alkaloid biosynthesis;Drug metabolism - other enzymes
Q3TEK8	Cell adhesion molecules (CAMs);Antigen processing and presentation;Hematopoietic cell lineage;T cell receptor signaling pathway;Primary immunodeficiency
Q6GQW8	MAPK signaling pathway
Q9D679	Antigen processing and presentation
Q8HWB4	Endocytosis;Phagosome;Cell adhesion molecules (CAMs);Antigen processing and presentation;Natural killer cell mediated cytotoxicity;Type I diabetes mellitus;Autoimmune thyroid disease;Allograft rejection;Graft-versus-host disease;Viral myocarditis
Q3US09	RNA transport;Spliceosome
Q3U6V4	ABC transporters;Phagosome;Antigen processing and presentation;Primary immunodeficiency
Q3U538	Steroid hormone biosynthesis
Q8C6Z4	PPAR signaling pathway;Phagosome;ECM-receptor interaction;Hematopoietic cell lineage;Adipocytokine signaling pathway;Fat digestion and absorption;Malaria
Q3TSW1	Purine metabolism;Pyrimidine metabolism;RNA polymerase;Cytosolic DNA-sensing pathway
A2RSZ3;A0A0U1RNP9	Olfactory transduction
A0A1U9W1A4	Malaria
Q7TPS7	Antigen processing and presentation;ko05152
Q3ULX4	Cell adhesion molecules (CAMs);Tight junction;Leukocyte transendothelial migration;Hepatitis C
Q8C4C0	Huntington's disease
Q3UHH5	Calcium signaling pathway;Vascular smooth muscle contraction;Gap junction;Long-term potentiation;Long-term depression;Phototransduction - fly;GnRH signaling pathway;Melanogenesis;Endocrine and other factor-regulated calcium reabsorption;Salivary secretion;Gastric acid secretion;Pancreatic secretion;Alzheimer's disease;Huntington's disease;Chagas disease (American trypanosomiasis);African trypanosomiasis;Amoebiasis
Q54A87	Oxidative phosphorylation;Phagosome;Collecting duct acid secretion;Vibrio cholerae infection;Epithelial cell signaling in Helicobacter pylori infection;Rheumatoid arthritis
Q1LZM2	Aminobenzoate degradation;Folate biosynthesis;Two-component system
Q3TU49	Purine metabolism;Pyrimidine metabolism;RNA polymerase
Q8CB40	Toll-like receptor signaling pathway;Pathogenic Escherichia coli infection
Q3TZ69	Glycosaminoglycan biosynthesis - chondroitin sulfate;Glycosaminoglycan biosynthesis - heparan sulfate
Q9Z1V5	Olfactory transduction
Q8VFB8	Olfactory transduction
Q6PIT2	MAPK signaling pathway
A6H6B9	Cell cycle
Q3TVM1	Spliceosome
Q3ULI4	Chemokine signaling pathway;Jak-STAT signaling pathway;Adipocytokine signaling pathway;Toxoplasmosis;ko05152;Hepatitis C;Measles;Pathways in cancer;Pancreatic cancer;Acute myeloid leukemia
Q9Z0I9	Focal adhesion;ECM-receptor interaction;Protein digestion and absorption
Q9CTF6	MAPK signaling pathway;Tight junction;Regulation of actin cytoskeleton
A7MD55	Neuroactive ligand-receptor interaction
Q3US12	Neuroactive ligand-receptor interaction;Renin-angiotensin system
Q8BSC0	Ubiquitin mediated proteolysis;Endocytosis;TGF-beta signaling pathway
Q3UV99	Endocytosis
Q8BW12	Glutathione metabolism;Metabolism of xenobiotics by cytochrome P450;Drug metabolism - cytochrome P450
Q8BPT3	Focal adhesion;ECM-receptor interaction;Hematopoietic cell lineage;Regulation of actin cytoskeleton;Hypertrophic cardiomyopathy (HCM);Arrhythmogenic right ventricular cardiomyopathy (ARVC);Dilated cardiomyopathy
Q7TS44	Olfactory transduction
Q66JY7	Maturity onset diabetes of the young
Q3UDV8	Cytokine-cytokine receptor interaction;Jak-STAT signaling pathway;Toxoplasmosis;ko05152
Q3UHN1	Axon guidance
A0A7U3JW69	MAPK signaling pathway;Regulation of actin cytoskeleton;Pathways in cancer;Melanoma
Q3TUR4	RIG-I-like receptor signaling pathway
Q8BS01	Regulation of actin cytoskeleton
Q8CBM0	Focal adhesion
Q3TR43	Protein digestion and absorption
Q3US00	Spliceosome
Q8BUA6	RNA transport
Q8BSU4	Purine metabolism
Q3USB4	Axon guidance
Q6PAL3	Lysosome
Q3UWW9	Proteasome
Q3UFE4	Mucin type O-Glycan biosynthesis
Q8CED6	Calcium signaling pathway;Phosphatidylinositol signaling system;Oocyte meiosis;Vascular smooth muscle contraction;Gap junction;Long-term potentiation;Long-term depression;GnRH signaling pathway;Salivary secretion;Gastric acid secretion;Pancreatic secretion;Alzheimer's disease
Q497H7	One carbon pool by folate;Methane metabolism;Carbon fixation pathways in prokaryotes
Q3TZH4	Natural killer cell mediated cytotoxicity;Type I diabetes mellitus;Autoimmune thyroid disease;Allograft rejection;Graft-versus-host disease
Q3USH0	Neuroactive ligand-receptor interaction
Q8CCG5	Pathways in cancer;Pancreatic cancer
Q80XJ7	Glycolysis / Gluconeogenesis;Glycerolipid metabolism;Caprolactam degradation
Q3UUD4	Hedgehog signaling pathway;Pathways in cancer;Basal cell carcinoma
Q0VGZ0	Basal transcription factors
Q3TY98	Oxidative phosphorylation;Lysosome;Phagosome;Collecting duct acid secretion;Vibrio cholerae infection;Epithelial cell signaling in Helicobacter pylori infection;ko05152;Rheumatoid arthritis
Q8BMC5	Purine metabolism
Q3UI58	Cell cycle;TGF-beta signaling pathway
Q3US51	Cell cycle
Q545B5	Cytokine-cytokine receptor interaction;Chemokine signaling pathway
Q9D7Y7	Neuroactive ligand-receptor interaction;Pancreatic secretion;Protein digestion and absorption
Q6NXI4	MAPK signaling pathway
Q5FW78	Cytokine-cytokine receptor interaction;Jak-STAT signaling pathway;Hematopoietic cell lineage;Primary immunodeficiency
Q3UGA8	Purine metabolism;Alanine, aspartate and glutamate metabolism
Q3UH83	Purine metabolism;Vascular smooth muscle contraction;Gap junction;Long-term depression;Salivary secretion
Q8CBT5	Calcium signaling pathway;Chagas disease (American trypanosomiasis);Amoebiasis
Q8CAB9	Protein processing in endoplasmic reticulum
Q5M9P0	Cysteine and methionine metabolism
A1L0V6	RIG-I-like receptor signaling pathway;Cytosolic DNA-sensing pathway;Hepatitis C;Measles
Q3TPM2	MAPK signaling pathway;Insulin signaling pathway
Q3UNQ6	Tight junction
Q3TR40	Phagosome;TGF-beta signaling pathway;Focal adhesion;ECM-receptor interaction;Malaria
Q3USU4	Primary bile acid biosynthesis;Steroid hormone biosynthesis
Q9D2S1	Glutathione metabolism;Metabolism of xenobiotics by cytochrome P450;Drug metabolism - cytochrome P450
A2BDD3	Olfactory transduction
Q3UKR3	Porphyrin and chlorophyll metabolism
Q6P2K2	Biosynthesis of unsaturated fatty acids
Q8C470	RNA transport;mTOR signaling pathway;Insulin signaling pathway
Q9JHZ8	Tryptophan metabolism
Q9D8S2	Lysosome
Q3TQG5	Hematopoietic cell lineage;B cell receptor signaling pathway;Primary immunodeficiency
Q6PEE6	Endocytosis;Endocrine and other factor-regulated calcium reabsorption;Huntington's disease
Q3TN86	Basal transcription factors
Q3USK4	MAPK signaling pathway;ErbB signaling pathway;MAPK signaling pathway - fly;Chemokine signaling pathway;Dorso-ventral axis formation;Focal adhesion;Gap junction;Jak-STAT signaling pathway;Natural killer cell mediated cytotoxicity;T cell receptor signaling pathway;B cell receptor signaling pathway;Fc epsilon RI signaling pathway;Neurotrophin signaling pathway;Regulation of actin cytoskeleton;Insulin signaling pathway;GnRH signaling pathway;Hepatitis C;Pathways in cancer;Renal cell carcinoma;Endometrial cancer;Glioma;Prostate cancer;Chronic myeloid leukemia;Acute myeloid leukemia;Non-small cell lung cancer
Q3UUN2	Purine metabolism;Calcium signaling pathway;Chemokine signaling pathway;Oocyte meiosis;Vascular smooth muscle contraction;Gap junction;Long-term potentiation;Taste transduction;GnRH signaling pathway;Progesterone-mediated oocyte maturation;Melanogenesis;Salivary secretion;Gastric acid secretion;Pancreatic secretion;Bile secretion;Dilated cardiomyopathy
Q3TNN8	Purine metabolism;Vascular smooth muscle contraction;Gap junction;Long-term depression;Salivary secretion
Q3TN99	PPAR signaling pathway;Peroxisome
Q544C7	Cell adhesion molecules (CAMs);Intestinal immune network for IgA production
Q3UXH3	Axon guidance
Q571G0	Phagosome
Q3V1T9	Neuroactive ligand-receptor interaction;Complement and coagulation cascades;Staphylococcus aureus infection
Q4KL16	Phagosome;ko05152;Measles
Q6QRP1	Cell adhesion molecules (CAMs)
Q3UE99	Lysosome;Antigen processing and presentation
Q80VQ4	Olfactory transduction;Phototransduction
Q3UE96	Leukocyte transendothelial migration
Q3UKA4	Glycolysis / Gluconeogenesis;Fatty acid metabolism;Tyrosine metabolism;Retinol metabolism;Metabolism of xenobiotics by cytochrome P450;Drug metabolism - cytochrome P450
Q8BLS4	Amino sugar and nucleotide sugar metabolism
Q3TMU4	Histidine metabolism;beta-Alanine metabolism
Q8C2C6	Pathways in cancer;Thyroid cancer
Q80XK0	MAPK signaling pathway;Calcium signaling pathway;Oocyte meiosis;Apoptosis;Wnt signaling pathway;Axon guidance;VEGF signaling pathway;Osteoclast differentiation;Natural killer cell mediated cytotoxicity;T cell receptor signaling pathway;B cell receptor signaling pathway;Long-term potentiation;Alzheimer's disease;Amyotrophic lateral sclerosis (ALS);ko05152
Q3UH86	Notch signaling pathway
Q3TYI2	Purine metabolism;Pyrimidine metabolism;RNA polymerase;Huntington's disease
Q3UHS6	Focal adhesion
Q3UP55	Oxidative phosphorylation;Lysosome;Phagosome;Collecting duct acid secretion;Vibrio cholerae infection;Epithelial cell signaling in Helicobacter pylori infection;ko05152;Rheumatoid arthritis
Q149R8	Glycosaminoglycan biosynthesis - heparan sulfate
Q68FD6	Focal adhesion
Q542P5	Arachidonic acid metabolism
Q5D0F7	p53 signaling pathway
Q6PDL3	Chemokine signaling pathway;Adherens junction;Fc gamma R-mediated phagocytosis;Regulation of actin cytoskeleton;Bacterial invasion of epithelial cells;Pathogenic Escherichia coli infection;Shigellosis
Q3TPY7	Cell cycle;Cell cycle - yeast;Meiosis - yeast
Q6A0A3	Chemokine signaling pathway;Fc gamma R-mediated phagocytosis
Q3UTI4	Purine metabolism;Vascular smooth muscle contraction;Gap junction;Long-term depression;Salivary secretion
Q9D153	Cell cycle
Q8BRW9	Cytokine-cytokine receptor interaction;TGF-beta signaling pathway
B0LDS3	Endocytosis
Q3TUR5	Tight junction
Q3U1Z0	Glycosaminoglycan degradation;Lysosome
Q85ZX0	Endocytosis;Phagosome;Cell adhesion molecules (CAMs);Antigen processing and presentation;Natural killer cell mediated cytotoxicity;Type I diabetes mellitus;Autoimmune thyroid disease;Allograft rejection;Graft-versus-host disease;Viral myocarditis
Q3TZ72	Ubiquitin mediated proteolysis
Q3UGU6	mRNA surveillance pathway
Q54AG5	Glycerophospholipid metabolism
Q3TM87	Regulation of autophagy
Q3UQ81	Arginine and proline metabolism
Q3UVW8	Neuroactive ligand-receptor interaction
B0LAD9	Focal adhesion;ECM-receptor interaction;Protein digestion and absorption
Q5DTL8	Protein processing in endoplasmic reticulum
Q8C7J1	Methane metabolism;Drug metabolism - cytochrome P450
Q3TKA0	Amino sugar and nucleotide sugar metabolism
Q3URD4	Neuroactive ligand-receptor interaction
Q8C7Z5	Gastric acid secretion
Q8BPS7	RNA transport
Q7TND3	Lysosome
Q3UH31	Cytosolic DNA-sensing pathway;Measles
Q3V197	Nitrogen metabolism
A0A077S9N1	Salivary secretion
Q3UIR2	Basal transcription factors
Q3TP23	ErbB signaling pathway;Chemokine signaling pathway;Phosphatidylinositol signaling system;mTOR signaling pathway;Apoptosis;VEGF signaling pathway;Osteoclast differentiation;Focal adhesion;Toll-like receptor signaling pathway;Jak-STAT signaling pathway;Natural killer cell mediated cytotoxicity;T cell receptor signaling pathway;B cell receptor signaling pathway;Fc epsilon RI signaling pathway;Fc gamma R-mediated phagocytosis;Leukocyte transendothelial migration;Neurotrophin signaling pathway;Regulation of actin cytoskeleton;Insulin signaling pathway;Progesterone-mediated oocyte maturation;Type II diabetes mellitus;Aldosterone-regulated sodium reabsorption;Carbohydrate digestion and absorption;Bacterial invasion of epithelial cells;Chagas disease (American trypanosomiasis);Toxoplasmosis;Amoebiasis;Hepatitis C;Measles;Pathways in cancer;Colorectal cancer;Renal cell carcinoma;Pancreatic cancer;Endometrial cancer;Glioma;Prostate cancer;Melanoma;Chronic myeloid leukemia;Acute myeloid leukemia;Small cell lung cancer;Non-small cell lung cancer
Q8CEP0	Protein digestion and absorption
Q3UEM0	Fructose and mannose metabolism;Bisphenol degradation;Linoleic acid metabolism;Chloroalkane and chloroalkene degradation;Butanoate metabolism
Q8BZW9	Lysosome
Q3U5L7	Cytokine-cytokine receptor interaction;Chemokine signaling pathway
Q3UL48	Leukocyte transendothelial migration;Regulation of actin cytoskeleton;Gastric acid secretion;Pathogenic Escherichia coli infection
Q762C9	Base excision repair
Q8C9W6	Circadian rhythm - mammal;Circadian rhythm - fly
Q0VB35	Cytokine-cytokine receptor interaction;Chemokine signaling pathway
Q3U1P1	Purine metabolism;Calcium signaling pathway;Chemokine signaling pathway;Oocyte meiosis;Vascular smooth muscle contraction;Gap junction;GnRH signaling pathway;Progesterone-mediated oocyte maturation;Melanogenesis;Salivary secretion;Gastric acid secretion;Pancreatic secretion;Bile secretion;Dilated cardiomyopathy
Q9CRY9	Axon guidance
Q3U9D1	Lysosome
Q3TN55	Endocytosis
A0A7U3JW80	MAPK signaling pathway;Regulation of actin cytoskeleton;Pathways in cancer;Melanoma
Q6ZQ33	Endocytosis
Q7TMS4	Phagosome
Q3TWY0	Cell cycle;p53 signaling pathway;Wnt signaling pathway;Focal adhesion;Jak-STAT signaling pathway;Measles
Q8BSJ6	Ubiquitin mediated proteolysis;Endocytosis;Pathways in cancer;Acute myeloid leukemia
Q9CSE3	Ubiquitin mediated proteolysis;Endocytosis;TGF-beta signaling pathway
Q3TU24	Homologous recombination;Non-homologous end-joining
Q2XQV0	ECM-receptor interaction
A6H6I2	Olfactory transduction
Q9CUG0	Protein processing in endoplasmic reticulum
Q8C232	Endocrine and other factor-regulated calcium reabsorption
Q9CYN7	Ribosome biogenesis in eukaryotes
Q3UGQ1	MAPK signaling pathway;Cell cycle;p53 signaling pathway;Apoptosis;Wnt signaling pathway;Neurotrophin signaling pathway;Amyotrophic lateral sclerosis (ALS);Huntington's disease;Hepatitis C;Measles;Pathways in cancer;Colorectal cancer;Pancreatic cancer;Endometrial cancer;Glioma;Prostate cancer;Thyroid cancer;Basal cell carcinoma;Melanoma;Bladder cancer;Chronic myeloid leukemia;Small cell lung cancer;Non-small cell lung cancer
Q3TTW1	Cell cycle;Cell cycle - yeast;Meiosis - yeast;Oocyte meiosis;Ubiquitin mediated proteolysis;Progesterone-mediated oocyte maturation
Q3TNP6	Cytokine-cytokine receptor interaction;Neuroactive ligand-receptor interaction;Jak-STAT signaling pathway
Q543J0	Purine metabolism;Caffeine metabolism
Q3U425	RNA transport
Q8C8M3	Chemokine signaling pathway;Osteoclast differentiation;Toll-like receptor signaling pathway;Jak-STAT signaling pathway;Leishmaniasis;Toxoplasmosis;ko05152;Hepatitis C;Measles;Pathways in cancer;Pancreatic cancer
Q8CBS2	Purine metabolism
Q3U713	Glycerolipid metabolism
Q3V1B9	Purine metabolism;Pyrimidine metabolism;RNA polymerase
Q8R432	Glycosylphosphatidylinositol(GPI)-anchor biosynthesis
Q5D0A4	SNARE interactions in vesicular transport
Q8BVN1	Complement and coagulation cascades
Q3UTX5	Phagosome;ko05152;Measles
Q3TTY3	Cell adhesion molecules (CAMs)
Q3TER4	Wnt signaling pathway;Hedgehog signaling pathway;Melanogenesis;Pathways in cancer;Basal cell carcinoma
Q3UIV4	Cytokine-cytokine receptor interaction;Jak-STAT signaling pathway;Hematopoietic cell lineage
Q3V218	Pyrimidine metabolism;Drug metabolism - other enzymes
Q3U807	Glycerolipid metabolism
Q3UY17	Neuroactive ligand-receptor interaction;Long-term depression
Q8C5Q7	Inositol phosphate metabolism;ErbB signaling pathway;Chemokine signaling pathway;Phosphatidylinositol signaling system;mTOR signaling pathway;Apoptosis;VEGF signaling pathway;Osteoclast differentiation;Focal adhesion;Toll-like receptor signaling pathway;Jak-STAT signaling pathway;Natural killer cell mediated cytotoxicity;T cell receptor signaling pathway;B cell receptor signaling pathway;Fc epsilon RI signaling pathway;Fc gamma R-mediated phagocytosis;Leukocyte transendothelial migration;Neurotrophin signaling pathway;Regulation of actin cytoskeleton;Insulin signaling pathway;Progesterone-mediated oocyte maturation;Type II diabetes mellitus;Aldosterone-regulated sodium reabsorption;Carbohydrate digestion and absorption;Bacterial invasion of epithelial cells;Chagas disease (American trypanosomiasis);Toxoplasmosis;Amoebiasis;Hepatitis C;Measles;Pathways in cancer;Colorectal cancer;Renal cell carcinoma;Pancreatic cancer;Endometrial cancer;Glioma;Prostate cancer;Melanoma;Chronic myeloid leukemia;Acute myeloid leukemia;Small cell lung cancer;Non-small cell lung cancer
Q4KN89	Endocytosis;Phagosome;Cell adhesion molecules (CAMs);Antigen processing and presentation;Natural killer cell mediated cytotoxicity;Type I diabetes mellitus;Autoimmune thyroid disease;Allograft rejection;Graft-versus-host disease;Viral myocarditis
Q3TP84	ErbB signaling pathway
Q3UIB5	Retinol metabolism;Peroxisome
Q9CWA8	Glycerolipid metabolism;Glycerophospholipid metabolism;Fat digestion and absorption
Q9Z0Y6	Axon guidance
Q69ZY2	Apoptosis
Q9CTL0	Focal adhesion;ECM-receptor interaction;Protein digestion and absorption
Q3UBI5	Chemokine signaling pathway;Phagosome;Osteoclast differentiation;Fc gamma R-mediated phagocytosis;Leukocyte transendothelial migration;Leishmaniasis
Q8BV99	MAPK signaling pathway
Q8BZR7	Neuroactive ligand-receptor interaction
Q8BIX1	mRNA surveillance pathway;Cell cycle - yeast;Meiosis - yeast;Oocyte meiosis;Wnt signaling pathway;TGF-beta signaling pathway;Tight junction;Long-term depression;Chagas disease (American trypanosomiasis);Hepatitis C
A0A7U3L6A3	MAPK signaling pathway;Regulation of actin cytoskeleton;Pathways in cancer;Melanoma
Q69Z91	Glycolysis / Gluconeogenesis;Pyruvate metabolism;Propanoate metabolism;Methane metabolism;Carbon fixation pathways in prokaryotes
Q3UQK5	Wnt signaling pathway;Pathways in cancer;Colorectal cancer;Endometrial cancer;Basal cell carcinoma
Q8C590	Antigen processing and presentation;ko05152
Q8BR89	Vasopressin-regulated water reabsorption;Bile secretion
Q6P1B6	Selenocompound metabolism
Q3UJ16	Bile secretion
Q3UUT8	Inositol phosphate metabolism;Phosphatidylinositol signaling system;p53 signaling pathway;Focal adhesion;Tight junction;Pathways in cancer;Endometrial cancer;Glioma;Prostate cancer;Melanoma;Small cell lung cancer
Q3TRA1	Methane metabolism;Drug metabolism - cytochrome P450
Q7TS81	Apoptosis
Q3UQA3	Porphyrin and chlorophyll metabolism
Q3UGI1	Nicotinate and nicotinamide metabolism
Q2M4H5	Ubiquitin mediated proteolysis
B9EHJ9	Purine metabolism;Pyrimidine metabolism;DNA replication
Q8BYY5	Ribosome biogenesis in eukaryotes;RNA transport
Q3UPA9	Cytokine-cytokine receptor interaction;Endocytosis;Jak-STAT signaling pathway;Measles;Primary immunodeficiency
Q5DTP0	Focal adhesion;ECM-receptor interaction;Toxoplasmosis;Amoebiasis;Pathways in cancer;Small cell lung cancer
Q8C839	Spliceosome
Q3U6T2	Glycosphingolipid biosynthesis - globo series;Lysosome
Q0V930	Focal adhesion
Q5FW75	Focal adhesion;Adherens junction;Tight junction;Leukocyte transendothelial migration;Regulation of actin cytoskeleton;Amoebiasis;Systemic lupus erythematosus;Arrhythmogenic right ventricular cardiomyopathy (ARVC)
Q9CUY1	Protein processing in endoplasmic reticulum
Q3TTT1	Nitrogen metabolism
Q80WU3	Neuroactive ligand-receptor interaction
Q8BZS5	Cell adhesion molecules (CAMs);Tight junction;Leukocyte transendothelial migration;Hepatitis C
Q2NL45	Olfactory transduction
Q6NZN9	Selenocompound metabolism
Q8CHR4	SNARE interactions in vesicular transport;Vasopressin-regulated water reabsorption;Salivary secretion
Q6P3C1	Renin-angiotensin system
Q8BJT8	Neuroactive ligand-receptor interaction
A0A7U3L4H2	MAPK signaling pathway;Regulation of actin cytoskeleton;Pathways in cancer;Melanoma
Q3U5B1	RIG-I-like receptor signaling pathway;Cytosolic DNA-sensing pathway;Hepatitis C;Measles
Q9CRI3	Spliceosome
Q8C8R0	Circadian rhythm - mammal;Circadian rhythm - fly
Q3TTB4	Glycolysis / Gluconeogenesis;Fructose and mannose metabolism;Galactose metabolism;Starch and sucrose metabolism;Amino sugar and nucleotide sugar metabolism;Streptomycin biosynthesis;Butirosin and neomycin biosynthesis;Insulin signaling pathway;Type II diabetes mellitus;Carbohydrate digestion and absorption
Q3TSE5	Ubiquitin mediated proteolysis;Apoptosis;Focal adhesion;NOD-like receptor signaling pathway;Toxoplasmosis;Pathways in cancer;Small cell lung cancer
Q3UPG0	Lysosome
Q68FE3	MAPK signaling pathway
Q80U83	Protein processing in endoplasmic reticulum
Q71VC5	Cell adhesion molecules (CAMs);Prion diseases
Q3UFR4	Protein digestion and absorption
Q3UKT3	Arginine and proline metabolism
Q6ZQ32	Adherens junction
Q14AX9	Phagosome;ko05152
Q3V3N5	Ribosome biogenesis in eukaryotes
Q3TMT1	Cell cycle;Notch signaling pathway;Huntington's disease;Pathways in cancer;Chronic myeloid leukemia
Q8C4Z5	Cell cycle - Caulobacter
Q6PEE8	Focal adhesion;ECM-receptor interaction;Cell adhesion molecules (CAMs);Hematopoietic cell lineage;Regulation of actin cytoskeleton;Toxoplasmosis;Pathways in cancer;Small cell lung cancer;Hypertrophic cardiomyopathy (HCM);Arrhythmogenic right ventricular cardiomyopathy (ARVC);Dilated cardiomyopathy
Q3UQ03	Axon guidance
Q8CBU4	Leukocyte transendothelial migration;Regulation of actin cytoskeleton;Gastric acid secretion;Pathogenic Escherichia coli infection
Q8CB46	MAPK signaling pathway;ErbB signaling pathway;Vascular smooth muscle contraction;VEGF signaling pathway;Gap junction;Toll-like receptor signaling pathway;Natural killer cell mediated cytotoxicity;T cell receptor signaling pathway;B cell receptor signaling pathway;Fc epsilon RI signaling pathway;Long-term potentiation;Neurotrophin signaling pathway;Long-term depression;Regulation of actin cytoskeleton;Insulin signaling pathway;GnRH signaling pathway;Melanogenesis;Prion diseases;Pathways in cancer;Renal cell carcinoma;Endometrial cancer;Glioma;Prostate cancer;Thyroid cancer;Melanoma;Bladder cancer;Chronic myeloid leukemia;Acute myeloid leukemia;Non-small cell lung cancer
A0A077S2U6	Salivary secretion
Q7TPS4	Salivary secretion;Gastric acid secretion;Pancreatic secretion;Bile secretion
Q3TSI5	Ubiquitin mediated proteolysis
Q8BNP8	Arachidonic acid metabolism
Q3UW57	Phagosome;ko05152;Measles
Q3TRQ9	MAPK signaling pathway;Cytokine-cytokine receptor interaction;Cell cycle;Endocytosis;TGF-beta signaling pathway;Leishmaniasis;Chagas disease (American trypanosomiasis);Malaria;Toxoplasmosis;Amoebiasis;ko05152;Pathways in cancer;Colorectal cancer;Renal cell carcinoma;Pancreatic cancer;Chronic myeloid leukemia;Rheumatoid arthritis;Hypertrophic cardiomyopathy (HCM);Dilated cardiomyopathy
Q2KHL0	Arachidonic acid metabolism
B2RQ97	Olfactory transduction
Q3TZ05	Focal adhesion;ECM-receptor interaction;Toxoplasmosis;Amoebiasis;Pathways in cancer;Small cell lung cancer
Q6P8R3	Cytokine-cytokine receptor interaction;Chemokine signaling pathway
Q7TQC3	Focal adhesion;ECM-receptor interaction;Regulation of actin cytoskeleton;Hypertrophic cardiomyopathy (HCM);Arrhythmogenic right ventricular cardiomyopathy (ARVC);Dilated cardiomyopathy
Q3V3B4	Hematopoietic cell lineage;T cell receptor signaling pathway;Chagas disease (American trypanosomiasis);Measles;Primary immunodeficiency
Q3UIT9	Proteasome
Q3UQN3	Nucleotide excision repair;Protein processing in endoplasmic reticulum
Q8C2W7	RNA degradation
Q3UV52	Ubiquitin mediated proteolysis;Endocytosis
Q3V021	One carbon pool by folate;Aminoacyl-tRNA biosynthesis
Q91Z68	Axon guidance
Q3UUB1	Tight junction;Viral myocarditis
Q9DCY6	Glutathione metabolism;Metabolism of xenobiotics by cytochrome P450;Drug metabolism - cytochrome P450
Q3UVG4	Calcium signaling pathway;Neuroactive ligand-receptor interaction
A0A1U9W1A8	Malaria
Q8CB26	ErbB signaling pathway;Chemokine signaling pathway;Focal adhesion;Natural killer cell mediated cytotoxicity;Neurotrophin signaling pathway;Insulin signaling pathway;Bacterial invasion of epithelial cells;Glioma;Chronic myeloid leukemia
Q3TN93	Protein processing in endoplasmic reticulum
Q148T5	Focal adhesion;ECM-receptor interaction
Q6NZC0	Alzheimer's disease;Epithelial cell signaling in Helicobacter pylori infection
Q60835	Calcium signaling pathway;Cardiac muscle contraction;Pancreatic secretion;Hypertrophic cardiomyopathy (HCM);Arrhythmogenic right ventricular cardiomyopathy (ARVC);Dilated cardiomyopathy
Q3TRF1	Vasopressin-regulated water reabsorption;Huntington's disease
B2RX06	Axon guidance
Q3UE40	Vascular smooth muscle contraction;Long-term depression;Regulation of actin cytoskeleton
Q3V0X4	Alanine, aspartate and glutamate metabolism;Amino sugar and nucleotide sugar metabolism
Q8BKI7	Hedgehog signaling pathway;Pathways in cancer;Basal cell carcinoma
Q78V97	Endocytosis
Q7TPN6	Tight junction
Q7TPQ0	N-Glycan biosynthesis;Various types of N-glycan biosynthesis
Q9CX36	Glycosaminoglycan degradation;Lysosome
Q8K1A4	mRNA surveillance pathway
D2KHZ9	Glycolysis / Gluconeogenesis;Alzheimer's disease
Q27YN9	MAPK signaling pathway;Calcium signaling pathway;Type II diabetes mellitus
Q3UDX4	Spliceosome
Q8BYF1	Notch signaling pathway
A3KMG9	Fat digestion and absorption
Q3UR71	Cell cycle;Cell cycle - yeast;Meiosis - yeast
Q9CZU5	Aminoacyl-tRNA biosynthesis
Q3TRA2	Glycosaminoglycan biosynthesis - chondroitin sulfate
Q3UEU6	Nucleotide excision repair
Q3UE59	PPAR signaling pathway
Q8C1K3	Jak-STAT signaling pathway;Insulin signaling pathway;Type II diabetes mellitus
Q8C3M7	Calcium signaling pathway;Chagas disease (American trypanosomiasis);Amoebiasis
A0A1R3UDC2	Endocrine and other factor-regulated calcium reabsorption
Q3UZS1	mRNA surveillance pathway
Q3TRK8	Cytokine-cytokine receptor interaction;Jak-STAT signaling pathway
Q8BIE9	Neuroactive ligand-receptor interaction
Q8R1V7	mRNA surveillance pathway
Q3UXE6	Cytokine-cytokine receptor interaction;Hedgehog signaling pathway;TGF-beta signaling pathway
Q3TJ95	Lysosome;Endocytosis;Endocrine and other factor-regulated calcium reabsorption;Huntington's disease;Bacterial invasion of epithelial cells
Q3TWE8	Purine metabolism;Pyrimidine metabolism;RNA polymerase;Cytosolic DNA-sensing pathway
Q8BYJ1	Cell cycle;Cell cycle - yeast;Meiosis - yeast;Oocyte meiosis;Ubiquitin mediated proteolysis;Progesterone-mediated oocyte maturation
Q3TSF8	Histidine metabolism;beta-Alanine metabolism
Q3TVI3	Parkinson's disease
Q8CC01	Calcium signaling pathway;Neuroactive ligand-receptor interaction
Q0R0H6	Glycosphingolipid biosynthesis - globo series
Q3UE54	MAPK signaling pathway;Phagosome;Toll-like receptor signaling pathway;Hematopoietic cell lineage;Regulation of actin cytoskeleton;Pathogenic Escherichia coli infection;Amoebiasis;ko05152
Q3UF16	Arginine and proline metabolism
Q6XL48	Pentose and glucuronate interconversions;Ascorbate and aldarate metabolism;Steroid hormone biosynthesis;Starch and sucrose metabolism;Other types of O-glycan biosynthesis;Retinol metabolism;Porphyrin and chlorophyll metabolism;Metabolism of xenobiotics by cytochrome P450;Drug metabolism - cytochrome P450;Drug metabolism - other enzymes
Q3UPW7	ECM-receptor interaction
Q8CDQ5	Glutathione metabolism;Arachidonic acid metabolism
Q8BJJ2	Aminoacyl-tRNA biosynthesis
Q8BRW3	Cytokine-cytokine receptor interaction;Hedgehog signaling pathway;TGF-beta signaling pathway
Q8CBL3	Endocytosis;Tight junction
Q3UIK3	Protein export
Q9D7K8	Axon guidance
Q32ME6	Circadian rhythm - mammal
Q80XL8	Olfactory transduction;Phototransduction
Q8BQ28	ErbB signaling pathway;T cell receptor signaling pathway;Pathogenic Escherichia coli infection
Q8BN01	Glycerolipid metabolism;Glycerophospholipid metabolism
Q3UHZ3	Cysteine and methionine metabolism
Q8BLP9	Neuroactive ligand-receptor interaction
Q3TYK1	Protein processing in endoplasmic reticulum
Q8BTF1	Wnt signaling pathway
Q8BVW8	MAPK signaling pathway - fly;Dorso-ventral axis formation
Q80TM2	Focal adhesion
Q3UR67	Endocytosis
Q3UG32	Regulation of actin cytoskeleton
Q3UJ53	Glycine, serine and threonine metabolism;Arginine and proline metabolism;Histidine metabolism;Tyrosine metabolism;Phenylalanine metabolism;Tryptophan metabolism;Isoquinoline alkaloid biosynthesis;Drug metabolism - cytochrome P450
Q8CFQ7	Neuroactive ligand-receptor interaction
Q547B4	Purine metabolism;Pyrimidine metabolism;DNA replication;Base excision repair;Nucleotide excision repair;Mismatch repair;Homologous recombination
Q3UM38	Galactose metabolism;Glycerolipid metabolism;Sphingolipid metabolism;Glycosphingolipid biosynthesis - globo series;Lysosome
Q8CA06	Tight junction;Bacterial invasion of epithelial cells;Pathogenic Escherichia coli infection;Shigellosis
Q6ZPU1	Pathways in cancer;Colorectal cancer;Pancreatic cancer
Q3USI2	Focal adhesion;ECM-receptor interaction;Toxoplasmosis;Amoebiasis;Pathways in cancer;Small cell lung cancer
Q8BZV1	Calcium signaling pathway;Neuroactive ligand-receptor interaction;Vascular smooth muscle contraction;Salivary secretion
Q3U1Q4	MAPK signaling pathway;ErbB signaling pathway;MAPK signaling pathway - fly;Chemokine signaling pathway;Dorso-ventral axis formation;Osteoclast differentiation;Focal adhesion;Gap junction;Jak-STAT signaling pathway;Natural killer cell mediated cytotoxicity;T cell receptor signaling pathway;B cell receptor signaling pathway;Fc epsilon RI signaling pathway;Neurotrophin signaling pathway;Insulin signaling pathway;GnRH signaling pathway;Hepatitis C;Pathways in cancer;Renal cell carcinoma;Endometrial cancer;Glioma;Prostate cancer;Chronic myeloid leukemia;Acute myeloid leukemia;Non-small cell lung cancer
Q6AXH0	Glycerophospholipid metabolism;Ether lipid metabolism;Arachidonic acid metabolism;Linoleic acid metabolism;alpha-Linolenic acid metabolism;MAPK signaling pathway;Vascular smooth muscle contraction;VEGF signaling pathway;Fc epsilon RI signaling pathway;Long-term depression;GnRH signaling pathway;Pancreatic secretion;Fat digestion and absorption;Toxoplasmosis
Q5U3M2	Spliceosome
Q62342	Olfactory transduction
Q8BVC8	Tight junction
Q3KNE0	Antigen processing and presentation;Toxoplasmosis;ko05152;Primary immunodeficiency
D7F2B6	Natural killer cell mediated cytotoxicity
Q3TY04	Apoptosis;Insulin signaling pathway
Q3TPD2	Regulation of actin cytoskeleton
A0A1R3UCH6	Endocrine and other factor-regulated calcium reabsorption
A0PK66	Olfactory transduction
Q3TMT4	Glycolysis / Gluconeogenesis;Ascorbate and aldarate metabolism;Fatty acid metabolism;Valine, leucine and isoleucine degradation;Lysine degradation;Arginine and proline metabolism;Histidine metabolism;Tryptophan metabolism;beta-Alanine metabolism;Glycerolipid metabolism;Pyruvate metabolism;Propanoate metabolism
Q3TUD0	Purine metabolism
Q6PDI9	Cytokine-cytokine receptor interaction;Jak-STAT signaling pathway
Q3U8X1	RNA transport
Q80WD6	Olfactory transduction
Q8C399	MAPK signaling pathway;Regulation of actin cytoskeleton;Pathways in cancer;Melanoma
Q9WUT2	MAPK signaling pathway;Calcium signaling pathway;Type II diabetes mellitus
Q8BSQ4	Protein digestion and absorption
Q3UFJ0	Rheumatoid arthritis
Q8BN07	mRNA surveillance pathway;Cell cycle - yeast;Meiosis - yeast;Oocyte meiosis;Wnt signaling pathway;TGF-beta signaling pathway;Tight junction;Long-term depression;Chagas disease (American trypanosomiasis);Hepatitis C
A0A7U3JW97	MAPK signaling pathway;Regulation of actin cytoskeleton;Pathways in cancer;Melanoma
Q3UEG0	RNA degradation
Q497K3	Spliceosome
Q3UL29	B cell receptor signaling pathway
Q3UB18	MAPK signaling pathway;Phagosome;Toll-like receptor signaling pathway;Hematopoietic cell lineage;Regulation of actin cytoskeleton;Pathogenic Escherichia coli infection;Amoebiasis;ko05152
A0PK62	Olfactory transduction
Q80TQ3	Amyotrophic lateral sclerosis (ALS)
A0A7U3L6F4	MAPK signaling pathway;Regulation of actin cytoskeleton;Pathways in cancer;Melanoma
Q7TPW4	Aminobenzoate degradation;Folate biosynthesis;Two-component system
Q9CZS8	Axon guidance
Q3TYN1	Complement and coagulation cascades;Staphylococcus aureus infection;Systemic lupus erythematosus
A7VJD3	Neuroactive ligand-receptor interaction
Q8C3F4	Jak-STAT signaling pathway
A0A7U3L5J2	MAPK signaling pathway;Regulation of actin cytoskeleton;Pathways in cancer;Melanoma
Q3UKP0	Salivary secretion;Gastric acid secretion;Pancreatic secretion;Bile secretion
Q3V405	MAPK signaling pathway;Protein processing in endoplasmic reticulum
Q3UPA8	Calcium signaling pathway;Salivary secretion;Pancreatic secretion
Q3UIV8	Pathways in cancer;Bladder cancer;Non-small cell lung cancer
Q3UPW0	Inositol phosphate metabolism;Calcium signaling pathway;Chemokine signaling pathway;Phosphatidylinositol signaling system;Vascular smooth muscle contraction;Wnt signaling pathway;Gap junction;Long-term potentiation;Long-term depression;Phototransduction - fly;GnRH signaling pathway;Melanogenesis;Endocrine and other factor-regulated calcium reabsorption;Salivary secretion;Gastric acid secretion;Pancreatic secretion;Alzheimer's disease;Huntington's disease;Chagas disease (American trypanosomiasis);African trypanosomiasis;Amoebiasis
Q8CCL8	Focal adhesion;Leukocyte transendothelial migration;Regulation of actin cytoskeleton
Q3TRH1	RNA transport
Q3UDN4	Oxidative phosphorylation;Porphyrin and chlorophyll metabolism
Q8CDZ5	RNA transport
Q3UV64	Nucleotide excision repair
Q8BSZ5	Lysosome;Phagosome;Antigen processing and presentation;ko05152
Q8C9Z1	Focal adhesion;ECM-receptor interaction
Q85ZX2	Endocytosis;Phagosome;Cell adhesion molecules (CAMs);Antigen processing and presentation;Natural killer cell mediated cytotoxicity;Type I diabetes mellitus;Autoimmune thyroid disease;Allograft rejection;Graft-versus-host disease;Viral myocarditis
Q3TRK1	Cytokine-cytokine receptor interaction;Chemokine signaling pathway
Q05CI8	Tryptophan metabolism;Selenocompound metabolism
Q3UZN1	Riboflavin metabolism
Q3TZ29	Collecting duct acid secretion
Q5FW80	Pentose and glucuronate interconversions;Ascorbate and aldarate metabolism;Steroid hormone biosynthesis;Starch and sucrose metabolism;Other types of O-glycan biosynthesis;Retinol metabolism;Porphyrin and chlorophyll metabolism;Metabolism of xenobiotics by cytochrome P450;Drug metabolism - cytochrome P450;Drug metabolism - other enzymes
A6H6I6	Olfactory transduction
Q3UEI4	Glycolysis / Gluconeogenesis;Purine metabolism;Pyruvate metabolism;Insulin signaling pathway;Type II diabetes mellitus;Maturity onset diabetes of the young
Q5F2E4	Arachidonic acid metabolism
Q7TS21	Olfactory transduction
Q0VFY9	Taste transduction
Q8C1E4	Protein processing in endoplasmic reticulum
Q32MF7	Calcium signaling pathway;Neuroactive ligand-receptor interaction;Vascular smooth muscle contraction;Renin-angiotensin system
Q6P5P1	Hematopoietic cell lineage;T cell receptor signaling pathway;Chagas disease (American trypanosomiasis);Measles;Primary immunodeficiency
Q8BPA0	Phagosome;Cell adhesion molecules (CAMs);Antigen processing and presentation;Intestinal immune network for IgA production;Type I diabetes mellitus;Leishmaniasis;Toxoplasmosis;Staphylococcus aureus infection;ko05152;Asthma;Autoimmune thyroid disease;Systemic lupus erythematosus;Rheumatoid arthritis;Allograft rejection;Graft-versus-host disease;Viral myocarditis
Q3UVZ8	Focal adhesion;Leukocyte transendothelial migration;Regulation of actin cytoskeleton
Q6PAR4	Cell cycle;TGF-beta signaling pathway
Q5R252	Hedgehog signaling pathway;Pathways in cancer;Basal cell carcinoma
Q3UTM4	Glycosaminoglycan biosynthesis - heparan sulfate
Q3TXT5	Oxidative phosphorylation;Lysosome;Phagosome;Collecting duct acid secretion;Vibrio cholerae infection;Epithelial cell signaling in Helicobacter pylori infection;ko05152;Rheumatoid arthritis
Q3UT27	ABC transporters
B2RU64	Wnt signaling pathway
Q3TJ66	Glycolysis / Gluconeogenesis;Pentose phosphate pathway;Fructose and mannose metabolism;Carbon fixation in photosynthetic organisms
Q9ESQ1	Focal adhesion;ECM-receptor interaction;Protein digestion and absorption;Amoebiasis;Pathways in cancer;Small cell lung cancer
Q3TX84	Lysosome;Phagosome;ko05152
Q8C3F5	Circadian rhythm - mammal
Q9D7V6	Ribosome biogenesis in eukaryotes
Q3TW41	Circadian rhythm - mammal;Circadian rhythm - fly
Q8CC13	Lysosome
Q3UNB9	Mineral absorption
Q9CVF2	Purine metabolism;Caffeine metabolism;Drug metabolism - other enzymes;Peroxisome
Q3TU48	Neuroactive ligand-receptor interaction
A0A1R3UDS6	Endocrine and other factor-regulated calcium reabsorption
Q8CE84	Focal adhesion;ECM-receptor interaction;Regulation of actin cytoskeleton;Hypertrophic cardiomyopathy (HCM);Arrhythmogenic right ventricular cardiomyopathy (ARVC);Dilated cardiomyopathy
Q3UU15	Purine metabolism;Calcium signaling pathway;Chemokine signaling pathway;Oocyte meiosis;Vascular smooth muscle contraction;Gap junction;GnRH signaling pathway;Progesterone-mediated oocyte maturation;Melanogenesis;Salivary secretion;Gastric acid secretion;Pancreatic secretion;Bile secretion;Dilated cardiomyopathy
Q8CBT3	MAPK signaling pathway;Chemokine signaling pathway;Apoptosis;Osteoclast differentiation;Toll-like receptor signaling pathway;NOD-like receptor signaling pathway;RIG-I-like receptor signaling pathway;Cytosolic DNA-sensing pathway;T cell receptor signaling pathway;B cell receptor signaling pathway;Adipocytokine signaling pathway;Epithelial cell signaling in Helicobacter pylori infection;Shigellosis;Chagas disease (American trypanosomiasis);Toxoplasmosis;Hepatitis C;Measles;Pathways in cancer;Pancreatic cancer;Prostate cancer;Chronic myeloid leukemia;Acute myeloid leukemia;Small cell lung cancer
Q570Z0	Spliceosome
Q8BUX6	Regulation of autophagy;mTOR signaling pathway;Insulin signaling pathway;Adipocytokine signaling pathway;Hypertrophic cardiomyopathy (HCM)
Q3TQS6	MAPK signaling pathway;ErbB signaling pathway;MAPK signaling pathway - fly;Calcium signaling pathway;Cytokine-cytokine receptor interaction;Endocytosis;Dorso-ventral axis formation;Focal adhesion;Adherens junction;Gap junction;Regulation of actin cytoskeleton;GnRH signaling pathway;Epithelial cell signaling in Helicobacter pylori infection;Hepatitis C;Pathways in cancer;Pancreatic cancer;Endometrial cancer;Glioma;Prostate cancer;Melanoma;Bladder cancer;Non-small cell lung cancer
Q3UZI9	SNARE interactions in vesicular transport
Q3UER0	Complement and coagulation cascades
Q3UVY8	RNA transport
Q8CAT6	Prion diseases
Q0VAZ7	Olfactory transduction
Q3TEL5	Steroid biosynthesis;Lysosome
Q3UXB2	Cytokine-cytokine receptor interaction;Hedgehog signaling pathway;TGF-beta signaling pathway
Q3U8I4	Mucin type O-Glycan biosynthesis
Q3UNW8	Antigen processing and presentation;Toxoplasmosis;ko05152;Primary immunodeficiency
Q3U7V7	Regulation of actin cytoskeleton;Shigellosis
Q3UTF0	Arachidonic acid metabolism
Q8BNM4	Cytokine-cytokine receptor interaction;Jak-STAT signaling pathway
Q6NZB9	Steroid hormone biosynthesis;Aldosterone-regulated sodium reabsorption
Q80VZ0	Cytokine-cytokine receptor interaction;Hedgehog signaling pathway;TGF-beta signaling pathway
Q3TN69	Focal adhesion
Q8VGD2	Olfactory transduction
Q3UZG3	Spliceosome
Q3V3X2	Cell adhesion molecules (CAMs);T cell receptor signaling pathway;Intestinal immune network for IgA production;Primary immunodeficiency
Q571A8	Leukocyte transendothelial migration
Q8BQ25	Focal adhesion;ECM-receptor interaction;Cell adhesion molecules (CAMs);Hematopoietic cell lineage;Leukocyte transendothelial migration;Intestinal immune network for IgA production;Regulation of actin cytoskeleton;Leishmaniasis;Hypertrophic cardiomyopathy (HCM);Arrhythmogenic right ventricular cardiomyopathy (ARVC);Dilated cardiomyopathy
Q3TM37	Spliceosome;Notch signaling pathway
Q3UEH4	Glycolysis / Gluconeogenesis;Purine metabolism;Pyruvate metabolism;Insulin signaling pathway;Type II diabetes mellitus;Maturity onset diabetes of the young
Q3V014	Endocytosis;Phagosome;Cell adhesion molecules (CAMs);Antigen processing and presentation;Natural killer cell mediated cytotoxicity;Type I diabetes mellitus;Autoimmune thyroid disease;Allograft rejection;Graft-versus-host disease;Viral myocarditis
Q6ZQ45	RNA transport
Q7TS27	Olfactory transduction
Q3UHI3	Purine metabolism;Pyrimidine metabolism;RNA polymerase
Q3ULS2	Cell cycle - yeast
Q8C2Y9	Spliceosome
Q3UDS1	mRNA surveillance pathway
A0A1U9W192	Malaria
Q4VA56	Calcium signaling pathway;Neuroactive ligand-receptor interaction;Gap junction;Long-term potentiation;Long-term depression;Huntington's disease
Q8CGG9	Axon guidance
Q3V3W1	RNA transport
Q9CV75	Spliceosome;Notch signaling pathway
Q9CT83	Protein digestion and absorption
Q3U6T4	Calcium signaling pathway;Pancreatic secretion;Alzheimer's disease
Q3UEG1	Wnt signaling pathway;Melanogenesis;Pathways in cancer;Basal cell carcinoma
Q6IS27	Vitamin B6 metabolism
Q3UHL7	Focal adhesion;ECM-receptor interaction;Toxoplasmosis;Amoebiasis;Pathways in cancer;Small cell lung cancer
Q3TQ07	Lysosome
Q9CTX0	Phagosome;Complement and coagulation cascades;Staphylococcus aureus infection;Systemic lupus erythematosus
Q80UI8	RNA transport;mRNA surveillance pathway
Q9D2D1	Lysosome;Renin-angiotensin system
Q8CDB3	Cell adhesion molecules (CAMs);T cell receptor signaling pathway;Intestinal immune network for IgA production;Type I diabetes mellitus;Measles;Autoimmune thyroid disease;Systemic lupus erythematosus;Rheumatoid arthritis;Allograft rejection;Graft-versus-host disease;Viral myocarditis
Q8BMJ5	Neuroactive ligand-receptor interaction
Q3UFS6	Citrate cycle (TCA cycle);Pyruvate metabolism
Q3UJ12	Steroid hormone biosynthesis
Q3KNN8	Phagosome;ko05152;Measles
Q9CTU3	ABC transporters
Q3UVC6	TGF-beta signaling pathway
Q8C5N1	Cytokine-cytokine receptor interaction;Neuroactive ligand-receptor interaction;Jak-STAT signaling pathway
Q9CTB2	Thiamine metabolism;Sulfur relay system
Q3UZK0	Glycerophospholipid metabolism
Q3UQ71	Arachidonic acid metabolism;Chloroalkane and chloroalkene degradation;Peroxisome
G3UZI0	Malaria
Q3TPN9	MAPK signaling pathway;Chemokine signaling pathway;Apoptosis;Osteoclast differentiation;Toll-like receptor signaling pathway;NOD-like receptor signaling pathway;RIG-I-like receptor signaling pathway;Cytosolic DNA-sensing pathway;T cell receptor signaling pathway;B cell receptor signaling pathway;Adipocytokine signaling pathway;Epithelial cell signaling in Helicobacter pylori infection;Shigellosis;Chagas disease (American trypanosomiasis);Toxoplasmosis;Hepatitis C;Measles;Pathways in cancer;Pancreatic cancer;Prostate cancer;Chronic myeloid leukemia;Acute myeloid leukemia;Small cell lung cancer
Q80XJ5	Cell adhesion molecules (CAMs);Adherens junction
Q9CSI4	Valine, leucine and isoleucine degradation;Glyoxylate and dicarboxylate metabolism;Propanoate metabolism;Carbon fixation pathways in prokaryotes
Q8C4L1	N-Glycan biosynthesis;Various types of N-glycan biosynthesis
A0JNY7	RNA transport;Viral myocarditis
Q8C6N4	Antigen processing and presentation
Q8CGT0	NOD-like receptor signaling pathway
Q8BNT7	Calcium signaling pathway;Neuroactive ligand-receptor interaction
Q9CTH9	Systemic lupus erythematosus
Q3TNP1	Ubiquitin mediated proteolysis
Q8CC60	Glutathione metabolism;Arachidonic acid metabolism
Q3TGI0	Base excision repair
Q8BQL3	Lysosome
Q8CB47	Phagosome;ko05152
Q8BP66	Apoptosis
Q4JG03	Ubiquitin mediated proteolysis
Q69ZW4	Endocytosis;Endocrine and other factor-regulated calcium reabsorption;Huntington's disease
Q3UPT6	mRNA surveillance pathway
Q860W5	Endocytosis;Phagosome;Cell adhesion molecules (CAMs);Antigen processing and presentation;Natural killer cell mediated cytotoxicity;Type I diabetes mellitus;Autoimmune thyroid disease;Allograft rejection;Graft-versus-host disease;Viral myocarditis
Q8CE60	Histidine metabolism;Nitrogen metabolism
Q3UST0	Focal adhesion;ECM-receptor interaction;Protein digestion and absorption;Amoebiasis
Q3TSQ7	Alanine, aspartate and glutamate metabolism;Arginine and proline metabolism;D-Glutamine and D-glutamate metabolism;Nitrogen metabolism;Proximal tubule bicarbonate reclamation
Q3TZP5	Axon guidance;Pathways in cancer;Colorectal cancer
Q1A6V1	Inositol phosphate metabolism;Phosphatidylinositol signaling system
Q7TR97	Olfactory transduction
Q8CF69	MAPK signaling pathway;Protein processing in endoplasmic reticulum;Long-term potentiation;Neurotrophin signaling pathway;GnRH signaling pathway;Prostate cancer
Q3TZB2	Cytokine-cytokine receptor interaction;Hedgehog signaling pathway;TGF-beta signaling pathway
Q3UR87	p53 signaling pathway
Q8BU69	Calcium signaling pathway;Neuroactive ligand-receptor interaction;Vascular smooth muscle contraction;Renin-angiotensin system
Q3KPC8	Olfactory transduction
Q3TRN7	Malaria
Q3TY78	Calcium signaling pathway;Olfactory transduction;Chagas disease (American trypanosomiasis);Amoebiasis
Q3V3W9	MAPK signaling pathway;Chemokine signaling pathway;Focal adhesion;Leukocyte transendothelial migration;Long-term potentiation;Neurotrophin signaling pathway;Pancreatic secretion;Renal cell carcinoma
A0A1R3UHM9	Endocrine and other factor-regulated calcium reabsorption
Q8C6V9	Lysosome
Q6P8Y9	Chemokine signaling pathway
Q3U7U8	MAPK signaling pathway;Chemokine signaling pathway;Focal adhesion;Leukocyte transendothelial migration;Long-term potentiation;Neurotrophin signaling pathway;Pancreatic secretion;Renal cell carcinoma
Q3TG40	p53 signaling pathway
Q31208	Endocytosis;Phagosome;Cell adhesion molecules (CAMs);Antigen processing and presentation;Natural killer cell mediated cytotoxicity;Type I diabetes mellitus;Autoimmune thyroid disease;Allograft rejection;Graft-versus-host disease;Viral myocarditis
Q8BUM2	Endocytosis
Q3UNC6	Primary bile acid biosynthesis;PPAR signaling pathway;Bile secretion
Q3UI20;A2AEP8	Steroid hormone biosynthesis
Q3URR4	Glycosaminoglycan degradation;Lysosome
Q3UWB9	Pentose and glucuronate interconversions;Ascorbate and aldarate metabolism;Steroid hormone biosynthesis;Starch and sucrose metabolism;Other types of O-glycan biosynthesis;Retinol metabolism;Porphyrin and chlorophyll metabolism;Metabolism of xenobiotics by cytochrome P450;Drug metabolism - cytochrome P450;Drug metabolism - other enzymes
Q7TPU0	Steroid hormone biosynthesis
Q8BSQ5	Purine metabolism;Pyrimidine metabolism;Lysosome
P79567	Endocytosis;Phagosome;Cell adhesion molecules (CAMs);Antigen processing and presentation;Natural killer cell mediated cytotoxicity;Type I diabetes mellitus;Autoimmune thyroid disease;Allograft rejection;Graft-versus-host disease;Viral myocarditis
Q7TPY0	Basal transcription factors;Nucleotide excision repair
Q8C108	Purine metabolism;Pyrimidine metabolism;RNA polymerase;Cytosolic DNA-sensing pathway
Q3UCS6	Nicotinate and nicotinamide metabolism;Calcium signaling pathway;Salivary secretion;Pancreatic secretion
Q80TY9	Purine metabolism;Calcium signaling pathway;Chemokine signaling pathway;Oocyte meiosis;Vascular smooth muscle contraction;Gap junction;Olfactory transduction;GnRH signaling pathway;Progesterone-mediated oocyte maturation;Melanogenesis;Vasopressin-regulated water reabsorption;Salivary secretion;Gastric acid secretion;Pancreatic secretion;Bile secretion;Vibrio cholerae infection;Dilated cardiomyopathy
Q8C9L7	Bacterial invasion of epithelial cells
Q3UUT9	RNA transport;Spliceosome
Q3TYX7	Hedgehog signaling pathway;Pathways in cancer;Basal cell carcinoma
Q8CCY8	RNA transport;Spliceosome
Q3UYC3	MAPK signaling pathway
Q3UNG1	Spliceosome
Q4VAF0	Pyruvate metabolism;Aminobenzoate degradation
Q8CEU3	Hematopoietic cell lineage
Q9CZ08	Glycine, serine and threonine metabolism
Q3UNA7	Glutathione metabolism
Q6PDG0	RNA transport
Q3TJP4	Chemokine signaling pathway;Focal adhesion;Leukocyte transendothelial migration;Regulation of actin cytoskeleton;Bacterial invasion of epithelial cells
Q7TPV0	Basal transcription factors;Nucleotide excision repair
Q3UM46	RNA transport
Q8K086	Vascular smooth muscle contraction;Long-term depression;Regulation of actin cytoskeleton
Q3UQ25	Purine metabolism;Insulin signaling pathway;Progesterone-mediated oocyte maturation
Q3TTU1	Cytokine-cytokine receptor interaction
Q3UCI0	Glycosaminoglycan biosynthesis - chondroitin sulfate;Glycosaminoglycan biosynthesis - heparan sulfate
Q6PFZ6	Ribosome biogenesis in eukaryotes
Q3UGS3	Base excision repair
Q3V1N7	Glycolysis / Gluconeogenesis;Ascorbate and aldarate metabolism;Fatty acid metabolism;Valine, leucine and isoleucine degradation;Lysine degradation;Arginine and proline metabolism;Histidine metabolism;Tryptophan metabolism;beta-Alanine metabolism;Glycerolipid metabolism;Pyruvate metabolism;Propanoate metabolism
A4FU75	Phototransduction - fly
Q3TQB0	Hedgehog signaling pathway;Pathways in cancer;Basal cell carcinoma
Q3TV73	MAPK signaling pathway;Wnt signaling pathway;Adherens junction
Q7TN25	Spliceosome
Q3UU71	Cytokine-cytokine receptor interaction;TGF-beta signaling pathway
Q8BQF0	RNA transport
Q6NZQ3	Spliceosome
Q3UT56	Basal transcription factors
Q3V2A6	Cytokine-cytokine receptor interaction;TGF-beta signaling pathway
Q8C4N2	Gap junction;Arrhythmogenic right ventricular cardiomyopathy (ARVC)
Q4FK56	Taurine and hypotaurine metabolism;Cyanoamino acid metabolism;Glutathione metabolism;Arachidonic acid metabolism
